query,page,clicks,impressions,ctr,position
num num bakery,https://numnumsbakery.com.au/,194,991,19.58,1.8
numnum bakery,https://numnumsbakery.com.au/,67,209,32.06,1.3
num nums bakery,https://numnumsbakery.com.au/,61,351,17.38,1.6
num num bakery riverstone,https://numnumsbakery.com.au/,50,260,19.23,1.0
eggless cake near me,https://numnumsbakery.com.au/blog/best-eggless-cake-shops-sydney-2026,27,1358,1.99,7.2
cake shop near me,https://numnumsbakery.com.au/,26,858,3.03,7.0
num num bakery harris park,https://numnumsbakery.com.au/,26,136,19.12,1.1
numnums bakery,https://numnumsbakery.com.au/,26,121,21.49,1.8
num num riverstone,https://numnumsbakery.com.au/,22,159,13.84,1.0
eggless cake near me,https://numnumsbakery.com.au/,20,467,4.28,16.7
eggless cake near me,https://numnumsbakery.com.au/blog/eggless-cake-bakery-harris-park-riverstone-sydney,19,1240,1.53,7.4
num nums bakery harris park,https://numnumsbakery.com.au/,15,82,18.29,1.1
nums nums bakery,https://numnumsbakery.com.au/,15,51,29.41,1.4
num num harris park,https://numnumsbakery.com.au/,14,116,12.07,1.0
num nums bakery riverstone menu,https://numnumsbakery.com.au/,14,74,18.92,2.6
eggless cake sydney,https://numnumsbakery.com.au/blog/best-eggless-cake-shops-sydney-2026,13,386,3.37,7.3
eggless cake near me,https://numnumsbakery.com.au/blog/eggless-cakes-schofields,12,147,8.16,6.5
num num bakery,https://numnumsbakery.com.au/order,12,873,1.37,1.9
eggless cake sydney,https://numnumsbakery.com.au/blog/eggless-cake-bakery-harris-park-riverstone-sydney,11,263,4.18,11.5
num num cakes,https://numnumsbakery.com.au/,11,52,21.15,1.5
num nums bakery riverstone,https://numnumsbakery.com.au/,10,74,13.51,1.2
photo cake sydney,https://numnumsbakery.com.au/blog/photo-cake-sydney,10,72,13.89,4.4
nom nom bakery,https://numnumsbakery.com.au/,9,269,3.35,5.7
num num,https://numnumsbakery.com.au/,9,424,2.12,2.4
num nums bakery menu,https://numnumsbakery.com.au/,9,79,11.39,3.1
cakes near me,https://numnumsbakery.com.au/,8,172,4.65,10.7
eggless cake parramatta,https://numnumsbakery.com.au/,8,51,15.69,3.4
harris park cake shop,https://numnumsbakery.com.au/,8,73,10.96,3.5
eggless cakes near me,https://numnumsbakery.com.au/blog/best-eggless-cake-shops-sydney-2026,7,228,3.07,12.5
eggless cakes near me,https://numnumsbakery.com.au/blog/eggless-cake-bakery-harris-park-riverstone-sydney,7,304,2.3,7.8
eggless cake parramatta,https://numnumsbakery.com.au/blog/eggless-cake-bakery-harris-park-riverstone-sydney,6,128,4.69,4.3
eggless cakes sydney,https://numnumsbakery.com.au/blog/best-eggless-cake-shops-sydney-2026,6,294,2.04,8.6
bakery harris park,https://numnumsbakery.com.au/,5,42,11.9,3.0
bakery near me,https://numnumsbakery.com.au/,5,329,1.52,9.1
cake near me,https://numnumsbakery.com.au/,5,179,2.79,8.1
cake shop harris park,https://numnumsbakery.com.au/,5,81,6.17,2.5
cake shop riverstone,https://numnumsbakery.com.au/,5,76,6.58,1.7
eggless cake in sydney,https://numnumsbakery.com.au/blog/best-eggless-cake-shops-sydney-2026,5,42,11.9,5.9
eggless cakes,https://numnumsbakery.com.au/blog/best-eggless-cake-shops-sydney-2026,5,484,1.03,12.1
nam nam bakery,https://numnumsbakery.com.au/,5,53,9.43,1.8
num num bakery,https://numnumsbakery.com.au/cakes,5,790,0.63,1.9
egg free cakes sydney,https://numnumsbakery.com.au/blog/best-eggless-cake-shops-sydney-2026,4,150,2.67,6.2
num num bakery riverstone,https://numnumsbakery.com.au/cakes,4,259,1.54,2.2
num nums,https://numnumsbakery.com.au/,4,845,0.47,5.6
num nums bakery photos,https://numnumsbakery.com.au/,4,69,5.8,2.6
photo cake,https://numnumsbakery.com.au/blog/photo-cake-sydney,4,326,1.23,12.6
rasmalai cake,https://numnumsbakery.com.au/,4,96,4.17,4.4
rasmalai cake near me,https://numnumsbakery.com.au/,4,103,3.88,8.9
riverstone cake shop,https://numnumsbakery.com.au/,4,23,17.39,1.5
bakeries near me,https://numnumsbakery.com.au/,3,39,7.69,9.9
bakery in harris park,https://numnumsbakery.com.au/,3,28,10.71,3.5
best cakes sydney,https://numnumsbakery.com.au/blog/best-cake-sydney,3,556,0.54,11.5
cake shop in harris park,https://numnumsbakery.com.au/,3,67,4.48,2.5
cake shops near me,https://numnumsbakery.com.au/,3,104,2.88,8.9
eggless cake,https://numnumsbakery.com.au/blog/best-eggless-cake-shops-sydney-2026,3,159,1.89,10.4
eggless cake near me,https://numnumsbakery.com.au/blog/eggless-cakes-dean-park,3,360,0.83,9.8
birthday cake,https://numnumsbakery.com.au/,2,23,8.7,8.7
birthday cakes near me,https://numnumsbakery.com.au/,2,27,7.41,8.8
cake shop,https://numnumsbakery.com.au/,2,110,1.82,12.7
cake shop near me open now,https://numnumsbakery.com.au/,2,22,9.09,6.9
cupcakes near me,https://numnumsbakery.com.au/,2,39,5.13,7.6
custom photo cake,https://numnumsbakery.com.au/blog/photo-cake-sydney,2,55,3.64,6.4
eggless cake,https://numnumsbakery.com.au/,2,127,1.57,5.9
eggless cake blacktown,https://numnumsbakery.com.au/blog/eggless-cakes-schofields,2,34,5.88,4.9
eggless cake near me,https://numnumsbakery.com.au/blog/eggless-cakes-north-kellyville,2,31,6.45,5.6
eggless cake shop near me,https://numnumsbakery.com.au/blog/best-eggless-cake-shops-sydney-2026,2,52,3.85,6.3
eggless cake shop near me,https://numnumsbakery.com.au/blog/eggless-cake-bakery-harris-park-riverstone-sydney,2,56,3.57,6.1
eggless chocolate cake near me,https://numnumsbakery.com.au/blog/best-eggless-cake-shops-sydney-2026,2,10,20.0,5.7
eggless cupcakes near me,https://numnumsbakery.com.au/,2,13,15.38,11.6
eggless cupcakes near me,https://numnumsbakery.com.au/blog/eggless-cake-bakery-harris-park-riverstone-sydney,2,47,4.26,7.2
halal cakes near me,https://numnumsbakery.com.au/,2,33,6.06,29.5
indian cake shop near me,https://numnumsbakery.com.au/blog/best-eggless-cake-shops-sydney-2026,2,37,5.41,7.5
kids cakes,https://numnumsbakery.com.au/,2,2,100,10.5
nam's eggless bakes,https://numnumsbakery.com.au/blog/best-eggless-cake-shops-sydney-2026,2,25,8.0,5.7
nomnom cake,https://numnumsbakery.com.au/,2,42,4.76,4
num num bakery riverstone,https://numnumsbakery.com.au/order,2,244,0.82,2.6
num num bakery wentworthville,https://numnumsbakery.com.au/,2,111,1.8,2.1
num num cakes,https://numnumsbakery.com.au/cakes,2,48,4.17,2.1
num num cakes,https://numnumsbakery.com.au/order,2,47,4.26,2.5
num num riverstone,https://numnumsbakery.com.au/cakes,2,158,1.27,1.3
num nums bakery,https://numnumsbakery.com.au/order,2,247,0.81,2.3
num nums bakery harris park,https://numnumsbakery.com.au/order,2,81,2.47,2.0
num nums bakery reviews,https://numnumsbakery.com.au/,2,95,2.11,3.6
numnum bakery,https://numnumsbakery.com.au/cakes,2,143,1.4,1.4
numnum bakery,https://numnumsbakery.com.au/order,2,196,1.02,1.7
numnum cake,https://numnumsbakery.com.au/,2,8,25.0,4.4
numnums,https://numnumsbakery.com.au/,2,146,1.37,3.9
order eggless cake online,https://numnumsbakery.com.au/blog/best-eggless-cake-shops-sydney-2026,2,5,40.0,7.2
riverstone bakery,https://numnumsbakery.com.au/,2,144,1.39,4.2
riverstone village shopping centre directory,https://numnumsbakery.com.au/,2,5,40.0,1
15 people cake size,https://numnumsbakery.com.au/blog/cake-serving-size-guide-sydney,1,2,50.0,5.5
1st birthday cakes,https://numnumsbakery.com.au/blog/first-birthday-cake-sydney,1,21,4.76,17.8
baby first birthday smash cake,https://numnumsbakery.com.au/,1,1,100,5
bakery cake,https://numnumsbakery.com.au/,1,2,50.0,6.5
bakery parramatta,https://numnumsbakery.com.au/,1,29,3.45,20.4
bakery riverstone,https://numnumsbakery.com.au/,1,110,0.91,3.2
bento box cake near me,https://numnumsbakery.com.au/,1,1,100,11
bento cake near me,https://numnumsbakery.com.au/,1,3,33.33,17
best cake,https://numnumsbakery.com.au/blog/best-cake-sydney,1,83,1.2,9.5
best cake near me,https://numnumsbakery.com.au/,1,4,25.0,17.5
best cake sydney,https://numnumsbakery.com.au/blog/best-cake-sydney,1,101,0.99,13.9
best dessert western sydney,https://numnumsbakery.com.au/blog/best-dessert-shop-sydney,1,19,5.26,9.1
best donuts near me,https://numnumsbakery.com.au/,1,2,50.0,10.5
best eggless cake near me,https://numnumsbakery.com.au/blog/best-eggless-cake-shops-sydney-2026,1,23,4.35,4.4
birthday cake for 60 people,https://numnumsbakery.com.au/,1,1,100,10
birthday cake shop near me,https://numnumsbakery.com.au/,1,10,10.0,7.3
birthday cakes,https://numnumsbakery.com.au/,1,4,25.0,7.8
black forest cake near me,https://numnumsbakery.com.au/,1,5,20.0,6.6
butterscotch cake,https://numnumsbakery.com.au/,1,12,8.33,3.6
butterscotch cake near me,https://numnumsbakery.com.au/,1,5,20.0,4.4
buy eggless cake,https://numnumsbakery.com.au/blog/best-eggless-cake-shops-sydney-2026,1,14,7.14,6.9
cake,https://numnumsbakery.com.au/,1,75,1.33,7.6
cake bakery near me,https://numnumsbakery.com.au/,1,11,9.09,5.5
cake delivery windsor,https://numnumsbakery.com.au/,1,1,100,22
cake order online,https://numnumsbakery.com.au/,1,5,20.0,3.6
cake printing near me,https://numnumsbakery.com.au/blog/photo-cake-sydney,1,16,6.25,9.8
cake shop in parramatta,https://numnumsbakery.com.au/,1,21,4.76,13.7
cake shop near me budget friendly,https://numnumsbakery.com.au/,1,4,25.0,8
cake shop near me within 1.6 km,https://numnumsbakery.com.au/,1,2,50.0,8
cake shop parramatta,https://numnumsbakery.com.au/,1,45,2.22,19.8
cake shop riverstone,https://numnumsbakery.com.au/blog/eggless-cake-bakery-harris-park-riverstone-sydney,1,24,4.17,9.5
cake shop riverstone,https://numnumsbakery.com.au/cakes,1,25,4.0,1
cake shop rouse hill,https://numnumsbakery.com.au/,1,14,7.14,10.4
cake shop schofields,https://numnumsbakery.com.au/,1,13,7.69,8.6
cake shop wentworthville,https://numnumsbakery.com.au/,1,14,7.14,15.1
cake store near me,https://numnumsbakery.com.au/,1,17,5.88,5.2
cake stores near me,https://numnumsbakery.com.au/,1,8,12.5,6.8
cake with image on top,https://numnumsbakery.com.au/blog/photo-cake-sydney,1,9,11.11,8.1
cake with photo,https://numnumsbakery.com.au/blog/photo-cake-sydney,1,38,2.63,8.8
cake with picture printed,https://numnumsbakery.com.au/blog/photo-cake-sydney,1,6,16.67,9.3
cake with printed image,https://numnumsbakery.com.au/blog/photo-cake-sydney,1,14,7.14,6.3
cake with printed photo,https://numnumsbakery.com.au/blog/photo-cake-sydney,1,4,25.0,6.8
cake without egg near me,https://numnumsbakery.com.au/blog/best-eggless-cake-shops-sydney-2026,1,4,25.0,5.2
cakes,https://numnumsbakery.com.au/,1,36,2.78,11.5
cakes near me,https://numnumsbakery.com.au/cakes,1,12,8.33,5.6
cakes parramatta,https://numnumsbakery.com.au/,1,26,3.85,14.8
cakes photos,https://numnumsbakery.com.au/blog/photo-cake-sydney,1,2,50.0,6
cakes sydney,https://numnumsbakery.com.au/,1,56,1.79,70.4
cakes with photos,https://numnumsbakery.com.au/blog/photo-cake-sydney,1,11,9.09,9.5
cakeshop near me,https://numnumsbakery.com.au/,1,3,33.33,7
cannoli cake near me,https://numnumsbakery.com.au/,1,1,100,1
cannolis near me,https://numnumsbakery.com.au/,1,2,50.0,2
chocolate sponge cake,https://numnumsbakery.com.au/,1,4,25.0,29.5
coconut cake,https://numnumsbakery.com.au/,1,1,100,4
coffee cake for sale,https://numnumsbakery.com.au/,1,1,100,2
coffee near me,https://numnumsbakery.com.au/,1,19,5.26,5.4
cookies near me,https://numnumsbakery.com.au/,1,25,4.0,8.7
cookies near me,https://numnumsbakery.com.au/cakes,1,2,50.0,3
croissants near me,https://numnumsbakery.com.au/,1,4,25.0,9.8
cupcake parramatta,https://numnumsbakery.com.au/,1,4,25.0,5.5
cupcakes,https://numnumsbakery.com.au/,1,15,6.67,7.9
cupcakes parramatta,https://numnumsbakery.com.au/,1,20,5.0,6.8
custom cake,https://numnumsbakery.com.au/,1,1,100,12
custom cake print picture,https://numnumsbakery.com.au/blog/photo-cake-sydney,1,1,100,8
custom cake toppers sydney,https://numnumsbakery.com.au/blog/cake-toppers-sydney,1,7,14.29,8
custom cake with photo,https://numnumsbakery.com.au/blog/photo-cake-sydney,1,17,5.88,6.9
custom cakes parramatta,https://numnumsbakery.com.au/,1,10,10.0,7.6
custom desserts near me,https://numnumsbakery.com.au/blog/best-dessert-shop-sydney,1,2,50.0,4
custom image cake,https://numnumsbakery.com.au/blog/photo-cake-sydney,1,52,1.92,6.3
custom picture cake,https://numnumsbakery.com.au/blog/photo-cake-sydney,1,14,7.14,6.9
custom print cake,https://numnumsbakery.com.au/blog/photo-cake-sydney,1,10,10.0,8.3
custom print cakes,https://numnumsbakery.com.au/blog/photo-cake-sydney,1,2,50.0,6
custom printed cakes,https://numnumsbakery.com.au/blog/photo-cake-sydney,1,5,20.0,4.8
dairy free cakes castle hill,https://numnumsbakery.com.au/blog/best-eggless-cake-shops-sydney-2026,1,12,8.33,8.8
delicious cake,https://numnumsbakery.com.au/,1,1,100,23
deseert shop,https://numnumsbakery.com.au/blog/best-dessert-shop-sydney,1,1,100,15
dessert western sydney,https://numnumsbakery.com.au/blog/best-dessert-shop-sydney,1,55,1.82,8.9
dinosaur cakes near me,https://numnumsbakery.com.au/,1,1,100,38
donuts near me,https://numnumsbakery.com.au/,1,42,2.38,7.5
doughnut cakes near me,https://numnumsbakery.com.au/,1,1,100,9
edible paper printing near me,https://numnumsbakery.com.au/blog/photo-cake-sydney,1,4,25.0,11
edible print cake near me,https://numnumsbakery.com.au/blog/photo-cake-sydney,1,2,50.0,8.5
egg free birthday cake near me,https://numnumsbakery.com.au/blog/best-eggless-cake-shops-sydney-2026,1,5,20.0,4.6
egg free cake,https://numnumsbakery.com.au/,1,3,33.33,7.7
egg free cake,https://numnumsbakery.com.au/blog/eggless-cakes-northwest-sydney,1,1,100,1
egg free cake near me,https://numnumsbakery.com.au/blog/best-eggless-cake-shops-sydney-2026,1,31,3.23,8.3
egg free cake near me,https://numnumsbakery.com.au/blog/eggless-cakes-dean-park,1,2,50.0,6
egg less cake,https://numnumsbakery.com.au/,1,3,33.33,1
egg less cake near me,https://numnumsbakery.com.au/,1,4,25.0,3.2
egg less cake near me,https://numnumsbakery.com.au/blog/eggless-cakes-merrylands-west,1,2,50.0,4
egg puff near me,https://numnumsbakery.com.au/,1,2,50.0,6.5
eggless bakery near me,https://numnumsbakery.com.au/blog/eggless-cakes-schofields,1,3,33.33,3
eggless birthday cake near me,https://numnumsbakery.com.au/blog/best-eggless-cake-shops-sydney-2026,1,14,7.14,9.4
eggless birthday cake near me,https://numnumsbakery.com.au/blog/eggless-cake-bakery-harris-park-riverstone-sydney,1,17,5.88,6.9
eggless cake blacktown,https://numnumsbakery.com.au/blog/eggless-cakes-dean-park,1,62,1.61,6.5
eggless cake blacktown,https://numnumsbakery.com.au/blog/eggless-cakes-kings-park,1,1,100,5
eggless cake delivery,https://numnumsbakery.com.au/blog/best-eggless-cake-shops-sydney-2026,1,17,5.88,6.6
eggless cake delivery sydney,https://numnumsbakery.com.au/blog/best-eggless-cake-shops-sydney-2026,1,35,2.86,5.9
eggless cake harris park,https://numnumsbakery.com.au/,1,4,25.0,2.5
eggless cake in sydney,https://numnumsbakery.com.au/,1,10,10.0,61.6
eggless cake in sydney,https://numnumsbakery.com.au/blog/eggless-cake-nut-free-sydney,1,3,33.33,37.3
eggless cake near me,https://numnumsbakery.com.au/blog/eggless-cake-for-vegetarians-sydney,1,12,8.33,34.2
eggless cake near me,https://numnumsbakery.com.au/blog/eggless-cakes-doonside,1,101,0.99,5.2
eggless cake near me,https://numnumsbakery.com.au/blog/eggless-cakes-glenorie,1,1,100,9
eggless cake near me,https://numnumsbakery.com.au/blog/eggless-cakes-greystanes,1,6,16.67,8
eggless cake near me,https://numnumsbakery.com.au/blog/eggless-cakes-plumpton,1,14,7.14,5.2
eggless cake near me,https://numnumsbakery.com.au/blog/eggless-cakes-quakers-hill,1,8,12.5,4.2
eggless cake near me,https://numnumsbakery.com.au/blog/eggless-cakes-ryde,1,3,33.33,4.3
eggless cake near me,https://numnumsbakery.com.au/blog/eggless-cakes-villawood,1,21,4.76,5.6
eggless cake near me,https://numnumsbakery.com.au/cakes,1,87,1.15,20.9
eggless cake online order,https://numnumsbakery.com.au/blog/best-eggless-cake-shops-sydney-2026,1,7,14.29,8.1
eggless cake online order,https://numnumsbakery.com.au/blog/eggless-cakes-dean-park,1,4,25.0,6.5
eggless cake order online,https://numnumsbakery.com.au/,1,3,33.33,6
eggless cake shop,https://numnumsbakery.com.au/blog/best-eggless-cake-shops-sydney-2026,1,767,0.13,11.8
eggless cake shop,https://numnumsbakery.com.au/blog/eggless-cake-bakery-harris-park-riverstone-sydney,1,522,0.19,6.4
eggless cake shops near me,https://numnumsbakery.com.au/blog/eggless-cakes-schofields,1,2,50.0,3
eggless cake sydney,https://numnumsbakery.com.au/,1,114,0.88,47.4
eggless cake to buy,https://numnumsbakery.com.au/blog/eggless-cakes-dean-park,1,2,50.0,7
eggless cakes,https://numnumsbakery.com.au/blog/eggless-cakes-the-ponds,1,2,50.0,1.5
eggless cakes,https://numnumsbakery.com.au/cakes,1,133,0.75,41.6
eggless cakes delivery,https://numnumsbakery.com.au/blog/best-eggless-cake-shops-sydney-2026,1,3,33.33,5.7
eggless cakes near me,https://numnumsbakery.com.au/,1,180,0.56,34.5
eggless cakes near me,https://numnumsbakery.com.au/blog/eggless-cakes-riverstone,1,6,16.67,29.5
eggless cakes near me,https://numnumsbakery.com.au/blog/eggless-cakes-schofields,1,11,9.09,7.6
eggless cakes sydney,https://numnumsbakery.com.au/,1,80,1.25,49.7
eggless cheesecake near me,https://numnumsbakery.com.au/blog/best-eggless-cake-shops-sydney-2026,1,13,7.69,6.6
eggless chocolate cake near me,https://numnumsbakery.com.au/,1,4,25.0,3
eggless cupcake near me,https://numnumsbakery.com.au/blog/eggless-cake-bakery-harris-park-riverstone-sydney,1,7,14.29,4.7
eggless donuts near me,https://numnumsbakery.com.au/,1,6,16.67,2.8
eggless pastry near me,https://numnumsbakery.com.au/blog/eggless-cake-bakery-harris-park-riverstone-sydney,1,19,5.26,6.9
eggless pav near me,https://numnumsbakery.com.au/blog/eggless-cake-bakery-harris-park-riverstone-sydney,1,4,25.0,6
eggless rasmalai cake near me,https://numnumsbakery.com.au/cakes,1,2,50.0,7
eggless sugar free cake near me,https://numnumsbakery.com.au/blog/best-eggless-cake-shops-sydney-2026,1,5,20.0,7
elsa cake near me,https://numnumsbakery.com.au/,1,1,100,6
fathers day cake near me,https://numnumsbakery.com.au/,1,1,100,14
first bday cakes,https://numnumsbakery.com.au/blog/first-birthday-cake-sydney,1,2,50.0,12.5
first birthday cake,https://numnumsbakery.com.au/blog/first-birthday-cake-sydney,1,12,8.33,16.5
for father’s day,https://numnumsbakery.com.au/,1,1,100,1
fresh fruit cakes near me,https://numnumsbakery.com.au/,1,1,100,1
gluten free cakes near me,https://numnumsbakery.com.au/,1,3,33.33,13.7
gulab jamun cake,https://numnumsbakery.com.au/,1,7,14.29,2.4
gulab jamun cake near me,https://numnumsbakery.com.au/,1,8,12.5,15.5
gulab jamun cale,https://numnumsbakery.com.au/,1,1,100,4
how much does a red velvet cake cost,https://numnumsbakery.com.au/blog/cake-price-guide-sydney,1,1,100,1
image cake,https://numnumsbakery.com.au/blog/photo-cake-sydney,1,36,2.78,7.5
image cakes near me,https://numnumsbakery.com.au/blog/photo-cake-sydney,1,4,25.0,7.2
indian bakery near me,https://numnumsbakery.com.au/indian-sweet,1,57,1.75,8.2
indian cake shop near me,https://numnumsbakery.com.au/blog/eggless-cake-bakery-harris-park-riverstone-sydney,1,45,2.22,5.0
indian cakes near me,https://numnumsbakery.com.au/blog/eggless-cakes-doonside,1,2,50.0,5.5
indian style cakes near me,https://numnumsbakery.com.au/blog/eggless-cake-bakery-harris-park-riverstone-sydney,1,2,50.0,7.5
indian sweets delivery,https://numnumsbakery.com.au/indian-sweet,1,2,50.0,15
kids birthday cakes,https://numnumsbakery.com.au/,1,3,33.33,34.3
mango cakes near me,https://numnumsbakery.com.au/,1,2,50.0,11.5
marsden park cake shop,https://numnumsbakery.com.au/,1,2,50.0,10
mini pies,https://numnumsbakery.com.au/,1,1,100,7
nam bakery,https://numnumsbakery.com.au/,1,1,100,1
namma bakery near me,https://numnumsbakery.com.au/,1,1,100,3
nom nom cakes,https://numnumsbakery.com.au/,1,1,100,3
nom noma,https://numnumsbakery.com.au/,1,1,100,1
nomnom bakery,https://numnumsbakery.com.au/,1,13,7.69,7.6
num num bakery,https://numnumsbakery.com.au/about,1,632,0.16,1.9
num num bakery,https://numnumsbakery.com.au/blog/cake-delivery-areas-sydney,1,5,20.0,2
num num bakery,https://numnumsbakery.com.au/blog/eggless-cakes-doonside,1,63,1.59,2.0
num num bakery,https://numnumsbakery.com.au/blog/eggless-cakes-epping,1,5,20.0,2
num num bakery,https://numnumsbakery.com.au/blog/eggless-cakes-schofields,1,241,0.41,1.9
num num bakery,https://numnumsbakery.com.au/blog/eggless-cakes-villawood,1,40,2.5,1.9
num num bakery harris park,https://numnumsbakery.com.au/about,1,99,1.01,2.0
num num bakery harris park,https://numnumsbakery.com.au/order,1,132,0.76,2.0
num num bakery riverstone,https://numnumsbakery.com.au/blog/eggless-cakes-riverstone,1,11,9.09,2.5
num num cakes,https://numnumsbakery.com.au/about,1,39,2.56,1.9
num num harris park,https://numnumsbakery.com.au/about,1,71,1.41,2.1
num num harris park,https://numnumsbakery.com.au/order,1,111,0.9,2.0
num num near me,https://numnumsbakery.com.au/,1,3,33.33,1.7
num num s,https://numnumsbakery.com.au/,1,2,50.0,9
num nums bakery menu,https://numnumsbakery.com.au/blog/eggless-cakes-birrong,1,9,11.11,8.4
num nums bakery riverstone menu,https://numnumsbakery.com.au/blog/eggless-cakes-dean-park,1,39,2.56,5.4
num nums bakery riverstone menu,https://numnumsbakery.com.au/blog/eggless-cakes-riverstone,1,18,5.56,5.1
numnums bakery,https://numnumsbakery.com.au/order,1,67,1.49,3.7
nums nums bakery,https://numnumsbakery.com.au/order,1,30,3.33,4.6
nut free cake,https://numnumsbakery.com.au/,1,3,33.33,56.3
online eggless cake,https://numnumsbakery.com.au/blog/best-eggless-cake-shops-sydney-2026,1,1,100,5
order cake near me,https://numnumsbakery.com.au/,1,4,25.0,3.5
order cake online,https://numnumsbakery.com.au/,1,3,33.33,17
oreo cakes near me,https://numnumsbakery.com.au/,1,1,100,18
pastry shop near me,https://numnumsbakery.com.au/,1,27,3.7,7.8
photo cake,https://numnumsbakery.com.au/,1,1,100,1
photo image cake,https://numnumsbakery.com.au/blog/photo-cake-sydney,1,9,11.11,6.3
photo sheet cake,https://numnumsbakery.com.au/blog/photo-cake-sydney,1,3,33.33,3.7
pregnancy safe cakes,https://numnumsbakery.com.au/blog/eggless-cake-for-pregnancy-sydney,1,1,100,4
print on cakes near me,https://numnumsbakery.com.au/blog/photo-cake-sydney,1,3,33.33,6.7
print photo on cake,https://numnumsbakery.com.au/blog/photo-cake-sydney,1,11,9.09,8.2
printed birthday cakes,https://numnumsbakery.com.au/blog/photo-cake-sydney,1,3,33.33,7
printed picture cake,https://numnumsbakery.com.au/blog/photo-cake-sydney,1,1,100,3
ras malai cake near me,https://numnumsbakery.com.au/,1,1,100,10
rasmalai cake near me,https://numnumsbakery.com.au/blog/eggless-cakes-schofields,1,41,2.44,5.9
rasmalai cake near me,https://numnumsbakery.com.au/cakes,1,29,3.45,9.2
rasmalai cake sydney,https://numnumsbakery.com.au/cakes,1,13,7.69,8.2
rasmalai cale,https://numnumsbakery.com.au/,1,1,100,1
revani cake near me,https://numnumsbakery.com.au/,1,1,100,2
riverstone,https://numnumsbakery.com.au/,1,2,50.0,3.5
riverstone cake shop,https://numnumsbakery.com.au/cakes,1,12,8.33,1
rouse hill cake shop,https://numnumsbakery.com.au/,1,5,20.0,16.6
sheet cake with photo near me,https://numnumsbakery.com.au/blog/photo-cake-sydney,1,1,100,4
small heart shaped cake,https://numnumsbakery.com.au/,1,1,100,1
soccer cake near me,https://numnumsbakery.com.au/,1,1,100,13
sydney best cakes,https://numnumsbakery.com.au/blog/best-cake-sydney,1,27,3.7,15.8
the cake shop,https://numnumsbakery.com.au/,1,4,25.0,9.5
top rated cake shop near me open now,https://numnumsbakery.com.au/,1,1,100,13
ube cake order,https://numnumsbakery.com.au/,1,1,100,1
vegan cake near me,https://numnumsbakery.com.au/,1,6,16.67,11.2
vegan cake near me,https://numnumsbakery.com.au/cakes,1,2,50.0,11
vegan cakes,https://numnumsbakery.com.au/,1,1,100,24
vegan cakes castle hill,https://numnumsbakery.com.au/blog/best-eggless-cake-shops-sydney-2026,1,4,25.0,11
vegan dessert near me,https://numnumsbakery.com.au/,1,1,100,13
vegan gluten free cake,https://numnumsbakery.com.au/blog/eggless-cakes-northwest-sydney,1,1,100,1
vegetarian food,https://numnumsbakery.com.au/,1,1,100,121
warm cookie near me,https://numnumsbakery.com.au/,1,1,100,1
where to buy eggless cake near me,https://numnumsbakery.com.au/blog/eggless-cakes-winston-hills,1,1,100,3
white forest cake,https://numnumsbakery.com.au/,1,5,20.0,7.2
"""ferrero rocher"" -site:reddit.com -site:twitter.com -site:x.com -site:wykop.pl -site:tripadvisor.com -site:youtube.com -site:yelp.com -site:booking.com -site:facebook.com -site:instagram.com -site:tiktok.com",https://numnumsbakery.com.au/order,0,1,0,10
"""riverstone bakery""",https://numnumsbakery.com.au/blog/best-dessert-shop-sydney,0,6,0,10.3
"""riverstone bakery""",https://numnumsbakery.com.au/blog/cake-shop-near-me-marsden-park-talawong,0,15,0,8.1
"""riverstone bakery""",https://numnumsbakery.com.au/blog/eggless-cakes-annangrove,0,5,0,10
"""riverstone bakery"" bakery",https://numnumsbakery.com.au/blog/best-dessert-shop-sydney,0,2,0,11
"""riverstone bakery"" bakery",https://numnumsbakery.com.au/blog/cake-shop-near-me-marsden-park-talawong,0,7,0,9.1
"""riverstone bakery"" bakery",https://numnumsbakery.com.au/blog/eggless-cakes-annangrove,0,11,0,10.2
"""riverstone bakery"" bakery",https://numnumsbakery.com.au/blog/eggless-cakes-schofields,0,1,0,10
"""riverstone bakery"" bakery website",https://numnumsbakery.com.au/blog/cake-shop-near-me-marsden-park-talawong,0,48,0,6
"""riverstone bakery"" bakery website",https://numnumsbakery.com.au/blog/eggless-cakes-schofields,0,2,0,8
"""riverstone bakery"" official website",https://numnumsbakery.com.au/blog/cake-shop-near-me-marsden-park-talawong,0,27,0,6.0
"""riverstone bakery"" official website",https://numnumsbakery.com.au/blog/eggless-cakes-annangrove,0,1,0,8
"""riverstone bakery"" official website",https://numnumsbakery.com.au/blog/eggless-cakes-schofields,0,1,0,5
"""riverstone bakery"" website",https://numnumsbakery.com.au/blog/cake-shop-near-me-marsden-park-talawong,0,85,0,7.1
"""riverstonebakery.com""",https://numnumsbakery.com.au/,0,1,0,7
"""sydney"" bakery site:.com.au ""contact us""",https://numnumsbakery.com.au/blog/same-day-cake-sydney,0,4,0,8.2
1 birthday cake,https://numnumsbakery.com.au/blog/first-birthday-cake-sydney,0,1,0,25
1 cakes,https://numnumsbakery.com.au/blog/first-birthday-cake-sydney,0,2,0,10.5
1 kg mithai price,https://numnumsbakery.com.au/indian-sweet,0,2,0,13
1 year old cakes,https://numnumsbakery.com.au/blog/first-birthday-cake-sydney,0,1,0,9
100 bakery,https://numnumsbakery.com.au/blog/best-cake-sydney,0,1,0,8
100g slice of cake,https://numnumsbakery.com.au/blog/eggless-cake-calories-guide-sydney,0,1,0,10
12 inch 2 layer cake servings,https://numnumsbakery.com.au/blog/cake-serving-size-guide-sydney,0,1,0,6
12 inch cake price,https://numnumsbakery.com.au/blog/cake-price-guide-sydney,0,2,0,4.5
12 inch cake servings,https://numnumsbakery.com.au/blog/cake-serving-size-guide-sydney,0,1,0,11
12 round cake servings,https://numnumsbakery.com.au/blog/cake-serving-size-guide-sydney,0,1,0,7
15,https://numnumsbakery.com.au/,0,1,0,9
15 12-16 toongabbie road toongabbie nsw 2146,https://numnumsbakery.com.au/blog/eggless-cakes-toongabbie.html,0,1,0,21
15 cullum street bossley park,https://numnumsbakery.com.au/,0,52,0,44.9
15 cullum street bossley park,https://numnumsbakery.com.au/blog/eggless-cakes-bossley-park,0,10,0,13.2
15 cullum street bossley park,https://numnumsbakery.com.au/cakes,0,11,0,37.7
15 cullum street bossley park nsw 2176,https://numnumsbakery.com.au/,0,63,0,41.1
15 cullum street bossley park nsw 2176,https://numnumsbakery.com.au/blog/eggless-cakes-bossley-park,0,6,0,12.8
15 cullum street bossley park nsw 2176,https://numnumsbakery.com.au/cakes,0,37,0,34.6
16cm cake for how many pax,https://numnumsbakery.com.au/blog/cake-serving-size-guide-sydney,0,1,0,7
17cm cake for how many people,https://numnumsbakery.com.au/blog/cake-serving-size-guide-sydney,0,1,0,6
17cm cake size,https://numnumsbakery.com.au/blog/cake-serving-size-guide-sydney,0,1,0,10
1kg cake calories,https://numnumsbakery.com.au/blog/eggless-cake-calories-guide-sydney,0,2,0,9.5
1st birthday cake,https://numnumsbakery.com.au/blog/first-birthday-cake-sydney,0,10,0,28
1st birthday cake order,https://numnumsbakery.com.au/blog/first-birthday-cake-sydney,0,2,0,5
1st borthday cake,https://numnumsbakery.com.au/blog/first-birthday-cake-sydney,0,1,0,28
20 person cake size,https://numnumsbakery.com.au/blog/cake-serving-size-guide-sydney,0,1,0,4
20 serving cake size,https://numnumsbakery.com.au/blog/cake-serving-size-guide-sydney,0,1,0,6
2251,https://numnumsbakery.com.au/blog/photo-cake-sydney,0,1,0,7
3 layer 12 inch cake servings,https://numnumsbakery.com.au/blog/cake-serving-size-guide-sydney,0,1,0,8
39 cake,https://numnumsbakery.com.au/,0,1,0,8
4 inch cake for how many person,https://numnumsbakery.com.au/blog/cake-serving-size-guide-sydney,0,4,0,6
4 inch cake how many servings,https://numnumsbakery.com.au/blog/cake-serving-size-guide-sydney,0,1,0,5
4 inch cake serves how many,https://numnumsbakery.com.au/blog/cake-serving-size-guide-sydney,0,1,0,7
48 flavours locations,https://numnumsbakery.com.au/blog/best-dessert-shop-sydney,0,1,0,5
5 inch cake how many servings,https://numnumsbakery.com.au/blog/cake-serving-size-guide-sydney,0,1,0,11
5 inch cake serves how many,https://numnumsbakery.com.au/blog/cake-serving-size-guide-sydney,0,2,0,10
5 inch cake servings,https://numnumsbakery.com.au/blog/cake-serving-size-guide-sydney,0,1,0,10
50-70,https://numnumsbakery.com.au/blog/cake-serving-size-guide-sydney,0,1,0,3
6 inch cake for how many people,https://numnumsbakery.com.au/blog/cake-serving-size-guide-sydney,0,1,0,4
6 inch serving size,https://numnumsbakery.com.au/blog/cake-serving-size-guide-sydney,0,2,0,5.5
6 people cake size,https://numnumsbakery.com.au/blog/cake-serving-size-guide-sydney,0,1,0,4
6-inch cake size for how many person,https://numnumsbakery.com.au/blog/cake-serving-size-guide-sydney,0,1,0,4
6inch cake,https://numnumsbakery.com.au/,0,1,0,1
7 inch cake feeds how many,https://numnumsbakery.com.au/blog/cake-serving-size-guide-sydney,0,1,0,10
7 inch cake serves how many people,https://numnumsbakery.com.au/blog/cake-serving-size-guide-sydney,0,1,0,6
7 inch cake serving,https://numnumsbakery.com.au/blog/cake-serving-size-guide-sydney,0,2,0,8.5
7 inches cake for how many people,https://numnumsbakery.com.au/blog/cake-serving-size-guide-sydney,0,1,0,6
8 inch 2 layer cake servings,https://numnumsbakery.com.au/blog/cake-serving-size-guide-sydney,0,1,0,7
8 inch cake,https://numnumsbakery.com.au/,0,1,0,5
8 inch cake serves how many people,https://numnumsbakery.com.au/blog/cake-serving-size-guide-sydney,0,1,0,4
8 inch custom cake,https://numnumsbakery.com.au/blog/cake-price-guide-sydney,0,1,0,12
8inch cake for how many people,https://numnumsbakery.com.au/blog/cake-serving-size-guide-sydney,0,1,0,6
9pm,https://numnumsbakery.com.au/,0,1,0,1
a bakery for every culture,https://numnumsbakery.com.au/blog/cake-cutting-ceremony-sydney,0,1,0,1
a bakery for every culture,https://numnumsbakery.com.au/blog/multicultural-celebration-cake-sydney,0,5,0,6
a cake serves 12 people. how many people will three such cakes serve?,https://numnumsbakery.com.au/blog/cake-serving-size-guide-sydney,0,1,0,4
a cakes bakery,https://numnumsbakery.com.au/blog/photo-cake-sydney,0,1,0,11
a slice of cake calories,https://numnumsbakery.com.au/blog/eggless-cake-calories-guide-sydney,0,1,0,9
a&a eggless cakes reviews,https://numnumsbakery.com.au/blog/eggless-cake-reviews-sydney,0,4,0,11
adaminaby bakery,https://numnumsbakery.com.au/,0,4,0,41.2
add photo to cake,https://numnumsbakery.com.au/blog/photo-cake-sydney,0,1,0,7
afternoon tea cake selection,https://numnumsbakery.com.au/blog/afternoon-tea-cakes-sydney,0,1,0,25
afternoon tea cakes to buy,https://numnumsbakery.com.au/blog/afternoon-tea-cakes-sydney,0,1,0,12
aggarwal sweets near me,https://numnumsbakery.com.au/indian-sweet,0,1,0,16
all india sweets,https://numnumsbakery.com.au/indian-sweet,0,1,0,20
all occassion cake sydney,https://numnumsbakery.com.au/blog/best-cake-sydney,0,1,0,22
all occassion cake sydney,https://numnumsbakery.com.au/blog/celebration-cake-sydney,0,22,0,16.4
all occassion cake sydney,https://numnumsbakery.com.au/blog/luxury-cake-sydney,0,1,0,48
all sweets price,https://numnumsbakery.com.au/indian-sweet,0,1,0,9
all the best cake,https://numnumsbakery.com.au/blog/best-cake-sydney,0,1,0,17
allambie cakes,https://numnumsbakery.com.au/,0,1,0,54
almond croissant near me,https://numnumsbakery.com.au/,0,4,0,12.8
almond croissants near me,https://numnumsbakery.com.au/,0,1,0,17
amazing cakes sydney,https://numnumsbakery.com.au/blog/best-cake-sydney,0,3,0,29.7
amoun sweets,https://numnumsbakery.com.au/,0,1,0,41
anda shop near me,https://numnumsbakery.com.au/blog/best-dessert-shop-sydney,0,1,0,7
anjeer barfi near me,https://numnumsbakery.com.au/indian-sweet,0,1,0,4
anniversary cake sydney,https://numnumsbakery.com.au/blog/eggless-cakes-anniversary-sydney,0,10,0,20.2
anniversary cakes sydney,https://numnumsbakery.com.au/blog/eggless-cakes-anniversary-sydney,0,4,0,17.2
anniversay cakes,https://numnumsbakery.com.au/blog/eggless-cakes-anniversary-sydney,0,1,0,12
any cake shop near me,https://numnumsbakery.com.au/,0,1,0,7
apple pie near me,https://numnumsbakery.com.au/,0,2,0,4
are all cakes vegetarian,https://numnumsbakery.com.au/blog/vegan-vs-eggless-cakes-difference,0,2,0,11
are cakes halal,https://numnumsbakery.com.au/blog/halal-friendly-cakes-eggless-sydney,0,11,0,13.4
are cakes vegetarian,https://numnumsbakery.com.au/blog/vegan-vs-eggless-cakes-difference,0,1,0,12
are cupcakes halal,https://numnumsbakery.com.au/blog/halal-friendly-cakes-eggless-sydney,0,3,0,10.3
are cupcakes halal friendly,https://numnumsbakery.com.au/blog/halal-friendly-cakes-eggless-sydney,0,3,0,7
are eggless cakes good,https://numnumsbakery.com.au/blog/eggless-cake-reviews-sydney,0,1,0,3
are eggless cakes really eggless,https://numnumsbakery.com.au/blog/eggless-cakes-soft-moist-myths-vs-facts,0,1,0,8
are eggless cakes really eggless,https://numnumsbakery.com.au/blog/vegan-vs-eggless-cakes-difference,0,1,0,10
are eggs halal friendly,https://numnumsbakery.com.au/blog/halal-friendly-cakes-eggless-sydney,0,1,0,11
are ice cream cakes eggless,https://numnumsbakery.com.au/blog/eggless-cake-vs-ice-cream-cake-sydney,0,2,0,3
are they safe for pregnant women,https://numnumsbakery.com.au/blog/eggless-cake-for-pregnancy-sydney,0,1,0,2
artarmon bakery,https://numnumsbakery.com.au/,0,4,0,48.2
artarmon cake shop,https://numnumsbakery.com.au/,0,2,0,45
ashtuta near me,https://numnumsbakery.com.au/,0,1,0,8
asian bakery,https://numnumsbakery.com.au/,0,1,0,24
asian bakery near me,https://numnumsbakery.com.au/,0,3,0,6.7
asian birthday cake,https://numnumsbakery.com.au/,0,4,0,21.8
asian cake shop,https://numnumsbakery.com.au/blog/eggless-cakes-schofields,0,1,0,2
asian cake shop,https://numnumsbakery.com.au/blog/multicultural-celebration-cake-sydney,0,1,0,26
asian cake shop near me,https://numnumsbakery.com.au/,0,2,0,7
asian cake store,https://numnumsbakery.com.au/,0,2,0,32
asian cakes,https://numnumsbakery.com.au/,0,2,0,29.5
asian mango cake,https://numnumsbakery.com.au/,0,1,0,48
asian shop,https://numnumsbakery.com.au/blog/eggless-cakes-dean-park,0,1,0,8
assorted dessert box,https://numnumsbakery.com.au/,0,1,0,3
assyrian new year,https://numnumsbakery.com.au/blog/assyrian-new-year-kha-b-nisan-sydney,0,1,0,21
atul bakery near me,https://numnumsbakery.com.au/,0,1,0,1
auburn bakery,https://numnumsbakery.com.au/blog/eggless-cakes-auburn,0,2,0,11.5
auburn bakery shop,https://numnumsbakery.com.au/,0,2,0,26.5
auburn cake bakery,https://numnumsbakery.com.au/blog/eggless-cakes-auburn,0,1,0,10
authentic black forest cake,https://numnumsbakery.com.au/,0,1,0,9
autumn bakery,https://numnumsbakery.com.au/blog/autumn-cake-sydney,0,1,0,3
baba sweets menu,https://numnumsbakery.com.au/indian-sweet,0,1,0,55
baba sweets near me,https://numnumsbakery.com.au/indian-sweet,0,4,0,40.8
baby bakery,https://numnumsbakery.com.au/,0,1,0,11
baby birthday cake,https://numnumsbakery.com.au/blog/first-birthday-cake-sydney,0,3,0,19.3
baby birthday cakes,https://numnumsbakery.com.au/blog/first-birthday-cake-sydney,0,5,0,14.8
baby cookies,https://numnumsbakery.com.au/,0,1,0,19
baby friendly cakes near me,https://numnumsbakery.com.au/blog/kids-birthday-cake-sydney,0,1,0,11
baby shower cake,https://numnumsbakery.com.au/,0,2,0,10
baby shower cake shops near me,https://numnumsbakery.com.au/blog/cakes-near-me-sydney,0,1,0,46
baby shower cake sydney,https://numnumsbakery.com.au/cakes,0,1,0,21
baby shower cakes sydney,https://numnumsbakery.com.au/,0,10,0,43.7
baby shower cakes sydney,https://numnumsbakery.com.au/cakes,0,20,0,20.9
baby smash cake near me,https://numnumsbakery.com.au/blog/first-birthday-cake-sydney,0,1,0,13
bagel near me,https://numnumsbakery.com.au/,0,2,0,8.5
bagels,https://numnumsbakery.com.au/,0,1,0,11
bagels near me,https://numnumsbakery.com.au/,0,2,0,9
bagels near me,https://numnumsbakery.com.au/cakes,0,1,0,1
baguette,https://numnumsbakery.com.au/,0,1,0,11
baked cheesecake near me,https://numnumsbakery.com.au/,0,1,0,25
baked goods,https://numnumsbakery.com.au/,0,1,0,7
bakehouse near me,https://numnumsbakery.com.au/,0,1,0,7
baker shops near me,https://numnumsbakery.com.au/,0,1,0,46
bakeries,https://numnumsbakery.com.au/,0,7,0,12.1
bakeries,https://numnumsbakery.com.au/cakes,0,1,0,41
bakeries and patisseries near me,https://numnumsbakery.com.au/,0,1,0,1
bakeries and patisseries near me,https://numnumsbakery.com.au/blog/eggless-cake-bakery-harris-park-riverstone-sydney,0,1,0,1
bakeries and patisseries near me,https://numnumsbakery.com.au/cakes,0,1,0,1
bakeries close by,https://numnumsbakery.com.au/,0,1,0,8
bakeries in auburn,https://numnumsbakery.com.au/,0,1,0,24
bakeries in milton,https://numnumsbakery.com.au/,0,2,0,57.5
bakeries in parramatta,https://numnumsbakery.com.au/,0,11,0,15.1
bakeries near me,https://numnumsbakery.com.au/blog/eggless-cakes-the-ponds,0,1,0,1
bakeries near me,https://numnumsbakery.com.au/cakes,0,4,0,7
bakeries near me open now,https://numnumsbakery.com.au/,0,1,0,7
bakeries open near me,https://numnumsbakery.com.au/,0,1,0,8
bakeries open now,https://numnumsbakery.com.au/,0,1,0,8
bakeries open today near me,https://numnumsbakery.com.au/blog/eggless-cake-bakery-harris-park-riverstone-sydney,0,1,0,11
bakeries parramatta,https://numnumsbakery.com.au/,0,10,0,18.3
bakeries that print edible pictures,https://numnumsbakery.com.au/blog/photo-cake-sydney,0,5,0,18
bakeries with cakes,https://numnumsbakery.com.au/,0,2,0,10
bakers and sweets near me,https://numnumsbakery.com.au/,0,1,0,8
bakers near me,https://numnumsbakery.com.au/,0,4,0,8
bakery,https://numnumsbakery.com.au/,0,72,0,9.2
bakery,https://numnumsbakery.com.au/blog/eggless-cake-bakery-harris-park-riverstone-sydney,0,1,0,1
bakery,https://numnumsbakery.com.au/blog/first-birthday-cake-sydney,0,1,0,7
bakery,https://numnumsbakery.com.au/cakes,0,3,0,1.3
bakery 48,https://numnumsbakery.com.au/,0,1,0,12
bakery and cafe near me,https://numnumsbakery.com.au/,0,1,0,7
bakery artarmon,https://numnumsbakery.com.au/,0,5,0,47.8
bakery ashfield,https://numnumsbakery.com.au/,0,1,0,59
bakery auburn,https://numnumsbakery.com.au/blog/eggless-cakes-auburn,0,1,0,9
bakery bat,https://numnumsbakery.com.au/blog/eggless-cakes-bar-mitzvah-sydney,0,1,0,8
bakery beecroft,https://numnumsbakery.com.au/blog/eggless-cakes-beecroft,0,2,0,11.5
bakery bexley north,https://numnumsbakery.com.au/,0,1,0,64
bakery birthday party near me,https://numnumsbakery.com.au/blog/best-cake-sydney,0,1,0,15
bakery birthday party near me,https://numnumsbakery.com.au/blog/eggless-cakes-dean-park,0,1,0,4
bakery birthday party near me,https://numnumsbakery.com.au/blog/eggless-cakes-riverstone,0,1,0,14
bakery birthday party near me,https://numnumsbakery.com.au/blog/first-birthday-cake-sydney,0,1,0,15
bakery birthday party near me,https://numnumsbakery.com.au/blog/kids-birthday-cake-sydney,0,1,0,10
bakery bligh park,https://numnumsbakery.com.au/blog/eggless-cakes-bligh-park,0,1,0,10
bakery bread near me,https://numnumsbakery.com.au/,0,1,0,8
bakery business for sale near me,https://numnumsbakery.com.au/,0,1,0,9
bakery cake,https://numnumsbakery.com.au/blog/photo-cake-sydney,0,1,0,23
bakery cake,https://numnumsbakery.com.au/cakes,0,1,0,6
bakery cakes,https://numnumsbakery.com.au/blog/eggless-cakes-schofields,0,2,0,36
bakery cbd,https://numnumsbakery.com.au/,0,1,0,5
bakery chadstone,https://numnumsbakery.com.au/,0,5,0,52.8
bakery cheap,https://numnumsbakery.com.au/,0,1,0,8
bakery chester hill,https://numnumsbakery.com.au/blog/eggless-cakes-chester-hill,0,1,0,12
bakery chocolate cupcakes,https://numnumsbakery.com.au/,0,1,0,11
bakery close to me,https://numnumsbakery.com.au/blog/eggless-cakes-dean-park,0,1,0,11
bakery constitution hill,https://numnumsbakery.com.au/blog/eggless-cakes-constitution-hill,0,14,0,8.2
bakery desserts,https://numnumsbakery.com.au/blog/best-dessert-shop-sydney,0,1,0,16
bakery doonside,https://numnumsbakery.com.au/blog/eggless-cakes-doonside,0,3,0,9
bakery dundas,https://numnumsbakery.com.au/blog/eggless-cakes-dundas,0,2,0,11
bakery dundas,https://numnumsbakery.com.au/blog/eggless-cakes-dundas-valley.html,0,1,0,1
bakery egg,https://numnumsbakery.com.au/,0,1,0,86
bakery eggless cake near me,https://numnumsbakery.com.au/blog/eggless-cake-bakery-harris-park-riverstone-sydney,0,1,0,4
bakery eggless cake near me,https://numnumsbakery.com.au/blog/eggless-cake-storage-freshness-guide,0,1,0,9
bakery for events sydney,https://numnumsbakery.com.au/blog/cakes-near-me-sydney,0,1,0,62
bakery greystanes,https://numnumsbakery.com.au/blog/eggless-cakes-greystanes,0,1,0,10
bakery harris park,https://numnumsbakery.com.au/about,0,1,0,4
bakery harris park,https://numnumsbakery.com.au/blog/eggless-cake-bakery-harris-park-riverstone-sydney,0,42,0,7.3
bakery harris park,https://numnumsbakery.com.au/blog/eggless-cakes-harris-park,0,1,0,8
bakery hawkesbury,https://numnumsbakery.com.au/,0,1,0,6
bakery hawkesbury,https://numnumsbakery.com.au/cakes,0,1,0,6
bakery hub near me,https://numnumsbakery.com.au/,0,1,0,5
bakery in dundas,https://numnumsbakery.com.au/blog/eggless-cakes-dundas-valley.html,0,1,0,11
bakery in granville,https://numnumsbakery.com.au/,0,2,0,24
bakery in harris park,https://numnumsbakery.com.au/about,0,1,0,51
bakery in harris park,https://numnumsbakery.com.au/blog/cake-shop-western-sydney,0,1,0,9
bakery in harris park,https://numnumsbakery.com.au/blog/eggless-cake-bakery-harris-park-riverstone-sydney,0,17,0,7.9
bakery in milton,https://numnumsbakery.com.au/,0,2,0,50.5
bakery in parramatta,https://numnumsbakery.com.au/,0,5,0,30.2
bakery in prospect,https://numnumsbakery.com.au/blog/eggless-cakes-prospect,0,1,0,9
bakery in south windsor,https://numnumsbakery.com.au/blog/eggless-cakes-south-windsor,0,1,0,12
bakery indian,https://numnumsbakery.com.au/blog/eggless-cake-bakery-harris-park-riverstone-sydney,0,1,0,4
bakery items near me,https://numnumsbakery.com.au/,0,1,0,6
bakery kincumber,https://numnumsbakery.com.au/,0,1,0,58
bakery local,https://numnumsbakery.com.au/blog/eggless-cake-bakery-harris-park-riverstone-sydney,0,1,0,18
bakery mannum,https://numnumsbakery.com.au/,0,2,0,38.5
bakery marsden park,https://numnumsbakery.com.au/,0,9,0,7.7
bakery marsden park,https://numnumsbakery.com.au/blog/best-dessert-shop-sydney,0,22,0,9.2
bakery marsden park,https://numnumsbakery.com.au/blog/eggless-cakes-plumpton,0,1,0,10
bakery mckinnon,https://numnumsbakery.com.au/,0,2,0,56.5
bakery merrylands,https://numnumsbakery.com.au/,0,1,0,55
bakery milton,https://numnumsbakery.com.au/,0,5,0,52.2
bakery milton nsw,https://numnumsbakery.com.au/,0,1,0,47
bakery minchinbury,https://numnumsbakery.com.au/blog/eggless-cakes-minchinbury,0,2,0,9.5
bakery mona vale,https://numnumsbakery.com.au/,0,2,0,59
bakery mount druitt,https://numnumsbakery.com.au/blog/eggless-cakes-mount-druitt,0,1,0,10
bakery names,https://numnumsbakery.com.au/,0,1,0,14
bakery near,https://numnumsbakery.com.au/,0,2,0,12.5
bakery near auburn,https://numnumsbakery.com.au/,0,1,0,38
bakery near me,https://numnumsbakery.com.au/blog/eggless-cakes-northwest-sydney,0,1,0,1
bakery near me,https://numnumsbakery.com.au/blog/eggless-cakes-the-ponds,0,2,0,1.5
bakery near me,https://numnumsbakery.com.au/cakes,0,23,0,1.7
bakery near me for bread,https://numnumsbakery.com.au/,0,2,0,6
bakery near me for bread,https://numnumsbakery.com.au/cakes,0,1,0,7
bakery near me gluten free,https://numnumsbakery.com.au/,0,1,0,23
bakery near me indian,https://numnumsbakery.com.au/indian-sweet,0,1,0,6
bakery near me now,https://numnumsbakery.com.au/,0,1,0,8
bakery near me open,https://numnumsbakery.com.au/,0,1,0,10
bakery near me open now,https://numnumsbakery.com.au/,0,6,0,10.3
bakery near me open now,https://numnumsbakery.com.au/blog/eggless-cakes-the-ponds,0,1,0,1
bakery near me that delivers,https://numnumsbakery.com.au/blog/eggless-cakes-dean-park,0,1,0,13
bakery near me that delivers,https://numnumsbakery.com.au/blog/eggless-cakes-riverstone,0,1,0,8
bakery near me that delivers,https://numnumsbakery.com.au/blog/eggless-cakes-schofields,0,1,0,19
bakery near me with pies,https://numnumsbakery.com.au/,0,1,0,18
bakery near me within 400m,https://numnumsbakery.com.au/,0,1,0,3
bakery near me.,https://numnumsbakery.com.au/,0,2,0,5
bakery near us,https://numnumsbakery.com.au/,0,1,0,6
bakery nearby,https://numnumsbakery.com.au/,0,3,0,3.7
bakery newington,https://numnumsbakery.com.au/,0,1,0,30
bakery newington,https://numnumsbakery.com.au/blog/eggless-cakes-newington,0,2,0,7.5
bakery nona,https://numnumsbakery.com.au/,0,1,0,26
bakery north ryde,https://numnumsbakery.com.au/,0,1,0,56
bakery north ryde,https://numnumsbakery.com.au/blog/eggless-cakes-ryde,0,1,0,12
bakery north sydney,https://numnumsbakery.com.au/,0,4,0,57.5
bakery northmead,https://numnumsbakery.com.au/blog/eggless-cakes-northmead,0,2,0,10.5
bakery number,https://numnumsbakery.com.au/,0,1,0,9
bakery oatlands,https://numnumsbakery.com.au/,0,2,0,7.5
bakery of last goodbye,https://numnumsbakery.com.au/blog/farewell-cake-sydney.html,0,2,0,6
bakery of last goodbyes,https://numnumsbakery.com.au/blog/farewell-cake-sydney.html,0,1,0,8
bakery open,https://numnumsbakery.com.au/,0,1,0,3
bakery open near me,https://numnumsbakery.com.au/,0,4,0,6
bakery open near me now,https://numnumsbakery.com.au/blog/eggless-cakes-dean-park,0,1,0,11
bakery open near me now,https://numnumsbakery.com.au/blog/eggless-cakes-riverstone,0,2,0,7
bakery open near me open now,https://numnumsbakery.com.au/,0,2,0,1.5
bakery open now near me,https://numnumsbakery.com.au/blog/best-dessert-shop-sydney,0,6,0,8.8
bakery open now near me,https://numnumsbakery.com.au/blog/eggless-cake-bakery-harris-park-riverstone-sydney,0,1,0,7
bakery open sunday,https://numnumsbakery.com.au/blog/eggless-cakes-riverstone,0,1,0,32
bakery parramatta westfield,https://numnumsbakery.com.au/,0,1,0,29
bakery pie near me,https://numnumsbakery.com.au/,0,1,0,13
bakery plumpton,https://numnumsbakery.com.au/blog/eggless-cakes-plumpton,0,1,0,12
bakery quakers hill,https://numnumsbakery.com.au/blog/eggless-cakes-quakers-hill,0,1,0,11
bakery riverstone,https://numnumsbakery.com.au/blog/eggless-cake-bakery-harris-park-riverstone-sydney,0,15,0,13
bakery riverstone,https://numnumsbakery.com.au/blog/eggless-cakes-dean-park,0,2,0,24
bakery riverstone,https://numnumsbakery.com.au/blog/eggless-cakes-riverstone,0,2,0,9
bakery riverstone,https://numnumsbakery.com.au/blog/eggless-cakes-schofields,0,3,0,76.7
bakery riverstone,https://numnumsbakery.com.au/blog/eggless-cakes-shanes-park,0,3,0,29.7
bakery riverstone,https://numnumsbakery.com.au/cakes,0,13,0,13.4
bakery riverstone,https://numnumsbakery.com.au/order,0,3,0,92.3
bakery rouse hill,https://numnumsbakery.com.au/,0,9,0,12.9
bakery rouse hill village,https://numnumsbakery.com.au/,0,1,0,6
bakery rutherford,https://numnumsbakery.com.au/,0,1,0,4
bakery shop,https://numnumsbakery.com.au/,0,1,0,4
bakery shop,https://numnumsbakery.com.au/blog/best-dessert-shop-sydney,0,1,0,9
bakery shop near me,https://numnumsbakery.com.au/,0,6,0,10.2
bakery shop near me,https://numnumsbakery.com.au/cakes,0,1,0,13
bakery stones corner,https://numnumsbakery.com.au/,0,1,0,43
bakery sweets near me,https://numnumsbakery.com.au/,0,1,0,18
bakery sydney,https://numnumsbakery.com.au/,0,2,0,10.5
bakery that does photo cakes,https://numnumsbakery.com.au/blog/photo-cake-sydney,0,1,0,2
bakery toongabbie,https://numnumsbakery.com.au/blog/eggless-cakes-old-toongabbie,0,3,0,9.7
bakery tumut,https://numnumsbakery.com.au/,0,5,0,41.8
bakery umina,https://numnumsbakery.com.au/,0,2,0,45
bakery villawood,https://numnumsbakery.com.au/blog/eggless-cakes-villawood,0,2,0,11
bakery waterloo,https://numnumsbakery.com.au/,0,1,0,61
bakery wentworthville,https://numnumsbakery.com.au/,0,1,0,41
bakery wetherill park,https://numnumsbakery.com.au/,0,1,0,65
bakery woodcroft,https://numnumsbakery.com.au/blog/eggless-cakes-woodcroft,0,1,0,6
bakery woodville,https://numnumsbakery.com.au/blog/eggless-cakes-woodville,0,1,0,20
bakery woolloomooloo,https://numnumsbakery.com.au/,0,3,0,56.7
bakery wynnum,https://numnumsbakery.com.au/,0,5,0,42
bakerynona,https://numnumsbakery.com.au/,0,1,0,31
bakerys near me,https://numnumsbakery.com.au/,0,1,0,9
bakerys open near me,https://numnumsbakery.com.au/blog/eggless-cake-bakery-harris-park-riverstone-sydney,0,1,0,11
bal mithai near me,https://numnumsbakery.com.au/indian-sweet,0,2,0,9
balery near me,https://numnumsbakery.com.au/,0,2,0,4
balery near me,https://numnumsbakery.com.au/cakes,0,1,0,1
balery shop near me,https://numnumsbakery.com.au/,0,1,0,1
banana bread buy,https://numnumsbakery.com.au/,0,1,0,6
banana bread near me,https://numnumsbakery.com.au/,0,1,0,8
banana cake buy,https://numnumsbakery.com.au/,0,2,0,1
banana cake near me,https://numnumsbakery.com.au/,0,1,0,15
banana cake sydney,https://numnumsbakery.com.au/,0,1,0,20
banana cream cake,https://numnumsbakery.com.au/,0,1,0,4
bangladeshi cake brand,https://numnumsbakery.com.au/,0,1,0,3
bankstown cake,https://numnumsbakery.com.au/,0,1,0,65
baptism cake,https://numnumsbakery.com.au/cakes,0,1,0,1
barbie cake,https://numnumsbakery.com.au/,0,1,0,17
barfi near me,https://numnumsbakery.com.au/indian-sweet,0,948,0,7.9
barfi price,https://numnumsbakery.com.au/indian-sweet,0,1,0,9
barfi sweet near me,https://numnumsbakery.com.au/indian-sweet,0,6,0,6.5
beat bakery,https://numnumsbakery.com.au/,0,1,0,25
bento cake for birthday boy,https://numnumsbakery.com.au/,0,1,0,5
bento cake near me,https://numnumsbakery.com.au/cakes,0,2,0,12.5
berala bakery,https://numnumsbakery.com.au/blog/eggless-cakes-berala.html,0,2,0,9.5
berala bakery,https://numnumsbakery.com.au/blog/eggless-cakes-chester-hill,0,3,0,10.7
bespoke cakes sydney,https://numnumsbakery.com.au/blog/kids-birthday-cake-sydney,0,1,0,13
best affordable cake,https://numnumsbakery.com.au/,0,1,0,29
best almond croissant near me,https://numnumsbakery.com.au/,0,1,0,41
best bakeries,https://numnumsbakery.com.au/,0,1,0,21
best bakeries in windsor,https://numnumsbakery.com.au/,0,1,0,12
best bakeries near me,https://numnumsbakery.com.au/,0,2,0,3
best bakery,https://numnumsbakery.com.au/,0,2,0,70
best bakery for cupcakes near me,https://numnumsbakery.com.au/,0,1,0,1
best bakery near me,https://numnumsbakery.com.au/,0,21,0,12.4
best bakery parramatta,https://numnumsbakery.com.au/,0,2,0,37
best bakery sydney,https://numnumsbakery.com.au/,0,1,0,84
best bakery sydney,https://numnumsbakery.com.au/blog/best-cake-sydney,0,1,0,15
best bakery western sydney,https://numnumsbakery.com.au/blog/best-dessert-shop-sydney,0,9,0,10.9
best best cake,https://numnumsbakery.com.au/blog/best-cake-sydney,0,1,0,13
best birthday cake,https://numnumsbakery.com.au/blog/best-cake-sydney,0,3,0,29.7
best birthday cake in sydney,https://numnumsbakery.com.au/blog/best-cake-sydney,0,4,0,14.2
best birthday cake near me,https://numnumsbakery.com.au/,0,1,0,8
best birthday cake sydney,https://numnumsbakery.com.au/blog/best-cake-sydney,0,20,0,29.1
best birthday cake sydney,https://numnumsbakery.com.au/blog/first-birthday-cake-sydney,0,1,0,28
best birthday cake to buy,https://numnumsbakery.com.au/blog/best-cake-sydney,0,1,0,14
best birthday cakes,https://numnumsbakery.com.au/blog/best-cake-sydney,0,3,0,20
best birthday cakes in sydney,https://numnumsbakery.com.au/blog/best-cake-sydney,0,4,0,24
best birthday cakes northern beaches,https://numnumsbakery.com.au/,0,1,0,58
best birthday cakes sydney,https://numnumsbakery.com.au/blog/best-cake-sydney,0,109,0,22.1
best birthday cakes sydney,https://numnumsbakery.com.au/blog/first-birthday-cake-sydney,0,4,0,12.8
best birthday cakes sydney,https://numnumsbakery.com.au/blog/multicultural-celebration-cake-sydney,0,3,0,8
best biryani in harris park,https://numnumsbakery.com.au/,0,1,0,57
best bread rolls near me,https://numnumsbakery.com.au/,0,1,0,79
best brownie near me,https://numnumsbakery.com.au/,0,1,0,9
best brownies near me,https://numnumsbakery.com.au/,0,1,0,5
best cacke,https://numnumsbakery.com.au/blog/best-cake-sydney,0,1,0,10
best caje,https://numnumsbakery.com.au/blog/best-cake-sydney,0,1,0,10
best cake birthday,https://numnumsbakery.com.au/blog/best-cake-sydney,0,1,0,12
best cake cake,https://numnumsbakery.com.au/blog/best-cake-sydney,0,2,0,18
best cake for a birthday cake,https://numnumsbakery.com.au/blog/best-cake-sydney,0,1,0,1
best cake for birthday,https://numnumsbakery.com.au/blog/best-cake-sydney,0,1,0,10
best cake for birthday cake,https://numnumsbakery.com.au/blog/best-cake-sydney,0,1,0,30
best cake for birthday party,https://numnumsbakery.com.au/blog/how-to-design-birthday-cake-sydney,0,1,0,16
best cake in sydney,https://numnumsbakery.com.au/blog/best-cake-sydney,0,148,0,11.7
best cake in taste,https://numnumsbakery.com.au/blog/best-cake-sydney,0,1,0,12
best cake shop,https://numnumsbakery.com.au/,0,1,0,45
best cake shop around me,https://numnumsbakery.com.au/blog/best-dessert-shop-sydney,0,1,0,5
best cake shop in parramatta,https://numnumsbakery.com.au/,0,1,0,16
best cake shop in sydney,https://numnumsbakery.com.au/blog/best-cake-sydney,0,1,0,14
best cake shop near me,https://numnumsbakery.com.au/,0,13,0,10.1
best cake shop near me,https://numnumsbakery.com.au/blog/best-cake-sydney,0,5,0,9.2
best cake shop parramatta,https://numnumsbakery.com.au/,0,2,0,24.5
best cake shop parramatta westfield,https://numnumsbakery.com.au/,0,1,0,26
best cake shop sydney,https://numnumsbakery.com.au/blog/best-cake-sydney,0,8,0,17.4
best cake shops in sydney,https://numnumsbakery.com.au/blog/best-cake-sydney,0,1,0,11
best cake shops near me,https://numnumsbakery.com.au/,0,3,0,29.7
best cake shops sydney,https://numnumsbakery.com.au/blog/best-cake-sydney,0,41,0,12.2
best cake stores sydney,https://numnumsbakery.com.au/blog/best-cake-sydney,0,1,0,20
best cake to buy,https://numnumsbakery.com.au/blog/best-cake-sydney,0,1,0,10
best cakes,https://numnumsbakery.com.au/blog/best-cake-sydney,0,54,0,13.7
best cakes for a cake sale,https://numnumsbakery.com.au/blog/best-cake-sydney,0,1,0,32
best cakes in sydney,https://numnumsbakery.com.au/,0,1,0,13
best cakes in sydney,https://numnumsbakery.com.au/blog/best-cake-sydney,0,72,0,26.3
best cakes inner west,https://numnumsbakery.com.au/blog/best-dessert-shop-sydney,0,1,0,19
best cakes near me,https://numnumsbakery.com.au/,0,11,0,9.5
best cakes parramatta,https://numnumsbakery.com.au/,0,3,0,19.7
best cakes ranked,https://numnumsbakery.com.au/blog/best-cake-sydney,0,1,0,5
best cakes sydney,https://numnumsbakery.com.au/,0,3,0,20
best cakes to order,https://numnumsbakery.com.au/blog/best-cake-sydney,0,3,0,26.3
best carrot cake to buy,https://numnumsbakery.com.au/,0,1,0,43
best celebration cakes,https://numnumsbakery.com.au/blog/best-cake-sydney,0,1,0,26
best celebration cakes,https://numnumsbakery.com.au/blog/multicultural-celebration-cake-sydney,0,1,0,9
best celebration cakes sydney,https://numnumsbakery.com.au/blog/best-cake-sydney,0,8,0,10.4
best cheap cake,https://numnumsbakery.com.au/blog/best-cake-sydney,0,1,0,9
best cheesecake near me,https://numnumsbakery.com.au/,0,1,0,24
best cheesecake near me open now,https://numnumsbakery.com.au/,0,1,0,10
best childrens birthday cakes,https://numnumsbakery.com.au/blog/first-birthday-cake-sydney,0,1,0,35
best chocolate cake in sydney,https://numnumsbakery.com.au/blog/best-cake-sydney,0,3,0,26
best chocolate cake near me,https://numnumsbakery.com.au/,0,2,0,18.5
best chocolate cake sydney,https://numnumsbakery.com.au/blog/best-cake-sydney,0,128,0,27.2
best chocolate croissants near me,https://numnumsbakery.com.au/,0,1,0,13
best chocolate mousse cake near me,https://numnumsbakery.com.au/blog/best-dessert-shop-sydney,0,3,0,19
best churma ladoo near me,https://numnumsbakery.com.au/indian-sweet,0,1,0,10
best cinnamon donuts near me,https://numnumsbakery.com.au/,0,1,0,3
best coffee near me,https://numnumsbakery.com.au/,0,1,0,9
best cookies near me,https://numnumsbakery.com.au/,0,2,0,21
best cream cakes,https://numnumsbakery.com.au/blog/best-cake-sydney,0,1,0,66
best croissant near me,https://numnumsbakery.com.au/,0,1,0,17
best croissant near me,https://numnumsbakery.com.au/cakes,0,1,0,17
best croissant place near me,https://numnumsbakery.com.au/,0,1,0,13
best cronuts near me,https://numnumsbakery.com.au/,0,1,0,29
best cronuts near me,https://numnumsbakery.com.au/cakes,0,1,0,29
best cupcake shop near me,https://numnumsbakery.com.au/,0,1,0,18
best cupcakes near me,https://numnumsbakery.com.au/,0,3,0,11
best custard tarts near me,https://numnumsbakery.com.au/,0,1,0,21
best customised cake near me,https://numnumsbakery.com.au/,0,1,0,22
best desert shops near me,https://numnumsbakery.com.au/blog/best-dessert-shop-sydney,0,1,0,9
best dessert bakery near me,https://numnumsbakery.com.au/blog/best-dessert-shop-sydney,0,2,0,13.5
best dessert delivery near me,https://numnumsbakery.com.au/blog/best-dessert-shop-sydney,0,1,0,18
best dessert in sydney,https://numnumsbakery.com.au/blog/best-dessert-shop-sydney,0,1,0,17
best dessert near me,https://numnumsbakery.com.au/,0,4,0,19.5
best dessert parramatta,https://numnumsbakery.com.au/blog/best-dessert-shop-sydney,0,5,0,11
best dessert shop near me,https://numnumsbakery.com.au/blog/best-dessert-shop-sydney,0,2,0,7.5
best dessert shops near me,https://numnumsbakery.com.au/blog/best-dessert-shop-sydney,0,2,0,11.5
best dessert shops sydney,https://numnumsbakery.com.au/blog/best-dessert-shop-sydney,0,3,0,13.7
best desserts near me,https://numnumsbakery.com.au/,0,1,0,39
best desserts shop near me,https://numnumsbakery.com.au/blog/best-dessert-shop-sydney,0,1,0,9
best donuts near me,https://numnumsbakery.com.au/cakes,0,1,0,5
best eggless bakery near me,https://numnumsbakery.com.au/blog/best-eggless-cake-shops-sydney-2026,0,1,0,2
best eggless cake near me,https://numnumsbakery.com.au/,0,4,0,10.5
best eggless cake near me,https://numnumsbakery.com.au/blog/best-cake-sydney,0,3,0,8
best eggless cake near me,https://numnumsbakery.com.au/blog/eggless-cake-bakery-harris-park-riverstone-sydney,0,10,0,7.9
best eggless cake near me,https://numnumsbakery.com.au/blog/eggless-cake-for-vegetarians-sydney,0,1,0,37
best eggless cake near me,https://numnumsbakery.com.au/blog/eggless-cakes-dean-park,0,1,0,12
best eggless cake near me,https://numnumsbakery.com.au/blog/eggless-cakes-riverstone,0,1,0,71
best eggless cake near me,https://numnumsbakery.com.au/cakes,0,1,0,46
best eggless cake shop near me,https://numnumsbakery.com.au/blog/best-eggless-cake-shops-sydney-2026,0,3,0,4
best eggless cake shop near me,https://numnumsbakery.com.au/blog/eggless-cake-bakery-harris-park-riverstone-sydney,0,1,0,3
best eggless cakes,https://numnumsbakery.com.au/blog/best-eggless-cake-shops-sydney-2026,0,5,0,4.8
best eggless cakes near me,https://numnumsbakery.com.au/,0,2,0,15
best eggless cakes near me,https://numnumsbakery.com.au/blog/best-eggless-cake-shops-sydney-2026,0,8,0,2.8
best eggless cakes near me,https://numnumsbakery.com.au/blog/eggless-cake-bakery-harris-park-riverstone-sydney,0,2,0,8.5
best eggless cakes near me,https://numnumsbakery.com.au/blog/eggless-cakes-near-me-sydney,0,1,0,12
best flourless chocolate cake near me,https://numnumsbakery.com.au/blog/best-dessert-shop-sydney,0,1,0,47
best flourless chocolate cake near me,https://numnumsbakery.com.au/blog/best-eggless-cake-shops-sydney-2026,0,2,0,14
best food near me,https://numnumsbakery.com.au/,0,1,0,13
best friends cake,https://numnumsbakery.com.au/,0,1,0,5
best gulab jamun near me,https://numnumsbakery.com.au/indian-sweet,0,2,0,28
best halal cake shop near me,https://numnumsbakery.com.au/,0,1,0,26
best halal food near me,https://numnumsbakery.com.au/,0,1,0,22
best healthy desserts near me,https://numnumsbakery.com.au/blog/best-dessert-shop-sydney,0,2,0,16
best indian bakery near me,https://numnumsbakery.com.au/,0,1,0,1
best indian bakery near me,https://numnumsbakery.com.au/indian-sweet,0,1,0,12
best indian cake,https://numnumsbakery.com.au/blog/eggless-cake-indian-flavours,0,1,0,15
best indian in harris park,https://numnumsbakery.com.au/,0,1,0,56
best indian mithai near me,https://numnumsbakery.com.au/indian-sweet,0,1,0,34
best indian sweet near me,https://numnumsbakery.com.au/indian-sweet,0,3,0,42
best indian sweet shop in sydney,https://numnumsbakery.com.au/indian-sweet,0,5,0,36
best indian sweet shop near me,https://numnumsbakery.com.au/indian-sweet,0,2,0,34.5
best indian sweets in sydney,https://numnumsbakery.com.au/indian-sweet,0,6,0,30.2
best indian sweets near me,https://numnumsbakery.com.au/indian-sweet,0,5,0,35.2
best indian sweets shop near me,https://numnumsbakery.com.au/indian-sweet,0,2,0,30
best indian sweets sydney,https://numnumsbakery.com.au/indian-sweet,0,9,0,32.8
best kids birthday cakes,https://numnumsbakery.com.au/blog/kids-birthday-cake-sydney,0,2,0,12
best kids cake in sydney,https://numnumsbakery.com.au/blog/kids-birthday-cake-north-west-sydney,0,1,0,60
best kids cake in sydney,https://numnumsbakery.com.au/blog/kids-birthday-cake-sydney,0,27,0,13
best kids cakes,https://numnumsbakery.com.au/blog/best-cake-sydney,0,1,0,7
best kids cakes in sydney,https://numnumsbakery.com.au/blog/kids-birthday-cake-north-west-sydney,0,2,0,31
best kids cakes in sydney,https://numnumsbakery.com.au/blog/kids-birthday-cake-sydney,0,31,0,13.1
best kids cakes near me,https://numnumsbakery.com.au/,0,1,0,38
best kids cakes sydney,https://numnumsbakery.com.au/blog/kids-birthday-cake-sydney,0,11,0,21.9
best lemon cake near me,https://numnumsbakery.com.au/,0,1,0,50
best meat pies near me,https://numnumsbakery.com.au/,0,2,0,17
best mud cake near me,https://numnumsbakery.com.au/,0,1,0,37
best nut free bakery near me,https://numnumsbakery.com.au/blog/best-eggless-cake-shops-sydney-2026,0,1,0,49
best pastries near me,https://numnumsbakery.com.au/,0,3,0,13.7
best pastry near me,https://numnumsbakery.com.au/,0,1,0,52
best petit fours near me,https://numnumsbakery.com.au/blog/best-dessert-shop-sydney,0,1,0,13
best pie near me,https://numnumsbakery.com.au/,0,1,0,18
best pie shop near me,https://numnumsbakery.com.au/,0,1,0,17
best pie shops near me,https://numnumsbakery.com.au/,0,2,0,10
best pies near me,https://numnumsbakery.com.au/,0,3,0,18.3
best place to buy cakes near me,https://numnumsbakery.com.au/,0,1,0,20
best rasmalai near me,https://numnumsbakery.com.au/,0,1,0,15
best rasmalai near me,https://numnumsbakery.com.au/indian-sweet,0,1,0,79
best rated cake shop near me,https://numnumsbakery.com.au/,0,1,0,7
best red velvet cake sydney,https://numnumsbakery.com.au/blog/autumn-cake-sydney,0,1,0,10
best red velvet cake sydney,https://numnumsbakery.com.au/blog/best-cake-sydney,0,28,0,2.5
best red velvet cake sydney,https://numnumsbakery.com.au/blog/eggless-red-velvet-cake-sydney,0,5,0,12.6
best schwarzwalder kirschtorte near me,https://numnumsbakery.com.au/blog/best-dessert-shop-sydney,0,1,0,10
best scones near me,https://numnumsbakery.com.au/,0,1,0,7
best store bought cupcakes near me,https://numnumsbakery.com.au/blog/best-dessert-shop-sydney,0,1,0,16
best sugar free desserts near me,https://numnumsbakery.com.au/blog/best-dessert-shop-sydney,0,1,0,17
best sweet shop near me,https://numnumsbakery.com.au/,0,2,0,4
best sweets near me,https://numnumsbakery.com.au/,0,1,0,7
best sweets shop near me,https://numnumsbakery.com.au/,0,1,0,3
best sweets shop near me,https://numnumsbakery.com.au/blog/best-dessert-shop-sydney,0,3,0,12
best sydney cakes,https://numnumsbakery.com.au/blog/best-cake-sydney,0,12,0,11.7
best tasting cakes,https://numnumsbakery.com.au/blog/best-cake-sydney,0,1,0,42
best tiramisu near me,https://numnumsbakery.com.au/,0,1,0,6
best ube cake near me,https://numnumsbakery.com.au/,0,1,0,27
best vanilla cake near me,https://numnumsbakery.com.au/blog/best-dessert-shop-sydney,0,1,0,8
best vegan desserts near me,https://numnumsbakery.com.au/,0,1,0,9
best wedding cake sydney,https://numnumsbakery.com.au/blog/best-cake-sydney,0,1,0,12
beurre noisette milton,https://numnumsbakery.com.au/,0,4,0,74.8
bexley north bakery,https://numnumsbakery.com.au/,0,1,0,64
beyond cakes,https://numnumsbakery.com.au/,0,1,0,4
big cookies near me,https://numnumsbakery.com.au/,0,1,0,9
big mishra pedha near me,https://numnumsbakery.com.au/indian-sweet,0,1,0,6
big serving of cake,https://numnumsbakery.com.au/blog/cake-serving-size-guide-sydney,0,8,0,3.4
birrong bakery,https://numnumsbakery.com.au/blog/eggless-cakes-birrong,0,7,0,7.7
birrong postcode,https://numnumsbakery.com.au/blog/eggless-cakes-birrong,0,17,0,9.3
birth cakes,https://numnumsbakery.com.au/blog/first-birthday-cake-sydney,0,1,0,12
birthday,https://numnumsbakery.com.au/,0,1,0,1
birthday brownie,https://numnumsbakery.com.au/,0,1,0,12
birthday cake,https://numnumsbakery.com.au/blog/eggless-cake-storage-freshness-guide,0,1,0,6
birthday cake,https://numnumsbakery.com.au/blog/how-to-design-birthday-cake-sydney,0,4,0,7.5
birthday cake,https://numnumsbakery.com.au/cakes,0,1,0,17
birthday cake and smash cake,https://numnumsbakery.com.au/blog/cake-smash-vs-first-birthday-cake-sydney,0,7,0,19.1
birthday cake and smash cake,https://numnumsbakery.com.au/blog/first-birthday-cake-sydney,0,31,0,18.8
birthday cake bakery near me,https://numnumsbakery.com.au/blog/eggless-cakes-riverstone,0,2,0,2.5
birthday cake bakery near me,https://numnumsbakery.com.au/blog/first-birthday-cake-sydney,0,2,0,6
birthday cake best,https://numnumsbakery.com.au/blog/best-cake-sydney,0,1,0,6
birthday cake cbd,https://numnumsbakery.com.au/,0,1,0,1
birthday cake cheap,https://numnumsbakery.com.au/,0,1,0,8
birthday cake eggless near me,https://numnumsbakery.com.au/blog/best-eggless-cake-shops-sydney-2026,0,1,0,11
birthday cake eggless near me,https://numnumsbakery.com.au/blog/eggless-cakes-dean-park,0,1,0,11
birthday cake eggless near me,https://numnumsbakery.com.au/blog/eggless-cakes-schofields,0,2,0,4
birthday cake for 48 year old man,https://numnumsbakery.com.au/blog/birthday-cake-for-men-sydney,0,1,0,11
birthday cake for first birthday,https://numnumsbakery.com.au/blog/first-birthday-cake-sydney,0,1,0,22
birthday cake for infants,https://numnumsbakery.com.au/blog/first-birthday-cake-sydney,0,1,0,10
birthday cake for men,https://numnumsbakery.com.au/blog/birthday-cake-for-men-sydney,0,1,0,5
birthday cake halal,https://numnumsbakery.com.au/,0,1,0,7
birthday cake hurstville,https://numnumsbakery.com.au/,0,1,0,64
birthday cake in bakery,https://numnumsbakery.com.au/blog/best-cake-sydney,0,1,0,11
birthday cake in bakery,https://numnumsbakery.com.au/blog/first-birthday-cake-sydney,0,1,0,5
birthday cake in bakery,https://numnumsbakery.com.au/blog/photo-cake-sydney,0,1,0,3
birthday cake near me,https://numnumsbakery.com.au/,0,26,0,12.3
birthday cake near me,https://numnumsbakery.com.au/blog/birthday-cake-near-me-sydney-suburbs,0,1,0,12
birthday cake near me,https://numnumsbakery.com.au/blog/eggless-cake-bakery-harris-park-riverstone-sydney,0,3,0,21
birthday cake near me,https://numnumsbakery.com.au/blog/eggless-cakes-schofields,0,3,0,8
birthday cake near me,https://numnumsbakery.com.au/cakes,0,1,0,12
birthday cake near me open now,https://numnumsbakery.com.au/,0,2,0,3.5
birthday cake north sydney,https://numnumsbakery.com.au/,0,7,0,54.7
birthday cake north sydney,https://numnumsbakery.com.au/blog/birthday-cake-near-me-sydney-suburbs,0,1,0,21
birthday cake north sydney,https://numnumsbakery.com.au/cakes,0,8,0,79.1
birthday cake nut free,https://numnumsbakery.com.au/blog/eggless-cake-nut-free-sydney,0,1,0,6
birthday cake one year,https://numnumsbakery.com.au/blog/first-birthday-cake-sydney,0,1,0,17
birthday cake online order,https://numnumsbakery.com.au/,0,2,0,15.5
birthday cake parramatta,https://numnumsbakery.com.au/,0,7,0,12
birthday cake photo print,https://numnumsbakery.com.au/blog/photo-cake-sydney,0,1,0,8
birthday cake places near me,https://numnumsbakery.com.au/,0,1,0,13
birthday cake printing,https://numnumsbakery.com.au/blog/photo-cake-sydney,0,3,0,7.7
birthday cake recommendation,https://numnumsbakery.com.au/blog/best-cake-sydney,0,2,0,6.5
birthday cake reservation,https://numnumsbakery.com.au/blog/how-to-order-cake-sydney,0,1,0,61
birthday cake restaurant near me,https://numnumsbakery.com.au/blog/birthday-cake-near-me-sydney-suburbs,0,1,0,5
birthday cake shop,https://numnumsbakery.com.au/,0,3,0,36.7
birthday cake shop,https://numnumsbakery.com.au/blog/best-cake-sydney,0,2,0,49
birthday cake shop,https://numnumsbakery.com.au/blog/eggless-cake-bakery-harris-park-riverstone-sydney,0,1,0,16
birthday cake shop,https://numnumsbakery.com.au/blog/eggless-cakes-schofields,0,1,0,26
birthday cake shop near me,https://numnumsbakery.com.au/blog/eggless-cakes-pitt-town,0,1,0,1
birthday cake shop near me open now,https://numnumsbakery.com.au/,0,1,0,1
birthday cake shops near me,https://numnumsbakery.com.au/,0,2,0,10.5
birthday cake size,https://numnumsbakery.com.au/blog/cake-serving-size-guide-sydney,0,1,0,9
birthday cake stores,https://numnumsbakery.com.au/,0,1,0,8
birthday cake sydney,https://numnumsbakery.com.au/,0,2,0,5
birthday cake sydney,https://numnumsbakery.com.au/blog/best-cake-sydney,0,2,0,7
birthday cake with custom photo,https://numnumsbakery.com.au/blog/photo-cake-sydney,0,1,0,9
birthday cake with photo,https://numnumsbakery.com.au/blog/photo-cake-sydney,0,20,0,8.6
birthday cake with photo near me,https://numnumsbakery.com.au/blog/photo-cake-sydney,0,1,0,5
birthday cake with photo on,https://numnumsbakery.com.au/blog/photo-cake-sydney,0,2,0,10
birthday cake with photo on it,https://numnumsbakery.com.au/blog/photo-cake-sydney,0,1,0,17
birthday cake with photograph,https://numnumsbakery.com.au/blog/photo-cake-sydney,0,2,0,7
birthday cake with picture,https://numnumsbakery.com.au/blog/photo-cake-sydney,0,4,0,8
birthday cake with picture and name,https://numnumsbakery.com.au/blog/photo-cake-sydney,0,3,0,11.3
birthday cake with picture on it,https://numnumsbakery.com.au/blog/photo-cake-sydney,0,3,0,6.7
birthday cake with picture on top,https://numnumsbakery.com.au/blog/photo-cake-sydney,0,5,0,8
birthday cake with printed picture,https://numnumsbakery.com.au/blog/photo-cake-sydney,0,1,0,4
birthday cake without eggs near me,https://numnumsbakery.com.au/blog/eggless-cake-bakery-harris-park-riverstone-sydney,0,1,0,8
birthday cakes,https://numnumsbakery.com.au/blog/first-birthday-cake-sydney,0,1,0,27
birthday cakes bakery near me,https://numnumsbakery.com.au/,0,1,0,13
birthday cakes eggless,https://numnumsbakery.com.au/blog/best-eggless-cake-shops-sydney-2026,0,1,0,7
birthday cakes for babies,https://numnumsbakery.com.au/blog/first-birthday-cake-sydney,0,1,0,9
birthday cakes for babies 1 year old,https://numnumsbakery.com.au/blog/first-birthday-cake-sydney,0,1,0,20
birthday cakes in sydney,https://numnumsbakery.com.au/,0,1,0,10
birthday cakes mosman,https://numnumsbakery.com.au/,0,3,0,48.3
birthday cakes near me,https://numnumsbakery.com.au/blog/best-cake-sydney,0,4,0,7
birthday cakes near me,https://numnumsbakery.com.au/blog/eggless-cake-bakery-harris-park-riverstone-sydney,0,1,0,9
birthday cakes near me,https://numnumsbakery.com.au/blog/eggless-cakes-dean-park,0,2,0,17.5
birthday cakes near me,https://numnumsbakery.com.au/cakes,0,2,0,9
birthday cakes north sydney,https://numnumsbakery.com.au/,0,3,0,73.3
birthday cakes north sydney,https://numnumsbakery.com.au/blog/birthday-cake-near-me-sydney-suburbs,0,1,0,27
birthday cakes north sydney,https://numnumsbakery.com.au/cakes,0,1,0,88
birthday cakes northern beaches,https://numnumsbakery.com.au/,0,1,0,66
birthday cakes online,https://numnumsbakery.com.au/,0,1,0,16
birthday cakes parramatta,https://numnumsbakery.com.au/,0,6,0,17.5
birthday cakes shops,https://numnumsbakery.com.au/,0,1,0,17
birthday cakes shops near me,https://numnumsbakery.com.au/blog/eggless-cakes-dean-park,0,1,0,42
birthday cakes shops near me,https://numnumsbakery.com.au/blog/first-birthday-cake-sydney,0,1,0,21
birthday cakes shops near me,https://numnumsbakery.com.au/blog/photo-cake-sydney,0,1,0,82
birthday cakes small,https://numnumsbakery.com.au/blog/first-birthday-cake-sydney,0,1,0,7
birthday cakes sydney,https://numnumsbakery.com.au/,0,4,0,9
birthday cakes sydney,https://numnumsbakery.com.au/blog/first-birthday-cake-sydney,0,18,0,17.1
birthday cakes sydney australia,https://numnumsbakery.com.au/,0,2,0,58
birthday cakes sydney cbd,https://numnumsbakery.com.au/blog/photo-cake-sydney,0,1,0,7
birthday cakes sydney west,https://numnumsbakery.com.au/blog/best-dessert-shop-sydney,0,5,0,20.2
birthday cakes sydney west,https://numnumsbakery.com.au/blog/birthday-cake-north-west-sydney,0,70,0,8.7
birthday cakes sydney west,https://numnumsbakery.com.au/blog/cake-shop-western-sydney,0,1,0,85
birthday cakes western sydney,https://numnumsbakery.com.au/blog/best-dessert-shop-sydney,0,20,0,16
birthday cakes western sydney,https://numnumsbakery.com.au/blog/cake-shop-western-sydney,0,1,0,11
birthday cakes with photo,https://numnumsbakery.com.au/blog/photo-cake-sydney,0,1,0,7
birthday cakes with photos on them,https://numnumsbakery.com.au/blog/photo-cake-sydney,0,4,0,6.8
birthday cakes with pictures on them,https://numnumsbakery.com.au/blog/photo-cake-sydney,0,1,0,8
birthday cakes yummiest,https://numnumsbakery.com.au/blog/best-cake-sydney,0,5,0,24.4
birthday cookies near me,https://numnumsbakery.com.au/blog/best-cake-sydney,0,1,0,13
birthday cupcake,https://numnumsbakery.com.au/,0,3,0,2
birthday cupcakes,https://numnumsbakery.com.au/,0,1,0,2
birthday desserts,https://numnumsbakery.com.au/,0,1,0,7
birthday food,https://numnumsbakery.com.au/,0,1,0,35
birthday party restaurant parramatta,https://numnumsbakery.com.au/,0,4,0,1
birthday photo cake,https://numnumsbakery.com.au/blog/photo-cake-sydney,0,5,0,5.8
biryani harris park,https://numnumsbakery.com.au/,0,1,0,67
black currant,https://numnumsbakery.com.au/,0,1,0,4
black currant cake,https://numnumsbakery.com.au/,0,1,0,1
black currant cake near me,https://numnumsbakery.com.au/,0,1,0,3
black forest cake,https://numnumsbakery.com.au/,0,27,0,12.2
black forest cake near me,https://numnumsbakery.com.au/cakes,0,2,0,1
black forest cake slice near me,https://numnumsbakery.com.au/,0,1,0,11
black forest cake sydney,https://numnumsbakery.com.au/,0,4,0,8.8
black forest pastry near me,https://numnumsbakery.com.au/,0,1,0,6
black forest premium cake,https://numnumsbakery.com.au/,0,1,0,9
black forest premium cake,https://numnumsbakery.com.au/cakes,0,1,0,9
blacktown filipino bakery,https://numnumsbakery.com.au/blog/eggless-cakes-filipino-debut-sydney,0,1,0,6
bligh park bakery,https://numnumsbakery.com.au/blog/eggless-cakes-bligh-park,0,14,0,9.1
bombay halwa near me,https://numnumsbakery.com.au/,0,1,0,12
bombay sweets near me,https://numnumsbakery.com.au/indian-sweet,0,1,0,16
boondi ladoo near me,https://numnumsbakery.com.au/,0,1,0,4
boondi sweet near me,https://numnumsbakery.com.au/,0,1,0,8
both closed,https://numnumsbakery.com.au/blog/best-eggless-cake-shops-sydney-2026,0,1,0,3
bread bakery near me,https://numnumsbakery.com.au/,0,2,0,7
bread halwa near me,https://numnumsbakery.com.au/,0,1,0,8
bread near me,https://numnumsbakery.com.au/,0,6,0,9.3
bread near me,https://numnumsbakery.com.au/cakes,0,1,0,3
bread near me open now,https://numnumsbakery.com.au/,0,1,0,10
bread shop near me,https://numnumsbakery.com.au/,0,5,0,8.2
bread shop near me,https://numnumsbakery.com.au/cakes,0,1,0,1
bread store near me,https://numnumsbakery.com.au/,0,2,0,10
breadshop near me,https://numnumsbakery.com.au/,0,1,0,16
breakfast bakery,https://numnumsbakery.com.au/,0,1,0,10
brownie,https://numnumsbakery.com.au/,0,4,0,4.2
brownie cake,https://numnumsbakery.com.au/,0,3,0,4.3
brownie cake near me,https://numnumsbakery.com.au/,0,2,0,5
brownie cakes,https://numnumsbakery.com.au/,0,1,0,4
brownie cakes for birthday,https://numnumsbakery.com.au/,0,1,0,10
brownie cakes near me,https://numnumsbakery.com.au/,0,1,0,6
brownie near me,https://numnumsbakery.com.au/,0,12,0,5.8
brownie place,https://numnumsbakery.com.au/,0,1,0,3
brownie places,https://numnumsbakery.com.au/,0,1,0,9
brownie places near me,https://numnumsbakery.com.au/,0,1,0,4
brownie shop near me,https://numnumsbakery.com.au/,0,2,0,3.5
brownies,https://numnumsbakery.com.au/,0,3,0,14.7
brownies near me,https://numnumsbakery.com.au/,0,19,0,10.9
brownies shop,https://numnumsbakery.com.au/,0,3,0,4
brumbys near me,https://numnumsbakery.com.au/,0,1,0,2
build a cake bakery,https://numnumsbakery.com.au/blog/first-birthday-cake-sydney,0,1,0,9
build your own dessert station west,https://numnumsbakery.com.au/blog/best-dessert-shop-sydney,0,1,0,10
bulk desserts near me,https://numnumsbakery.com.au/blog/best-dessert-shop-sydney,0,1,0,22
bun butter jam near me,https://numnumsbakery.com.au/,0,3,0,4.3
burrito,https://numnumsbakery.com.au/,0,1,0,20
butter cake near me,https://numnumsbakery.com.au/,0,3,0,7.7
butter cake near me,https://numnumsbakery.com.au/cakes,0,1,0,8
butter cookies,https://numnumsbakery.com.au/,0,1,0,3
butter cream cake near me,https://numnumsbakery.com.au/,0,2,0,11.5
butter muffins,https://numnumsbakery.com.au/,0,1,0,10
butter scotch cake near me,https://numnumsbakery.com.au/,0,1,0,55
butter scotch cale,https://numnumsbakery.com.au/,0,1,0,1
butterscotch cake,https://numnumsbakery.com.au/cakes,0,1,0,1
butterscotch cake near me,https://numnumsbakery.com.au/cakes,0,1,0,1
butterscotch cake nearby,https://numnumsbakery.com.au/,0,2,0,1
butterscotch cakes,https://numnumsbakery.com.au/,0,1,0,3
butterscotch pastry,https://numnumsbakery.com.au/,0,2,0,13.5
butterscotch pastry shop,https://numnumsbakery.com.au/,0,1,0,2
buy a cake,https://numnumsbakery.com.au/,0,1,0,8
buy birthday cake sydney,https://numnumsbakery.com.au/blog/best-cake-sydney,0,1,0,13
buy bread near me,https://numnumsbakery.com.au/,0,2,0,6
buy cake,https://numnumsbakery.com.au/,0,1,0,1
buy cake near me,https://numnumsbakery.com.au/,0,3,0,18.7
buy cake sydney,https://numnumsbakery.com.au/,0,2,0,65
buy eggless cake,https://numnumsbakery.com.au/,0,1,0,1
buy eggless cake,https://numnumsbakery.com.au/blog/eggless-cake-bakery-harris-park-riverstone-sydney,0,8,0,8.8
buy eggless cake,https://numnumsbakery.com.au/blog/eggless-cakes-northwest-sydney,0,1,0,2
buy eggless cake,https://numnumsbakery.com.au/blog/eggless-cakes-riverstone,0,1,0,13
buy eggless cake near me,https://numnumsbakery.com.au/,0,1,0,2
buy eggless cake near me,https://numnumsbakery.com.au/blog/best-eggless-cake-shops-sydney-2026,0,3,0,7
buy eggless cake near me,https://numnumsbakery.com.au/blog/eggless-cake-bakery-harris-park-riverstone-sydney,0,2,0,4.5
buy eggless cake near me,https://numnumsbakery.com.au/blog/eggless-cakes-dean-park,0,1,0,10
buy eggless cake near me,https://numnumsbakery.com.au/blog/eggless-cakes-doonside,0,1,0,5
buy eggless cake near me,https://numnumsbakery.com.au/blog/eggless-cakes-eastwood,0,1,0,15
buy eggless cake near me,https://numnumsbakery.com.au/blog/eggless-cakes-riverstone,0,2,0,12.5
buy eggless cake near me,https://numnumsbakery.com.au/blog/eggless-cakes-schofields,0,1,0,6
buy eggless cake near me,https://numnumsbakery.com.au/blog/eggless-cakes-woodville,0,1,0,13
buy ice cream cake near me,https://numnumsbakery.com.au/,0,1,0,9
buy indian bakery online,https://numnumsbakery.com.au/indian-sweet,0,122,0,7.0
buy indian sweets,https://numnumsbakery.com.au/indian-sweet,0,1,0,13
buy indian sweets near me,https://numnumsbakery.com.au/indian-sweet,0,2,0,12
buy mango cake,https://numnumsbakery.com.au/,0,1,0,7
buy matilda cake,https://numnumsbakery.com.au/,0,1,0,2
buy mithai online,https://numnumsbakery.com.au/indian-sweet,0,3,0,13.7
buy pastries near me,https://numnumsbakery.com.au/,0,2,0,8
buy scones,https://numnumsbakery.com.au/,0,2,0,8.5
by an indian,https://numnumsbakery.com.au/,0,1,0,3
cabramatta cakes,https://numnumsbakery.com.au/,0,1,0,55
cafe cake,https://numnumsbakery.com.au/,0,1,0,7
cafe cake suppliers sydney,https://numnumsbakery.com.au/blog/eggless-cake-wholesale-sydney,0,1,0,29
cafe cakes wholesale,https://numnumsbakery.com.au/blog/eggless-cake-wholesale-sydney,0,1,0,34
cafe cakes wholesale sydney,https://numnumsbakery.com.au/blog/eggless-cake-wholesale-sydney,0,1,0,24
cafe near me,https://numnumsbakery.com.au/,0,4,0,29.8
cafe pastries near me,https://numnumsbakery.com.au/,0,1,0,19
cake,https://numnumsbakery.com.au/blog/eggless-cakes-maha-shivratri-sydney,0,1,0,2
cake,https://numnumsbakery.com.au/blog/eggless-cakes-northwest-sydney,0,1,0,1
cake,https://numnumsbakery.com.au/cakes,0,2,0,7
cake 1st birthday,https://numnumsbakery.com.au/blog/first-birthday-cake-sydney,0,1,0,15
cake 4 you,https://numnumsbakery.com.au/blog/best-cake-sydney,0,1,0,26
cake 4 you,https://numnumsbakery.com.au/blog/eggless-cakes-schofields,0,1,0,4
cake 8th birthday,https://numnumsbakery.com.au/cakes,0,1,0,1
cake and cookies near me,https://numnumsbakery.com.au/,0,1,0,9
cake and dessert shop near me,https://numnumsbakery.com.au/,0,1,0,9
cake and smash cake,https://numnumsbakery.com.au/blog/first-birthday-cake-sydney,0,1,0,14
cake annandale,https://numnumsbakery.com.au/,0,1,0,64
cake around me,https://numnumsbakery.com.au/,0,2,0,17
cake auburn,https://numnumsbakery.com.au/,0,1,0,52
cake bakeries near me,https://numnumsbakery.com.au/,0,3,0,9.7
cake bakers near me,https://numnumsbakery.com.au/,0,3,0,9.7
cake bakers near me,https://numnumsbakery.com.au/blog/eggless-cakes-northwest-sydney,0,1,0,1
cake bakers near me,https://numnumsbakery.com.au/blog/eggless-cakes-the-ponds,0,1,0,1
cake bakery,https://numnumsbakery.com.au/,0,2,0,17.5
cake bakery,https://numnumsbakery.com.au/blog/eggless-cake-bakery-harris-park-riverstone-sydney,0,1,0,11
cake bakery near me,https://numnumsbakery.com.au/cakes,0,1,0,14
cake bakery sydney,https://numnumsbakery.com.au/,0,1,0,63
cake bakery waterloo,https://numnumsbakery.com.au/,0,1,0,47
cake birthday,https://numnumsbakery.com.au/,0,2,0,11.5
cake box how long does it last,https://numnumsbakery.com.au/blog/eggless-cake-storage-freshness-guide,0,1,0,11
cake buy near me,https://numnumsbakery.com.au/,0,1,0,4
cake calories,https://numnumsbakery.com.au/blog/eggless-cake-calories-guide-sydney,0,10,0,7.8
cake campbelltown,https://numnumsbakery.com.au/,0,2,0,68
cake chatswood,https://numnumsbakery.com.au/,0,1,0,77
cake choose,https://numnumsbakery.com.au/blog/best-cake-sydney,0,2,0,50
cake cost,https://numnumsbakery.com.au/blog/cake-price-guide-sydney,0,2,0,3.5
cake custom photo,https://numnumsbakery.com.au/blog/photo-cake-sydney,0,1,0,4
cake cutting ceremony,https://numnumsbakery.com.au/blog/cake-cutting-ceremony-sydney,0,2,0,5.5
cake cutting ceremony for birthday,https://numnumsbakery.com.au/blog/cake-cutting-ceremony-sydney,0,1,0,7
cake delivered,https://numnumsbakery.com.au/,0,1,0,13
cake delivered campbelltown,https://numnumsbakery.com.au/,0,4,0,69.5
cake delivered matraville,https://numnumsbakery.com.au/,0,2,0,66
cake delivered pennant hills,https://numnumsbakery.com.au/blog/eggless-cakes-west-pennant-hills,0,2,0,5
cake delivered windsor,https://numnumsbakery.com.au/blog/eggless-cakes-riverstone,0,1,0,17
cake delivery,https://numnumsbakery.com.au/,0,6,0,16.5
cake delivery campbelltown,https://numnumsbakery.com.au/,0,29,0,72.7
cake delivery castle hill,https://numnumsbakery.com.au/,0,5,0,72.6
cake delivery near me,https://numnumsbakery.com.au/,0,3,0,6.3
cake delivery north sydney,https://numnumsbakery.com.au/,0,10,0,48
cake delivery north sydney,https://numnumsbakery.com.au/blog/eggless-cake-delivery-sydney,0,5,0,28.4
cake delivery north sydney,https://numnumsbakery.com.au/cakes,0,8,0,66.1
cake delivery north sydney,https://numnumsbakery.com.au/order,0,1,0,73
cake delivery point piper,https://numnumsbakery.com.au/,0,3,0,82.7
cake delivery sunday,https://numnumsbakery.com.au/,0,2,0,4
cake delivery sydney,https://numnumsbakery.com.au/,0,1,0,6
cake delivery western sydney,https://numnumsbakery.com.au/blog/best-dessert-shop-sydney,0,1,0,25
cake delivery windsor,https://numnumsbakery.com.au/blog/cake-shop-western-sydney,0,1,0,34
cake design near me,https://numnumsbakery.com.au/,0,1,0,35
cake designers near me,https://numnumsbakery.com.au/blog/best-cake-sydney,0,1,0,12
cake designers near me,https://numnumsbakery.com.au/blog/eggless-cakes-schofields,0,1,0,19
cake dessert near me,https://numnumsbakery.com.au/blog/best-dessert-shop-sydney,0,1,0,11
cake desserts near me,https://numnumsbakery.com.au/,0,1,0,7
cake discovery,https://numnumsbakery.com.au/cakes,0,1,0,2
cake edible printing near me,https://numnumsbakery.com.au/,0,1,0,1
cake edible printing near me,https://numnumsbakery.com.au/blog/photo-cake-sydney,0,1,0,8
cake eggless near me,https://numnumsbakery.com.au/blog/best-eggless-cake-shops-sydney-2026,0,8,0,6.5
cake eggless near me,https://numnumsbakery.com.au/blog/eggless-cake-bakery-harris-park-riverstone-sydney,0,8,0,8.5
cake eggless near me,https://numnumsbakery.com.au/blog/eggless-cakes-dean-park,0,2,0,8
cake eggless near me,https://numnumsbakery.com.au/blog/eggless-cakes-schofields,0,3,0,5
cake eggless shop near me,https://numnumsbakery.com.au/blog/best-eggless-cake-shops-sydney-2026,0,1,0,10
cake eggless shop near me,https://numnumsbakery.com.au/blog/eggless-cake-bakery-harris-park-riverstone-sydney,0,3,0,7
cake eggless shop near me,https://numnumsbakery.com.au/blog/eggless-cakes-rooty-hill,0,1,0,4
cake eggless shop near me,https://numnumsbakery.com.au/blog/eggless-cakes-schofields,0,1,0,4
cake first,https://numnumsbakery.com.au/blog/first-birthday-cake-sydney,0,1,0,9
cake first birthday,https://numnumsbakery.com.au/blog/first-birthday-cake-sydney,0,62,0,17.0
cake for 100 guests,https://numnumsbakery.com.au/blog/first-birthday-cake-sydney,0,1,0,20
cake for 100 guests,https://numnumsbakery.com.au/blog/multicultural-celebration-cake-sydney,0,1,0,10
cake for 100 people,https://numnumsbakery.com.au/blog/sheet-cake-sydney,0,1,0,2
cake for 12 people size,https://numnumsbakery.com.au/blog/cake-serving-size-guide-sydney,0,2,0,6
cake for 50 people price,https://numnumsbakery.com.au/blog/cake-price-guide-sydney,0,2,0,25
cake for birthday,https://numnumsbakery.com.au/,0,2,0,10.5
cake for fathers day,https://numnumsbakery.com.au/,0,1,0,4
cake for my birthday,https://numnumsbakery.com.au/cakes,0,1,0,6
cake for pregnant women,https://numnumsbakery.com.au/blog/eggless-cake-for-pregnancy-sydney,0,1,0,7
cake halal near me,https://numnumsbakery.com.au/,0,2,0,30
cake image,https://numnumsbakery.com.au/blog/photo-cake-sydney,0,1,0,2
cake image printing near me,https://numnumsbakery.com.au/blog/photo-cake-sydney,0,4,0,8.5
cake in a can,https://numnumsbakery.com.au/cakes,0,2,0,3
cake in city,https://numnumsbakery.com.au/blog/best-cake-sydney,0,1,0,10
cake in parramatta,https://numnumsbakery.com.au/,0,4,0,16
cake in sydney,https://numnumsbakery.com.au/,0,1,0,4
cake in the city,https://numnumsbakery.com.au/blog/best-cake-sydney,0,4,0,10.2
cake inches,https://numnumsbakery.com.au/blog/cake-serving-size-guide-sydney,0,1,0,6
cake ingredients shop near me,https://numnumsbakery.com.au/,0,2,0,10.5
cake kcal,https://numnumsbakery.com.au/blog/eggless-cake-calories-guide-sydney,0,1,0,10
cake leichhardt,https://numnumsbakery.com.au/,0,4,0,59.8
cake less sugar,https://numnumsbakery.com.au/,0,2,0,9
cake lidcombe,https://numnumsbakery.com.au/,0,1,0,30
cake lidcombe,https://numnumsbakery.com.au/blog/eggless-cakes-lidcombe,0,2,0,9.5
cake makers near me,https://numnumsbakery.com.au/blog/eggless-cakes-dean-park,0,1,0,30
cake makers near me,https://numnumsbakery.com.au/blog/eggless-cakes-riverstone,0,1,0,62
cake makers western sydney,https://numnumsbakery.com.au/blog/best-dessert-shop-sydney,0,55,0,11.6
cake makers western sydney,https://numnumsbakery.com.au/blog/eggless-cake-bakery-harris-park-riverstone-sydney,0,3,0,22
cake market near me,https://numnumsbakery.com.au/blog/best-eggless-cake-shops-sydney-2026,0,1,0,11
cake milton,https://numnumsbakery.com.au/,0,3,0,39.7
cake near,https://numnumsbakery.com.au/,0,2,0,8
cake near me,https://numnumsbakery.com.au/blog/best-dessert-shop-sydney,0,1,0,7
cake near me,https://numnumsbakery.com.au/blog/eggless-cake-bakery-harris-park-riverstone-sydney,0,3,0,7.7
cake near me,https://numnumsbakery.com.au/blog/eggless-cakes-riverstone,0,3,0,6.3
cake near me,https://numnumsbakery.com.au/cakes,0,8,0,2.8
cake near me eggless,https://numnumsbakery.com.au/blog/best-eggless-cake-shops-sydney-2026,0,4,0,8.2
cake near me eggless,https://numnumsbakery.com.au/blog/eggless-cake-bakery-harris-park-riverstone-sydney,0,4,0,6
cake near me eggless,https://numnumsbakery.com.au/blog/eggless-cakes-dean-park,0,1,0,8
cake near me eggless,https://numnumsbakery.com.au/blog/eggless-cakes-doonside,0,2,0,14
cake near me eggless,https://numnumsbakery.com.au/blog/eggless-cakes-schofields,0,1,0,5
cake near me now,https://numnumsbakery.com.au/,0,1,0,1
cake near me now,https://numnumsbakery.com.au/blog/best-cake-sydney,0,1,0,7
cake near me open now,https://numnumsbakery.com.au/,0,4,0,5.5
cake near me tres leches,https://numnumsbakery.com.au/,0,1,0,2
cake near me within 1.6 km,https://numnumsbakery.com.au/,0,1,0,2
cake near me.,https://numnumsbakery.com.au/,0,1,0,7
cake near ne,https://numnumsbakery.com.au/,0,1,0,9
cake near parramatta,https://numnumsbakery.com.au/,0,1,0,22
cake near.me,https://numnumsbakery.com.au/,0,1,0,27
cake nearby,https://numnumsbakery.com.au/,0,2,0,2
cake nearby me,https://numnumsbakery.com.au/,0,1,0,4
cake nearby me,https://numnumsbakery.com.au/blog/eggless-cakes-riverstone,0,3,0,6
cake north sydney,https://numnumsbakery.com.au/,0,6,0,55
cake north sydney,https://numnumsbakery.com.au/cakes,0,2,0,80
cake north sydney,https://numnumsbakery.com.au/order,0,1,0,78
cake online,https://numnumsbakery.com.au/,0,1,0,2
cake open now,https://numnumsbakery.com.au/,0,2,0,7
cake options,https://numnumsbakery.com.au/blog/best-cake-sydney,0,1,0,71
cake order,https://numnumsbakery.com.au/,0,1,0,8
cake order sydney,https://numnumsbakery.com.au/,0,1,0,55
cake order with photo,https://numnumsbakery.com.au/blog/photo-cake-sydney,0,1,0,9
cake ordering,https://numnumsbakery.com.au/,0,1,0,5
cake party near me,https://numnumsbakery.com.au/blog/eggless-cakes-riverstone,0,1,0,18
cake pastry,https://numnumsbakery.com.au/,0,1,0,7
cake patisserie near me,https://numnumsbakery.com.au/,0,1,0,23
cake photo,https://numnumsbakery.com.au/blog/photo-cake-sydney,0,3,0,25.7
cake photo cake,https://numnumsbakery.com.au/blog/photo-cake-sydney,0,3,0,10.3
cake photo cake photo,https://numnumsbakery.com.au/blog/photo-cake-sydney,0,1,0,19
cake photo print,https://numnumsbakery.com.au/blog/photo-cake-sydney,0,1,0,10
cake photo printing,https://numnumsbakery.com.au/blog/photo-cake-sydney,0,27,0,8.3
cake pick,https://numnumsbakery.com.au/blog/photo-cake-sydney,0,2,0,8.5
cake picture printing,https://numnumsbakery.com.au/blog/photo-cake-sydney,0,7,0,6.7
cake place,https://numnumsbakery.com.au/,0,2,0,20.5
cake place near me,https://numnumsbakery.com.au/,0,6,0,5.3
cake place open near me,https://numnumsbakery.com.au/,0,2,0,13
cake place open near me,https://numnumsbakery.com.au/cakes,0,1,0,13
cake places in sydney,https://numnumsbakery.com.au/,0,1,0,58
cake places near me,https://numnumsbakery.com.au/,0,12,0,8.8
cake price,https://numnumsbakery.com.au/blog/best-eggless-cake-shops-sydney-2026,0,1,0,4
cake price,https://numnumsbakery.com.au/blog/cake-price-guide-sydney,0,2,0,11.5
cake prices list,https://numnumsbakery.com.au/blog/cake-price-guide-sydney,0,1,0,9
cake prices near me,https://numnumsbakery.com.au/blog/best-cake-sydney,0,1,0,6
cake print,https://numnumsbakery.com.au/blog/photo-cake-sydney,0,3,0,9.7
cake print near me,https://numnumsbakery.com.au/,0,2,0,3.5
cake print near me,https://numnumsbakery.com.au/blog/photo-cake-sydney,0,1,0,6
cake print photo,https://numnumsbakery.com.au/blog/photo-cake-sydney,0,10,0,7.1
cake print shop,https://numnumsbakery.com.au/blog/photo-cake-sydney,0,3,0,8
cake printed picture,https://numnumsbakery.com.au/blog/photo-cake-sydney,0,1,0,6
cake printer near me,https://numnumsbakery.com.au/blog/photo-cake-sydney,0,2,0,13
cake printing,https://numnumsbakery.com.au/blog/photo-cake-sydney,0,17,0,22.7
cake recommendation,https://numnumsbakery.com.au/blog/best-cake-sydney,0,1,0,13
cake sale near me,https://numnumsbakery.com.au/,0,1,0,7
cake same day,https://numnumsbakery.com.au/,0,1,0,29
cake season,https://numnumsbakery.com.au/blog/spring-cake-sydney,0,1,0,8
cake selection,https://numnumsbakery.com.au/blog/best-cake-sydney,0,1,0,86
cake serving guide,https://numnumsbakery.com.au/blog/cake-serving-size-guide-sydney,0,5,0,7.6
cake serving guide australia,https://numnumsbakery.com.au/blog/cake-serving-size-guide-sydney,0,2,0,6.5
cake serving size,https://numnumsbakery.com.au/blog/cake-serving-size-guide-sydney,0,7,0,5
cake serving size chart,https://numnumsbakery.com.au/blog/cake-serving-size-guide-sydney,0,3,0,7
cake serving size guide,https://numnumsbakery.com.au/blog/cake-serving-size-guide-sydney,0,1,0,8
cake serving sizes,https://numnumsbakery.com.au/blog/cake-serving-size-guide-sydney,0,7,0,8.6
cake servings,https://numnumsbakery.com.au/blog/cake-serving-size-guide-sydney,0,2,0,12.5
cake shop,https://numnumsbakery.com.au/blog/eggless-cake-bakery-harris-park-riverstone-sydney,0,3,0,3
cake shop,https://numnumsbakery.com.au/cakes,0,5,0,5.8
cake shop armidale,https://numnumsbakery.com.au/,0,2,0,63.5
cake shop around me,https://numnumsbakery.com.au/,0,2,0,13
cake shop artarmon,https://numnumsbakery.com.au/,0,1,0,46
cake shop ashfield,https://numnumsbakery.com.au/,0,1,0,70
cake shop auburn,https://numnumsbakery.com.au/,0,1,0,40
cake shop barangaroo,https://numnumsbakery.com.au/,0,1,0,63
cake shop bexley,https://numnumsbakery.com.au/,0,2,0,68
cake shop brighton le sands,https://numnumsbakery.com.au/,0,4,0,63
cake shop broadway,https://numnumsbakery.com.au/,0,2,0,57.5
cake shop broadway shopping centre,https://numnumsbakery.com.au/,0,1,0,43
cake shop campbelltown,https://numnumsbakery.com.au/,0,2,0,62
cake shop chadstone,https://numnumsbakery.com.au/,0,4,0,46.5
cake shop cheap,https://numnumsbakery.com.au/,0,1,0,3
cake shop cherrybrook,https://numnumsbakery.com.au/blog/eggless-cakes-cherrybrook,0,2,0,10
cake shop chinatown,https://numnumsbakery.com.au/,0,1,0,20
cake shop chipping norton,https://numnumsbakery.com.au/,0,4,0,62.5
cake shop delivery near me,https://numnumsbakery.com.au/,0,1,0,9
cake shop drummoyne,https://numnumsbakery.com.au/,0,3,0,51
cake shop dudley road,https://numnumsbakery.com.au/blog/eggless-cakes-schofields,0,2,0,7
cake shop eggless,https://numnumsbakery.com.au/blog/best-eggless-cake-shops-sydney-2026,0,2,0,6.5
cake shop eggless,https://numnumsbakery.com.au/blog/eggless-cake-bakery-harris-park-riverstone-sydney,0,2,0,12.5
cake shop eggless,https://numnumsbakery.com.au/cakes,0,1,0,48
cake shop eggless near me,https://numnumsbakery.com.au/,0,2,0,6
cake shop eggless near me,https://numnumsbakery.com.au/blog/best-eggless-cake-shops-sydney-2026,0,4,0,6.8
cake shop eggless near me,https://numnumsbakery.com.au/blog/eggless-cake-bakery-harris-park-riverstone-sydney,0,5,0,5.2
cake shop eggless near me,https://numnumsbakery.com.au/blog/eggless-cakes-northmead,0,1,0,9
cake shop frenchs forest,https://numnumsbakery.com.au/,0,1,0,72
cake shop halal,https://numnumsbakery.com.au/,0,1,0,45
cake shop halal near me,https://numnumsbakery.com.au/,0,2,0,33
cake shop harris park,https://numnumsbakery.com.au/about,0,5,0,81
cake shop harris park,https://numnumsbakery.com.au/blog/best-dessert-shop-sydney,0,8,0,25
cake shop harris park,https://numnumsbakery.com.au/blog/eggless-cake-bakery-harris-park-riverstone-sydney,0,125,0,7.3
cake shop harris park,https://numnumsbakery.com.au/blog/eggless-cakes-bossley-park,0,3,0,11.7
cake shop harris park,https://numnumsbakery.com.au/blog/eggless-cakes-eastwood,0,1,0,19
cake shop harris park,https://numnumsbakery.com.au/blog/eggless-cakes-harris-park,0,4,0,7.5
cake shop harris park,https://numnumsbakery.com.au/blog/eggless-cakes-prospect,0,1,0,17
cake shop harris park,https://numnumsbakery.com.au/blog/eggless-cakes-wentworth-point,0,1,0,34
cake shop harris park,https://numnumsbakery.com.au/blog/eggless-cakes-yagoona,0,1,0,19
cake shop harris park,https://numnumsbakery.com.au/order,0,2,0,87
cake shop in auburn,https://numnumsbakery.com.au/,0,1,0,19
cake shop in auburn,https://numnumsbakery.com.au/blog/eggless-cakes-auburn,0,1,0,12
cake shop in chadstone,https://numnumsbakery.com.au/,0,1,0,66
cake shop in harris park,https://numnumsbakery.com.au/about,0,2,0,64
cake shop in harris park,https://numnumsbakery.com.au/blog/best-dessert-shop-sydney,0,5,0,36.2
cake shop in harris park,https://numnumsbakery.com.au/blog/eggless-cake-bakery-harris-park-riverstone-sydney,0,83,0,6.9
cake shop in harris park,https://numnumsbakery.com.au/blog/eggless-cake-delivery-sydney,0,1,0,92
cake shop in harris park,https://numnumsbakery.com.au/blog/eggless-cakes-harris-park,0,1,0,6
cake shop in harris park,https://numnumsbakery.com.au/blog/eggless-cakes-homebush,0,1,0,13
cake shop in harris park,https://numnumsbakery.com.au/blog/eggless-cakes-mays-hill,0,1,0,24
cake shop in harris park,https://numnumsbakery.com.au/blog/eggless-cakes-northmead,0,1,0,14
cake shop in harris park,https://numnumsbakery.com.au/blog/eggless-cakes-prospect,0,2,0,14.5
cake shop in merrylands,https://numnumsbakery.com.au/,0,1,0,27
cake shop in near me,https://numnumsbakery.com.au/,0,1,0,11
cake shop in north sydney,https://numnumsbakery.com.au/,0,1,0,74
cake shop in north sydney,https://numnumsbakery.com.au/blog/best-dessert-shop-sydney,0,1,0,17
cake shop in north sydney,https://numnumsbakery.com.au/cakes,0,1,0,89
cake shop in rockdale,https://numnumsbakery.com.au/,0,3,0,43.3
cake shop in town hall,https://numnumsbakery.com.au/,0,2,0,48
cake shop in wentworthville,https://numnumsbakery.com.au/,0,3,0,11.3
cake shop in westfield parramatta,https://numnumsbakery.com.au/,0,2,0,10
cake shop indian,https://numnumsbakery.com.au/blog/best-eggless-cake-shops-sydney-2026,0,1,0,4
cake shop indian,https://numnumsbakery.com.au/blog/eggless-cake-bakery-harris-park-riverstone-sydney,0,1,0,11
cake shop ingleburn,https://numnumsbakery.com.au/,0,1,0,46
cake shop inner west,https://numnumsbakery.com.au/,0,1,0,70
cake shop inner west,https://numnumsbakery.com.au/blog/best-dessert-shop-sydney,0,8,0,38.6
cake shop kellyville,https://numnumsbakery.com.au/,0,3,0,57
cake shop kings langley,https://numnumsbakery.com.au/blog/eggless-cakes-woodcroft,0,1,0,10
cake shop knox,https://numnumsbakery.com.au/,0,1,0,54
cake shop lalor,https://numnumsbakery.com.au/blog/eggless-cakes-lalor-park,0,1,0,23
cake shop liverpool,https://numnumsbakery.com.au/,0,2,0,69
cake shop macquarie centre,https://numnumsbakery.com.au/,0,3,0,52
cake shop macquarie park,https://numnumsbakery.com.au/,0,1,0,48
cake shop manchester,https://numnumsbakery.com.au/,0,1,0,64
cake shop marsden park,https://numnumsbakery.com.au/,0,29,0,9.2
cake shop marsden park,https://numnumsbakery.com.au/blog/best-dessert-shop-sydney,0,1,0,11
cake shop marsden park,https://numnumsbakery.com.au/blog/eggless-cake-bakery-harris-park-riverstone-sydney,0,1,0,10
cake shop marsden park,https://numnumsbakery.com.au/cakes,0,1,0,10
cake shop mcgraths hill,https://numnumsbakery.com.au/blog/eggless-cakes-mcgraths-hill,0,3,0,4.3
cake shop mear me,https://numnumsbakery.com.au/,0,1,0,1
cake shop merrylands,https://numnumsbakery.com.au/,0,3,0,29.7
cake shop minto,https://numnumsbakery.com.au/,0,3,0,52.3
cake shop mona vale,https://numnumsbakery.com.au/,0,3,0,59.3
cake shop mosman,https://numnumsbakery.com.au/,0,4,0,53.5
cake shop name,https://numnumsbakery.com.au/,0,1,0,8
cake shop near,https://numnumsbakery.com.au/,0,1,0,6
cake shop near by me,https://numnumsbakery.com.au/,0,1,0,5
cake shop near m3,https://numnumsbakery.com.au/,0,1,0,2
cake shop near marsden park,https://numnumsbakery.com.au/,0,1,0,1
cake shop near marsden park,https://numnumsbakery.com.au/blog/best-dessert-shop-sydney,0,1,0,11
cake shop near marsden park,https://numnumsbakery.com.au/cakes,0,1,0,1
cake shop near me,https://numnumsbakery.com.au/blog/best-cake-sydney,0,1,0,63
cake shop near me,https://numnumsbakery.com.au/blog/best-dessert-shop-sydney,0,1,0,12
cake shop near me,https://numnumsbakery.com.au/blog/eggless-cake-bakery-harris-park-riverstone-sydney,0,2,0,1
cake shop near me,https://numnumsbakery.com.au/blog/eggless-cakes-northwest-sydney,0,2,0,1
cake shop near me,https://numnumsbakery.com.au/blog/eggless-cakes-riverstone,0,1,0,9
cake shop near me,https://numnumsbakery.com.au/blog/eggless-cakes-schofields,0,1,0,3
cake shop near me,https://numnumsbakery.com.au/blog/eggless-cakes-the-ponds,0,2,0,1
cake shop near me,https://numnumsbakery.com.au/cakes,0,26,0,6.4
cake shop near me customised,https://numnumsbakery.com.au/,0,1,0,18
cake shop near me eggless,https://numnumsbakery.com.au/blog/best-eggless-cake-shops-sydney-2026,0,3,0,6.3
cake shop near me eggless,https://numnumsbakery.com.au/blog/eggless-cake-bakery-harris-park-riverstone-sydney,0,4,0,6.2
cake shop near me eggless,https://numnumsbakery.com.au/blog/eggless-cakes-dean-park,0,1,0,9
cake shop near me halal,https://numnumsbakery.com.au/,0,3,0,28.3
cake shop near me home delivery,https://numnumsbakery.com.au/,0,1,0,4
cake shop near me open,https://numnumsbakery.com.au/,0,1,0,2
cake shop near me within 400m,https://numnumsbakery.com.au/,0,1,0,2
cake shop near me within 8.1 km,https://numnumsbakery.com.au/,0,1,0,4
cake shop near me within 800m,https://numnumsbakery.com.au/,0,2,0,4
cake shop near ne,https://numnumsbakery.com.au/,0,1,0,5
cake shop near parramatta,https://numnumsbakery.com.au/,0,18,0,8.6
cake shop near rouse hill,https://numnumsbakery.com.au/,0,2,0,16.5
cake shop near town hall,https://numnumsbakery.com.au/,0,2,0,7
cake shop near.me,https://numnumsbakery.com.au/,0,3,0,3.3
cake shop near.me,https://numnumsbakery.com.au/cakes,0,1,0,6
cake shop nearby,https://numnumsbakery.com.au/,0,10,0,7.7
cake shop nearme,https://numnumsbakery.com.au/blog/eggless-cakes-schofields,0,1,0,3
cake shop newtown,https://numnumsbakery.com.au/,0,1,0,68
cake shop noble park,https://numnumsbakery.com.au/,0,1,0,48
cake shop north lakes,https://numnumsbakery.com.au/,0,1,0,59
cake shop north parramatta,https://numnumsbakery.com.au/blog/eggless-cake-bakery-harris-park-riverstone-sydney,0,1,0,13
cake shop north ryde,https://numnumsbakery.com.au/,0,2,0,51
cake shop north sydney,https://numnumsbakery.com.au/,0,6,0,52
cake shop north sydney,https://numnumsbakery.com.au/blog/best-dessert-shop-sydney,0,1,0,27
cake shop north sydney,https://numnumsbakery.com.au/cakes,0,1,0,77
cake shop northern beaches,https://numnumsbakery.com.au/,0,1,0,66
cake shop northmead,https://numnumsbakery.com.au/,0,1,0,56
cake shop northmead,https://numnumsbakery.com.au/blog/eggless-cakes-northmead,0,3,0,8
cake shop oatley,https://numnumsbakery.com.au/,0,1,0,46
cake shop open near me,https://numnumsbakery.com.au/,0,5,0,9.6
cake shop open near me now,https://numnumsbakery.com.au/blog/best-dessert-shop-sydney,0,1,0,5
cake shop opening hours,https://numnumsbakery.com.au/,0,1,0,1
cake shop parramatta westfield,https://numnumsbakery.com.au/,0,2,0,24
cake shop pitt street,https://numnumsbakery.com.au/,0,5,0,55
cake shop pyrmont,https://numnumsbakery.com.au/,0,4,0,43
cake shop quakers hill,https://numnumsbakery.com.au/,0,3,0,35.3
cake shop quakers hill,https://numnumsbakery.com.au/blog/eggless-cakes-quakers-hill,0,3,0,11
cake shop quakers hill,https://numnumsbakery.com.au/blog/eggless-cakes-the-ponds,0,1,0,1
cake shop riverstone,https://numnumsbakery.com.au/blog/eggless-cakes-riverstone,0,1,0,7
cake shop riverstone,https://numnumsbakery.com.au/blog/eggless-cakes-the-ponds,0,1,0,1
cake shop rouse hill,https://numnumsbakery.com.au/blog/eggless-cakes-northwest-sydney,0,1,0,1
cake shop rouse hill,https://numnumsbakery.com.au/cakes,0,1,0,9
cake shop ryde,https://numnumsbakery.com.au/,0,3,0,61.7
cake shop schofields,https://numnumsbakery.com.au/blog/best-dessert-shop-sydney,0,4,0,11
cake shop schofields,https://numnumsbakery.com.au/blog/eggless-cakes-dean-park,0,4,0,11.2
cake shop schofields,https://numnumsbakery.com.au/blog/eggless-cakes-schofields,0,7,0,10.1
cake shop schofields,https://numnumsbakery.com.au/cakes,0,3,0,7.7
cake shop sydney,https://numnumsbakery.com.au/,0,59,0,57.2
cake shop sydney near me,https://numnumsbakery.com.au/,0,1,0,9
cake shop tallawong,https://numnumsbakery.com.au/,0,4,0,7.5
cake shop tallawong,https://numnumsbakery.com.au/blog/cake-shop-western-sydney,0,1,0,10
cake shop tallawong,https://numnumsbakery.com.au/cakes,0,1,0,8
cake shop west end,https://numnumsbakery.com.au/blog/best-dessert-shop-sydney,0,1,0,22
cake shop west ryde,https://numnumsbakery.com.au/blog/eggless-cakes-west-ryde,0,1,0,11
cake shop western suburbs,https://numnumsbakery.com.au/blog/best-dessert-shop-sydney,0,1,0,5
cake shop westfield parramatta,https://numnumsbakery.com.au/,0,4,0,22
cake shop williamstown,https://numnumsbakery.com.au/,0,3,0,55
cake shop windsor,https://numnumsbakery.com.au/,0,1,0,20
cake shop winston hills,https://numnumsbakery.com.au/blog/eggless-cakes-winston-hills,0,5,0,10
cake shop within 8.1 km,https://numnumsbakery.com.au/,0,1,0,5
cake shop woolloomooloo,https://numnumsbakery.com.au/,0,2,0,57.5
cake shop wynnum,https://numnumsbakery.com.au/order,0,1,0,61
cake shop.,https://numnumsbakery.com.au/,0,3,0,15
cake shop.near me,https://numnumsbakery.com.au/,0,8,0,9.4
cake shop.near me,https://numnumsbakery.com.au/cakes,0,1,0,9
cake shop.near.me,https://numnumsbakery.com.au/,0,1,0,10
cake shopping near me,https://numnumsbakery.com.au/blog/eggless-cakes-riverstone,0,1,0,16
cake shops,https://numnumsbakery.com.au/,0,17,0,19.2
cake shops campbelltown,https://numnumsbakery.com.au/,0,1,0,66
cake shops cbd,https://numnumsbakery.com.au/,0,1,0,16
cake shops chadstone,https://numnumsbakery.com.au/,0,1,0,53
cake shops in parramatta,https://numnumsbakery.com.au/,0,3,0,13.3
cake shops in parramatta westfield,https://numnumsbakery.com.au/,0,1,0,18
cake shops in sydney,https://numnumsbakery.com.au/,0,1,0,56
cake shops in sydney australia,https://numnumsbakery.com.au/,0,1,0,60
cake shops in the city,https://numnumsbakery.com.au/,0,1,0,38
cake shops in waterloo,https://numnumsbakery.com.au/,0,1,0,57
cake shops inner west sydney,https://numnumsbakery.com.au/,0,1,0,73
cake shops inner west sydney,https://numnumsbakery.com.au/blog/best-dessert-shop-sydney,0,1,0,17
cake shops near by,https://numnumsbakery.com.au/,0,1,0,8
cake shops near here,https://numnumsbakery.com.au/,0,1,0,4
cake shops near me,https://numnumsbakery.com.au/blog/eggless-cake-bakery-harris-park-riverstone-sydney,0,2,0,6
cake shops near me,https://numnumsbakery.com.au/blog/eggless-cakes-riverstone,0,1,0,1
cake shops near me,https://numnumsbakery.com.au/cakes,0,6,0,6.3
cake shops near me.,https://numnumsbakery.com.au/,0,1,0,6
cake shops nearby,https://numnumsbakery.com.au/,0,2,0,4
cake shops north sydney,https://numnumsbakery.com.au/,0,2,0,44.5
cake shops open,https://numnumsbakery.com.au/,0,3,0,17.3
cake shops open near me open now,https://numnumsbakery.com.au/,0,1,0,6
cake shops open now,https://numnumsbakery.com.au/,0,1,0,8
cake shops open now,https://numnumsbakery.com.au/blog/eggless-cake-bakery-harris-park-riverstone-sydney,0,1,0,9
cake shops parramatta,https://numnumsbakery.com.au/,0,11,0,18.5
cake shops parramatta westfield,https://numnumsbakery.com.au/,0,1,0,20
cake shops rouse hill,https://numnumsbakery.com.au/,0,2,0,8
cake shops sydney,https://numnumsbakery.com.au/,0,3,0,44.7
cake shops sydney cbd,https://numnumsbakery.com.au/blog/eggless-cake-bakery-harris-park-riverstone-sydney,0,1,0,22
cake size chart,https://numnumsbakery.com.au/blog/cake-serving-size-guide-sydney,0,1,0,8
cake size for 10 people,https://numnumsbakery.com.au/blog/cake-serving-size-guide-sydney,0,2,0,5.5
cake size for 12 people,https://numnumsbakery.com.au/blog/cake-serving-size-guide-sydney,0,1,0,7
cake size for 20,https://numnumsbakery.com.au/blog/cake-serving-size-guide-sydney,0,1,0,5
cake size for 6 people,https://numnumsbakery.com.au/blog/cake-serving-size-guide-sydney,0,1,0,4
cake size guide,https://numnumsbakery.com.au/blog/cake-serving-size-guide-sydney,0,2,0,9
cake sizes,https://numnumsbakery.com.au/blog/cake-serving-size-guide-sydney,0,1,0,7
cake sizes and servings,https://numnumsbakery.com.au/blog/cake-serving-size-guide-sydney,0,2,0,7.5
cake sizes round,https://numnumsbakery.com.au/blog/cake-serving-size-guide-sydney,0,4,0,6
cake sjop near me,https://numnumsbakery.com.au/,0,1,0,1
cake slice,https://numnumsbakery.com.au/,0,1,0,60
cake slice size,https://numnumsbakery.com.au/blog/cake-serving-size-guide-sydney,0,1,0,6
cake slice sizes,https://numnumsbakery.com.au/blog/cake-serving-size-guide-sydney,0,1,0,7
cake slices,https://numnumsbakery.com.au/,0,2,0,5
cake smash,https://numnumsbakery.com.au/blog/cake-smash-cakes-sydney,0,1,0,1
cake smash cakes,https://numnumsbakery.com.au/blog/cake-smash-vs-first-birthday-cake-sydney,0,3,0,9
cake smash cakes,https://numnumsbakery.com.au/blog/first-birthday-cake-sydney,0,18,0,10.6
cake smash cakes sydney,https://numnumsbakery.com.au/blog/cake-smash-cakes-sydney,0,5,0,8.2
cake smash cakes sydney,https://numnumsbakery.com.au/blog/cake-smash-vs-first-birthday-cake-sydney,0,1,0,11
cake stall,https://numnumsbakery.com.au/blog/cake-school-fete-fundraiser-sydney,0,2,0,14
cake stand bakery,https://numnumsbakery.com.au/blog/photo-cake-sydney,0,1,0,8
cake store,https://numnumsbakery.com.au/,0,3,0,15
cake store,https://numnumsbakery.com.au/blog/eggless-cake-bakery-harris-park-riverstone-sydney,0,3,0,14.3
cake store open now,https://numnumsbakery.com.au/,0,1,0,8
cake store parramatta,https://numnumsbakery.com.au/,0,2,0,10
cake stores,https://numnumsbakery.com.au/,0,2,0,16.5
cake stores near me,https://numnumsbakery.com.au/cakes,0,1,0,1
cake stores sydney,https://numnumsbakery.com.au/,0,6,0,54.5
cake supplier sydney,https://numnumsbakery.com.au/,0,4,0,83
cake suppliers sydney,https://numnumsbakery.com.au/,0,16,0,76.9
cake sydney,https://numnumsbakery.com.au/,0,19,0,63.3
cake tasting box sydney,https://numnumsbakery.com.au/blog/eggless-cake-tasting-sydney,0,1,0,19
cake that designer cakes,https://numnumsbakery.com.au/blog/luxury-cake-sydney,0,2,0,68
cake to buy near me,https://numnumsbakery.com.au/,0,2,0,14
cake to go price list 2026,https://numnumsbakery.com.au/blog/cake-price-guide-sydney,0,1,0,8
cake to order,https://numnumsbakery.com.au/,0,1,0,3
cake topper sydney,https://numnumsbakery.com.au/blog/cake-toppers-sydney,0,5,0,5.6
cake toppers sydney,https://numnumsbakery.com.au/blog/cake-toppers-sydney,0,37,0,8.6
cake trends 2026,https://numnumsbakery.com.au/blog/eggless-cake-trends-sydney-2026,0,1,0,6
cake vegetarian near me,https://numnumsbakery.com.au/blog/eggless-cake-for-vegetarians-sydney,0,1,0,9
cake vs tart,https://numnumsbakery.com.au/blog/eggless-cake-vs-tart-sydney,0,1,0,1
cake wholesale shop near me,https://numnumsbakery.com.au/blog/eggless-cake-wholesale-sydney,0,1,0,7
cake wholesale sydney,https://numnumsbakery.com.au/,0,1,0,71
cake wholesale sydney,https://numnumsbakery.com.au/blog/eggless-cake-wholesale-sydney,0,5,0,24.4
cake with a face on it,https://numnumsbakery.com.au/blog/photo-cake-sydney,0,1,0,7
cake with a photo,https://numnumsbakery.com.au/blog/photo-cake-sydney,0,2,0,7
cake with a photo on it,https://numnumsbakery.com.au/blog/photo-cake-sydney,0,3,0,7
cake with a picture,https://numnumsbakery.com.au/blog/photo-cake-sydney,0,4,0,5.8
cake with a picture on it,https://numnumsbakery.com.au/blog/photo-cake-sydney,0,2,0,5
cake with custom image,https://numnumsbakery.com.au/blog/photo-cake-sydney,0,7,0,5.7
cake with custom image near me,https://numnumsbakery.com.au/blog/photo-cake-sydney,0,1,0,5
cake with custom photo,https://numnumsbakery.com.au/blog/photo-cake-sydney,0,3,0,4.7
cake with custom picture,https://numnumsbakery.com.au/blog/photo-cake-sydney,0,1,0,3
cake with custom writing,https://numnumsbakery.com.au/blog/photo-cake-sydney,0,1,0,9
cake with edible image near me,https://numnumsbakery.com.au/blog/photo-cake-sydney,0,1,0,9
cake with face,https://numnumsbakery.com.au/blog/photo-cake-sydney,0,5,0,8.2
cake with face on it,https://numnumsbakery.com.au/blog/photo-cake-sydney,0,15,0,7.5
cake with face on it near me,https://numnumsbakery.com.au/blog/photo-cake-sydney,0,1,0,8
cake with face printed on it,https://numnumsbakery.com.au/blog/photo-cake-sydney,0,5,0,7
cake with image,https://numnumsbakery.com.au/blog/photo-cake-sydney,0,6,0,9.2
cake with image on it,https://numnumsbakery.com.au/blog/photo-cake-sydney,0,2,0,6
cake with image printed on it,https://numnumsbakery.com.au/blog/photo-cake-sydney,0,3,0,4
cake with personalised photo,https://numnumsbakery.com.au/blog/photo-cake-sydney,0,6,0,8.8
cake with photo and name,https://numnumsbakery.com.au/blog/photo-cake-sydney,0,1,0,16
cake with photo near me,https://numnumsbakery.com.au/blog/photo-cake-sydney,0,3,0,14
cake with photo on,https://numnumsbakery.com.au/blog/photo-cake-sydney,0,2,0,8
cake with photo on it,https://numnumsbakery.com.au/blog/photo-cake-sydney,0,6,0,8.2
cake with photo on it near me,https://numnumsbakery.com.au/blog/photo-cake-sydney,0,2,0,19.5
cake with photo on top,https://numnumsbakery.com.au/blog/photo-cake-sydney,0,114,0,9.5
cake with photo on top near me,https://numnumsbakery.com.au/blog/photo-cake-sydney,0,20,0,9
cake with photo print,https://numnumsbakery.com.au/blog/photo-cake-sydney,0,6,0,9
cake with photo printed,https://numnumsbakery.com.au/blog/photo-cake-sydney,0,3,0,7.7
cake with photo printed on it,https://numnumsbakery.com.au/blog/photo-cake-sydney,0,2,0,8
cake with photo printed on it near me,https://numnumsbakery.com.au/blog/photo-cake-sydney,0,2,0,7.5
cake with photograph,https://numnumsbakery.com.au/blog/photo-cake-sydney,0,2,0,7.5
cake with photographs,https://numnumsbakery.com.au/blog/photo-cake-sydney,0,1,0,13
cake with photos,https://numnumsbakery.com.au/blog/photo-cake-sydney,0,7,0,9.1
cake with photos on it,https://numnumsbakery.com.au/blog/photo-cake-sydney,0,1,0,10
cake with photos on top,https://numnumsbakery.com.au/blog/photo-cake-sydney,0,2,0,10
cake with picture,https://numnumsbakery.com.au/blog/photo-cake-sydney,0,8,0,7.4
cake with picture on,https://numnumsbakery.com.au/blog/photo-cake-sydney,0,1,0,3
cake with picture on it,https://numnumsbakery.com.au/blog/photo-cake-sydney,0,2,0,8.5
cake with picture on it near me,https://numnumsbakery.com.au/blog/photo-cake-sydney,0,3,0,7
cake with picture on top,https://numnumsbakery.com.au/,0,1,0,4
cake with picture on top,https://numnumsbakery.com.au/blog/photo-cake-sydney,0,17,0,7.9
cake with picture on top near me,https://numnumsbakery.com.au/blog/photo-cake-sydney,0,2,0,14.5
cake with picture printed on it,https://numnumsbakery.com.au/blog/photo-cake-sydney,0,5,0,4.8
cake with pictures on top,https://numnumsbakery.com.au/blog/photo-cake-sydney,0,4,0,6
cake with print,https://numnumsbakery.com.au/blog/photo-cake-sydney,0,1,0,4
cake with printed picture,https://numnumsbakery.com.au/blog/photo-cake-sydney,0,1,0,9
cake with printed picture near me,https://numnumsbakery.com.au/blog/photo-cake-sydney,0,13,0,8.5
cake with writing on top,https://numnumsbakery.com.au/blog/photo-cake-sydney,0,2,0,10.5
cake without egg near me,https://numnumsbakery.com.au/blog/eggless-cake-bakery-harris-park-riverstone-sydney,0,4,0,8.5
cake without eggs near me,https://numnumsbakery.com.au/,0,2,0,6
cake without eggs near me,https://numnumsbakery.com.au/blog/best-eggless-cake-shops-sydney-2026,0,3,0,4.3
cake without eggs near me,https://numnumsbakery.com.au/blog/eggless-cake-bakery-harris-park-riverstone-sydney,0,1,0,4
cake without eggs near me,https://numnumsbakery.com.au/blog/eggless-cake-for-vegetarians-sydney,0,1,0,4
cake without eggs near me,https://numnumsbakery.com.au/blog/eggless-cakes-dean-park,0,1,0,8
cake without eggs near me,https://numnumsbakery.com.au/blog/eggless-cakes-schofields,0,1,0,4
cake wynyard,https://numnumsbakery.com.au/,0,1,0,69
cake.shop near me,https://numnumsbakery.com.au/,0,2,0,5
cakes and cookies menu,https://numnumsbakery.com.au/blog/eggless-cakes-dean-park,0,1,0,11
cakes and tarts,https://numnumsbakery.com.au/blog/eggless-cake-vs-tart-sydney,0,1,0,14
cakes around me,https://numnumsbakery.com.au/,0,1,0,8
cakes artarmon,https://numnumsbakery.com.au/,0,2,0,47
cakes auburn,https://numnumsbakery.com.au/blog/eggless-cakes-auburn,0,1,0,9
cakes bankstown,https://numnumsbakery.com.au/,0,2,0,59.5
cakes barangaroo,https://numnumsbakery.com.au/,0,2,0,71
cakes best,https://numnumsbakery.com.au/blog/best-cake-sydney,0,1,0,16
cakes by jacob's mum,https://numnumsbakery.com.au/,0,3,0,58.3
cakes by jacob's mum,https://numnumsbakery.com.au/cakes,0,1,0,86
cakes campbelltown,https://numnumsbakery.com.au/,0,1,0,71
cakes carlingford,https://numnumsbakery.com.au/,0,1,0,42
cakes carlingford,https://numnumsbakery.com.au/blog/eggless-cakes-carlingford,0,1,0,10
cakes chadstone,https://numnumsbakery.com.au/,0,2,0,43
cakes chatswood,https://numnumsbakery.com.au/,0,1,0,76
cakes crows nest,https://numnumsbakery.com.au/cakes,0,1,0,73
cakes desserts near me,https://numnumsbakery.com.au/,0,1,0,2
cakes drummoyne,https://numnumsbakery.com.au/,0,1,0,49
cakes eastwood,https://numnumsbakery.com.au/blog/eggless-cakes-eastwood,0,1,0,15
cakes eggless,https://numnumsbakery.com.au/,0,1,0,2
cakes eggless,https://numnumsbakery.com.au/blog/best-eggless-cake-shops-sydney-2026,0,7,0,11.9
cakes eggless,https://numnumsbakery.com.au/blog/eggless-cake-for-vegetarians-sydney,0,1,0,17
cakes eggless,https://numnumsbakery.com.au/cakes,0,3,0,26.7
cakes eggless near me,https://numnumsbakery.com.au/blog/best-eggless-cake-shops-sydney-2026,0,1,0,7
cakes eggless near me,https://numnumsbakery.com.au/blog/eggless-cake-bakery-harris-park-riverstone-sydney,0,1,0,5
cakes epping,https://numnumsbakery.com.au/blog/eggless-cakes-epping,0,1,0,10
cakes erina,https://numnumsbakery.com.au/,0,1,0,57
cakes erina fair,https://numnumsbakery.com.au/,0,1,0,69
cakes for 1st birthday,https://numnumsbakery.com.au/blog/first-birthday-cake-sydney,0,4,0,10.8
cakes for 20 people,https://numnumsbakery.com.au/blog/corporate-cake-sydney.html,0,1,0,5
cakes for babies birthday,https://numnumsbakery.com.au/blog/first-birthday-cake-sydney,0,1,0,12
cakes for baby,https://numnumsbakery.com.au/blog/first-birthday-cake-sydney,0,1,0,24
cakes for baby first birthday,https://numnumsbakery.com.au/blog/first-birthday-cake-sydney,0,1,0,13
cakes for babys,https://numnumsbakery.com.au/blog/first-birthday-cake-sydney,0,2,0,13.5
cakes for elderly,https://numnumsbakery.com.au/blog/eggless-cake-for-seniors-sydney,0,13,0,9.2
cakes for kids sydney,https://numnumsbakery.com.au/blog/kids-birthday-cake-sydney,0,13,0,21.6
cakes for men sydney,https://numnumsbakery.com.au/blog/birthday-cake-for-men-sydney,0,7,0,6
cakes for sale near me,https://numnumsbakery.com.au/,0,1,0,16
cakes in parramatta,https://numnumsbakery.com.au/,0,8,0,15.4
cakes in sydney,https://numnumsbakery.com.au/,0,15,0,66.7
cakes in sydney,https://numnumsbakery.com.au/blog/best-cake-sydney,0,5,0,8.2
cakes in the city,https://numnumsbakery.com.au/blog/best-cake-sydney,0,1,0,13
cakes inner west,https://numnumsbakery.com.au/blog/best-dessert-shop-sydney,0,2,0,32.5
cakes inner west sydney,https://numnumsbakery.com.au/blog/best-dessert-shop-sydney,0,3,0,29.7
cakes kellyville,https://numnumsbakery.com.au/,0,1,0,64
cakes marsden park,https://numnumsbakery.com.au/,0,1,0,9
cakes milton,https://numnumsbakery.com.au/,0,1,0,37
cakes mona vale,https://numnumsbakery.com.au/cakes,0,1,0,28
cakes mosman,https://numnumsbakery.com.au/,0,64,0,58.9
cakes near me,https://numnumsbakery.com.au/blog/eggless-cake-bakery-harris-park-riverstone-sydney,0,1,0,1
cakes near me,https://numnumsbakery.com.au/blog/eggless-cakes-riverstone,0,2,0,7.5
cakes near me bakery,https://numnumsbakery.com.au/,0,1,0,8
cakes near me eggless,https://numnumsbakery.com.au/,0,1,0,7
cakes near me eggless,https://numnumsbakery.com.au/blog/eggless-cake-bakery-harris-park-riverstone-sydney,0,2,0,4.5
cakes near me eggless,https://numnumsbakery.com.au/blog/eggless-cakes-doonside,0,2,0,14.5
cakes near me eggless,https://numnumsbakery.com.au/blog/eggless-cakes-grantham-farm,0,1,0,12
cakes near me eggless,https://numnumsbakery.com.au/cakes,0,1,0,13
cakes near me open now,https://numnumsbakery.com.au/,0,8,0,5.2
cakes near rouse hill,https://numnumsbakery.com.au/,0,3,0,14.7
cakes nearby,https://numnumsbakery.com.au/,0,2,0,8.5
cakes neutral bay,https://numnumsbakery.com.au/,0,2,0,56
cakes north lakes,https://numnumsbakery.com.au/,0,1,0,68
cakes north shore,https://numnumsbakery.com.au/,0,1,0,60
cakes north sydney,https://numnumsbakery.com.au/,0,9,0,45.2
cakes north sydney,https://numnumsbakery.com.au/cakes,0,2,0,83
cakes northern suburbs,https://numnumsbakery.com.au/,0,1,0,80
cakes northmead,https://numnumsbakery.com.au/blog/eggless-cakes-northmead,0,1,0,7
cakes online,https://numnumsbakery.com.au/,0,1,0,19
cakes online delivery near me,https://numnumsbakery.com.au/,0,2,0,5.5
cakes open now,https://numnumsbakery.com.au/,0,1,0,7
cakes parramatta westfield,https://numnumsbakery.com.au/,0,5,0,17.4
cakes photo,https://numnumsbakery.com.au/blog/photo-cake-sydney,0,1,0,6
cakes premium,https://numnumsbakery.com.au/,0,1,0,4
cakes rouse hill,https://numnumsbakery.com.au/blog/eggless-cake-bakery-harris-park-riverstone-sydney,0,1,0,51
cakes same day delivery,https://numnumsbakery.com.au/,0,1,0,6
cakes shop,https://numnumsbakery.com.au/,0,1,0,9
cakes shop around me,https://numnumsbakery.com.au/,0,1,0,26
cakes shop near me,https://numnumsbakery.com.au/,0,9,0,7.7
cakes shops,https://numnumsbakery.com.au/blog/first-birthday-cake-sydney,0,1,0,12
cakes shops near me,https://numnumsbakery.com.au/,0,1,0,3
cakes silverwater,https://numnumsbakery.com.au/,0,1,0,66
cakes silverwater,https://numnumsbakery.com.au/blog/eggless-cakes-silverwater,0,1,0,7
cakes store near me,https://numnumsbakery.com.au/,0,1,0,1
cakes sydney australia,https://numnumsbakery.com.au/,0,7,0,65.4
cakes sydney west,https://numnumsbakery.com.au/blog/best-dessert-shop-sydney,0,59,0,9.0
cakes sydney west,https://numnumsbakery.com.au/blog/cake-shop-western-sydney,0,1,0,23
cakes sydney west,https://numnumsbakery.com.au/blog/eggless-cake-bakery-harris-park-riverstone-sydney,0,1,0,40
cakes tiramisu,https://numnumsbakery.com.au/,0,1,0,5
cakes to order near me,https://numnumsbakery.com.au/,0,1,0,5
cakes to order near me,https://numnumsbakery.com.au/blog/best-cake-sydney,0,1,0,39
cakes to order near me,https://numnumsbakery.com.au/blog/eggless-cakes-riverstone,0,1,0,10
cakes to order sydney,https://numnumsbakery.com.au/blog/best-cake-sydney,0,1,0,29
cakes waterloo,https://numnumsbakery.com.au/,0,2,0,95
cakes western sydney,https://numnumsbakery.com.au/blog/best-dessert-shop-sydney,0,23,0,9.3
cakes western sydney,https://numnumsbakery.com.au/blog/cake-shop-western-sydney,0,1,0,6
cakes williamstown,https://numnumsbakery.com.au/,0,4,0,48.5
cakes with a picture on it,https://numnumsbakery.com.au/blog/photo-cake-sydney,0,1,0,3
cakes with custom image,https://numnumsbakery.com.au/blog/photo-cake-sydney,0,1,0,9
cakes with custom pictures,https://numnumsbakery.com.au/blog/photo-cake-sydney,0,3,0,3.7
cakes with images,https://numnumsbakery.com.au/blog/photo-cake-sydney,0,1,0,6
cakes with images on them,https://numnumsbakery.com.au/blog/photo-cake-sydney,0,3,0,7
cakes with less cream,https://numnumsbakery.com.au/,0,1,0,6
cakes with photo,https://numnumsbakery.com.au/blog/photo-cake-sydney,0,3,0,12
cakes with photo images on them,https://numnumsbakery.com.au/blog/photo-cake-sydney,0,11,0,8.3
cakes with photo on top,https://numnumsbakery.com.au/blog/photo-cake-sydney,0,3,0,8.3
cakes with photographs on them,https://numnumsbakery.com.au/blog/photo-cake-sydney,0,1,0,11
cakes with photos near me,https://numnumsbakery.com.au/blog/photo-cake-sydney,0,1,0,19
cakes with photos on them,https://numnumsbakery.com.au/blog/photo-cake-sydney,0,9,0,7.1
cakes with photos on them near me,https://numnumsbakery.com.au/blog/photo-cake-sydney,0,1,0,23
cakes with photos printed on them,https://numnumsbakery.com.au/blog/photo-cake-sydney,0,3,0,7.3
cakes with pics on them,https://numnumsbakery.com.au/blog/photo-cake-sydney,0,1,0,10
cakes with pictures,https://numnumsbakery.com.au/blog/photo-cake-sydney,0,3,0,10
cakes with pictures on them,https://numnumsbakery.com.au/blog/photo-cake-sydney,0,6,0,8.8
cakes with pictures on them near me,https://numnumsbakery.com.au/blog/photo-cake-sydney,0,2,0,18
cakes with pictures on top,https://numnumsbakery.com.au/blog/photo-cake-sydney,0,1,0,7
cakes with printed images,https://numnumsbakery.com.au/blog/photo-cake-sydney,0,2,0,9.5
cakes without egg,https://numnumsbakery.com.au/,0,1,0,13
cakes without eggs near me,https://numnumsbakery.com.au/blog/best-eggless-cake-shops-sydney-2026,0,1,0,12
cakes without eggs near me,https://numnumsbakery.com.au/blog/eggless-cakes-woodville,0,1,0,6
cakes.near me,https://numnumsbakery.com.au/,0,1,0,6
cakeshop,https://numnumsbakery.com.au/,0,3,0,23
cakesin,https://numnumsbakery.com.au/blog/photo-cake-sydney,0,2,0,10
cakesnear me,https://numnumsbakery.com.au/blog/eggless-cakes-newington,0,1,0,8
calories for cake,https://numnumsbakery.com.au/blog/eggless-cake-calories-guide-sydney,0,1,0,7
calories in a cake,https://numnumsbakery.com.au/blog/eggless-cake-calories-guide-sydney,0,2,0,8
calories in cake,https://numnumsbakery.com.au/blog/eggless-cake-calories-guide-sydney,0,4,0,8.5
calories in cakes,https://numnumsbakery.com.au/blog/eggless-cake-calories-guide-sydney,0,1,0,7
calories in small slice of cake,https://numnumsbakery.com.au/blog/eggless-cake-calories-guide-sydney,0,1,0,8
calories of cake,https://numnumsbakery.com.au/blog/eggless-cake-calories-guide-sydney,0,1,0,8
came near me,https://numnumsbakery.com.au/,0,1,0,1
can vegetarians eat cake,https://numnumsbakery.com.au/blog/vegan-vs-eggless-cakes-difference,0,1,0,9
can vegetarians eat cake with eggs,https://numnumsbakery.com.au/blog/vegan-vs-eggless-cakes-difference,0,5,0,8.2
can you list it,https://numnumsbakery.com.au/,0,1,0,1
cannoli cake near me,https://numnumsbakery.com.au/cakes,0,1,0,1
cannoli platter near me,https://numnumsbakery.com.au/,0,1,0,16
cannolis near me,https://numnumsbakery.com.au/cakes,0,1,0,1
car detailing newington,https://numnumsbakery.com.au/blog/eggless-cakes-newington,0,4,0,19
carlingford bakery,https://numnumsbakery.com.au/,0,1,0,74
carlingford cake shop,https://numnumsbakery.com.au/blog/eggless-cakes-carlingford,0,1,0,13
carrot cake birthday cake,https://numnumsbakery.com.au/,0,5,0,9
carrot cake near me,https://numnumsbakery.com.au/,0,4,0,13.5
carrot cake order,https://numnumsbakery.com.au/,0,1,0,10
celebration bakery,https://numnumsbakery.com.au/blog/best-dessert-shop-sydney,0,3,0,11.7
celebration cakes bakery,https://numnumsbakery.com.au/blog/best-dessert-shop-sydney,0,2,0,17.5
celebration cakes bakery,https://numnumsbakery.com.au/blog/first-birthday-cake-sydney,0,1,0,5
celebration cakes bakery,https://numnumsbakery.com.au/blog/multicultural-celebration-cake-sydney,0,1,0,11
celebration cakes sydney,https://numnumsbakery.com.au/blog/best-cake-sydney,0,1,0,16
celebration cakes to order online,https://numnumsbakery.com.au/blog/multicultural-celebration-cake-sydney,0,1,0,9
ceremonial cake cutting,https://numnumsbakery.com.au/blog/cake-cutting-ceremony-sydney,0,1,0,6
chadstone bakery,https://numnumsbakery.com.au/,0,3,0,52.7
chadstone cake,https://numnumsbakery.com.au/,0,1,0,54
chadstone cake shop,https://numnumsbakery.com.au/,0,5,0,50.2
chadstone cakes,https://numnumsbakery.com.au/,0,2,0,43
chadstone dessert,https://numnumsbakery.com.au/,0,1,0,63
chadstone desserts,https://numnumsbakery.com.au/,0,1,0,60
cham cham sweet near me,https://numnumsbakery.com.au/,0,1,0,5
cham cham sweet near me,https://numnumsbakery.com.au/indian-sweet,0,1,0,44
cheap birthday cakes near me,https://numnumsbakery.com.au/blog/eggless-cakes-schofields,0,1,0,10
cheap cake bakery,https://numnumsbakery.com.au/blog/eggless-cakes-schofields,0,2,0,32
cheap cake near me,https://numnumsbakery.com.au/,0,3,0,2.7
cheap cake shop,https://numnumsbakery.com.au/,0,2,0,18
cheap cake shops,https://numnumsbakery.com.au/,0,1,0,9
cheap cakes,https://numnumsbakery.com.au/,0,1,0,55
cheap cakes for birthdays near me,https://numnumsbakery.com.au/blog/birthday-cake-north-west-sydney,0,1,0,27
cheap cakes near me,https://numnumsbakery.com.au/,0,3,0,6.3
cheap cakes online delivery,https://numnumsbakery.com.au/blog/cake-order-online-sydney,0,2,0,75.5
cheap cakes sydney,https://numnumsbakery.com.au/,0,1,0,52
cheap eggless cake near me,https://numnumsbakery.com.au/,0,2,0,18.5
cheap eggless cake near me,https://numnumsbakery.com.au/blog/best-eggless-cake-shops-sydney-2026,0,2,0,9.5
cheap eggless cake near me,https://numnumsbakery.com.au/blog/eggless-cake-bakery-harris-park-riverstone-sydney,0,3,0,6.7
cheap eggless cake near me,https://numnumsbakery.com.au/blog/eggless-cake-for-vegetarians-sydney,0,1,0,78
cheap eggless cake near me,https://numnumsbakery.com.au/blog/eggless-cakes-winston-hills,0,1,0,9
cheese cake has egg,https://numnumsbakery.com.au/blog/eggless-cake-vs-cheesecake-sydney,0,2,0,8
cheese cake have egg,https://numnumsbakery.com.au/blog/eggless-cake-vs-cheesecake-sydney,0,2,0,7.5
cheese cake shop eggless cake,https://numnumsbakery.com.au/,0,1,0,4
cheesecake contains egg,https://numnumsbakery.com.au/blog/eggless-cake-vs-cheesecake-sydney,0,1,0,7
cheesecake contains egg or not,https://numnumsbakery.com.au/blog/eggless-cake-vs-cheesecake-sydney,0,2,0,7.5
cheesecake does it have eggs,https://numnumsbakery.com.au/blog/eggless-cake-vs-cheesecake-sydney,0,2,0,7.5
cheesecake eggless,https://numnumsbakery.com.au/blog/eggless-cakes-northwest-sydney,0,1,0,4
cheesecake eggless,https://numnumsbakery.com.au/blog/eggless-cakes-the-ponds,0,1,0,4
cheesecake eggless cake,https://numnumsbakery.com.au/blog/eggless-cake-vs-cheesecake-sydney,0,3,0,9
cheesecake has egg or not,https://numnumsbakery.com.au/blog/eggless-cake-vs-cheesecake-sydney,0,1,0,10
cheesecake near me,https://numnumsbakery.com.au/,0,8,0,10.1
cheesecake near me open now,https://numnumsbakery.com.au/,0,1,0,8
cheesecake near me within 800m,https://numnumsbakery.com.au/,0,1,0,7
cheesecake parramatta,https://numnumsbakery.com.au/,0,1,0,30
cheesecake shop near me,https://numnumsbakery.com.au/,0,2,0,23.5
chewy cookie near me,https://numnumsbakery.com.au/,0,3,0,1.7
chicken puff pastry,https://numnumsbakery.com.au/,0,2,0,12
chicken shop near me,https://numnumsbakery.com.au/,0,1,0,40
chiffon cakes,https://numnumsbakery.com.au/,0,1,0,4
chiffon vs sponge cake,https://numnumsbakery.com.au/blog/eggless-cake-vs-sponge-cake,0,1,0,24
children cakes,https://numnumsbakery.com.au/blog/kids-birthday-cake-sydney,0,1,0,36
childrens birthday cakes,https://numnumsbakery.com.au/blog/first-birthday-cake-sydney,0,3,0,27.7
childrens birthday cakes near me,https://numnumsbakery.com.au/blog/kids-birthday-cake-sydney,0,1,0,16
childrens cakes sydney,https://numnumsbakery.com.au/blog/kids-birthday-cake-sydney,0,1,0,21
chinese cakes near me,https://numnumsbakery.com.au/,0,1,0,10
chocochip cupcake,https://numnumsbakery.com.au/,0,1,0,7
chocochip cupcake,https://numnumsbakery.com.au/cakes,0,1,0,7
chocolate barfi near me,https://numnumsbakery.com.au/indian-sweet,0,1,0,3
chocolate birthday cake,https://numnumsbakery.com.au/,0,1,0,7
chocolate brownie near me,https://numnumsbakery.com.au/,0,3,0,5.7
chocolate cake,https://numnumsbakery.com.au/,0,13,0,12.4
chocolate cake delivered,https://numnumsbakery.com.au/,0,1,0,3
chocolate cake near me,https://numnumsbakery.com.au/,0,13,0,6.7
chocolate cake shop near me,https://numnumsbakery.com.au/,0,1,0,49
chocolate cake sydney,https://numnumsbakery.com.au/,0,1,0,3
chocolate cakes sydney,https://numnumsbakery.com.au/,0,1,0,10
chocolate chip cookie cake,https://numnumsbakery.com.au/,0,1,0,3
chocolate croissant,https://numnumsbakery.com.au/,0,1,0,12
chocolate cupcakes,https://numnumsbakery.com.au/,0,1,0,6
chocolate eggless cake,https://numnumsbakery.com.au/blog/eggless-cake-storage-freshness-guide,0,1,0,3
chocolate flourless cake near me,https://numnumsbakery.com.au/blog/eggless-cakes-schofields,0,1,0,36
chocolate fudge cake,https://numnumsbakery.com.au/,0,1,0,10
chocolate hazelnut birthday cake,https://numnumsbakery.com.au/,0,1,0,16
chocolate mousse cake,https://numnumsbakery.com.au/,0,1,0,10
chocolate mousse cake near me,https://numnumsbakery.com.au/blog/best-dessert-shop-sydney,0,2,0,24.5
chocolate mud cake,https://numnumsbakery.com.au/,0,5,0,38.8
chocolate mud cake near me,https://numnumsbakery.com.au/,0,2,0,5.5
chocolate pastry,https://numnumsbakery.com.au/,0,1,0,59
chocolate rice cakes,https://numnumsbakery.com.au/,0,1,0,8
chocolate smash cake,https://numnumsbakery.com.au/,0,1,0,8
chocolate treats near me,https://numnumsbakery.com.au/,0,2,0,35.5
christening cakes western sydney,https://numnumsbakery.com.au/blog/christening-naming-day-cakes-sydney,0,1,0,10
christmas cake near me,https://numnumsbakery.com.au/blog/eggless-cakes-schofields,0,1,0,5
churma ladoo near me,https://numnumsbakery.com.au/indian-sweet,0,6,0,9.8
cinnabon cake,https://numnumsbakery.com.au/,0,1,0,8
cinnamon donuts near me,https://numnumsbakery.com.au/,0,1,0,3
cinnamon roll,https://numnumsbakery.com.au/,0,1,0,15
cinnamon roll near me,https://numnumsbakery.com.au/,0,4,0,8
cinnamon rolls,https://numnumsbakery.com.au/,0,5,0,8.6
cinnamon rolls near me,https://numnumsbakery.com.au/,0,6,0,9.3
cinnamon scroll near me,https://numnumsbakery.com.au/,0,1,0,4
cinnamon scrolls,https://numnumsbakery.com.au/,0,1,0,4
cinnamon scrolls near me,https://numnumsbakery.com.au/,0,5,0,10.2
cinnamon sugar donuts near me,https://numnumsbakery.com.au/,0,1,0,19
city cake,https://numnumsbakery.com.au/blog/best-cake-sydney,0,2,0,9.5
clayton cake shop,https://numnumsbakery.com.au/,0,1,0,39
clemton park bakery,https://numnumsbakery.com.au/,0,3,0,25.3
clemton park cake shop,https://numnumsbakery.com.au/,0,6,0,34.7
clemton park cake shop menu,https://numnumsbakery.com.au/,0,1,0,33
closest bakery,https://numnumsbakery.com.au/blog/eggless-cakes-schofields,0,3,0,31
closest bakery to me,https://numnumsbakery.com.au/blog/eggless-cakes-schofields,0,2,0,49.5
closest cake shop,https://numnumsbakery.com.au/blog/best-eggless-cake-shops-sydney-2026,0,2,0,19.5
closest dessert,https://numnumsbakery.com.au/blog/best-dessert-shop-sydney,0,1,0,11
closest dessert near me,https://numnumsbakery.com.au/blog/best-dessert-shop-sydney,0,8,0,8
closest dessert place,https://numnumsbakery.com.au/blog/best-dessert-shop-sydney,0,2,0,13.5
closest dessert place near me,https://numnumsbakery.com.au/blog/best-dessert-shop-sydney,0,1,0,9
coconut cream cake,https://numnumsbakery.com.au/,0,1,0,9
coconut lavender cake,https://numnumsbakery.com.au/,0,1,0,2
coffee cake,https://numnumsbakery.com.au/,0,1,0,8
coffee cake buy,https://numnumsbakery.com.au/,0,1,0,10
coffee near me,https://numnumsbakery.com.au/cakes,0,1,0,1
coffee near me open now,https://numnumsbakery.com.au/,0,2,0,2.5
coffee riverstone,https://numnumsbakery.com.au/,0,1,0,7
coles eggless cake,https://numnumsbakery.com.au/blog/best-eggless-cake-shops-sydney-2026,0,1,0,6
common cake sizes,https://numnumsbakery.com.au/blog/cake-serving-size-guide-sydney,0,1,0,9
communion cakes sydney,https://numnumsbakery.com.au/blog/eggless-cakes-first-communion-sydney,0,16,0,10.4
condensed milk cake,https://numnumsbakery.com.au/,0,1,0,8
constitution hill bakery,https://numnumsbakery.com.au/blog/eggless-cakes-constitution-hill,0,7,0,9.6
constitution hill bakery,https://numnumsbakery.com.au/blog/eggless-cakes-winston-hills,0,1,0,11
continental cake near me,https://numnumsbakery.com.au/,0,1,0,19
continental cakes near me,https://numnumsbakery.com.au/,0,4,0,6
convenience store parramatta,https://numnumsbakery.com.au/,0,1,0,57
cooked,https://numnumsbakery.com.au/blog/eggless-cake-storage-freshness-guide,0,1,0,3
cookie pie,https://numnumsbakery.com.au/,0,1,0,8
cookie places near me,https://numnumsbakery.com.au/,0,2,0,7.5
cookie shop near me,https://numnumsbakery.com.au/,0,2,0,9
cookie shops near me,https://numnumsbakery.com.au/,0,1,0,11
cookie stores near me,https://numnumsbakery.com.au/,0,1,0,8
cookies,https://numnumsbakery.com.au/,0,1,0,5
cookies and cream cake,https://numnumsbakery.com.au/,0,2,0,6.5
cookies and cream cakes near me,https://numnumsbakery.com.au/,0,1,0,1
cookies and cupcakes near me,https://numnumsbakery.com.au/,0,1,0,7
cookies and treats near me,https://numnumsbakery.com.au/,0,1,0,14
cookies parramatta,https://numnumsbakery.com.au/,0,3,0,28.7
corporake cake sydney,https://numnumsbakery.com.au/blog/corporate-cake-sydney,0,2,0,12
corporate cake delivery sydney,https://numnumsbakery.com.au/blog/corporate-cake-sydney,0,18,0,17.9
cost of a cake,https://numnumsbakery.com.au/blog/cake-price-guide-sydney,0,1,0,6
cream buns,https://numnumsbakery.com.au/,0,1,0,6
cream buns near me,https://numnumsbakery.com.au/,0,1,0,11
cream cake expiry date,https://numnumsbakery.com.au/blog/eggless-cake-storage-freshness-guide,0,1,0,10
cream cake shelf life,https://numnumsbakery.com.au/blog/eggless-cake-storage-freshness-guide,0,2,0,9.5
cream cakes near me,https://numnumsbakery.com.au/,0,1,0,115
cream roll,https://numnumsbakery.com.au/,0,1,0,6
cream roll cake,https://numnumsbakery.com.au/,0,1,0,13
cream rolls,https://numnumsbakery.com.au/,0,1,0,10
create your own birthday cake,https://numnumsbakery.com.au/blog/how-to-design-birthday-cake-sydney,0,1,0,10
creme pan,https://numnumsbakery.com.au/,0,1,0,4
crepe cake near me,https://numnumsbakery.com.au/,0,1,0,1
crepe cake near me,https://numnumsbakery.com.au/blog/eggless-cake-bakery-harris-park-riverstone-sydney,0,1,0,1
crepe cake near me,https://numnumsbakery.com.au/cakes,0,1,0,1
crepe cake sydney,https://numnumsbakery.com.au/,0,1,0,69
crepe cakes sydney,https://numnumsbakery.com.au/,0,1,0,63
croissant near me,https://numnumsbakery.com.au/,0,4,0,6.2
croissants near me,https://numnumsbakery.com.au/cakes,0,1,0,1
cronut,https://numnumsbakery.com.au/,0,2,0,15.5
cronut sydney,https://numnumsbakery.com.au/,0,1,0,28
cronuts,https://numnumsbakery.com.au/,0,2,0,9
cronuts near me,https://numnumsbakery.com.au/,0,2,0,5
crumb cakes,https://numnumsbakery.com.au/,0,1,0,1
crumb cakes,https://numnumsbakery.com.au/cakes,0,1,0,1
crunch cake,https://numnumsbakery.com.au/,0,2,0,8
crunch cake near me,https://numnumsbakery.com.au/,0,5,0,10.6
crunch cakes near me,https://numnumsbakery.com.au/,0,2,0,10
cultural cakes,https://numnumsbakery.com.au/blog/multicultural-celebration-cake-sydney,0,1,0,8
cultural traditions,https://numnumsbakery.com.au/blog/cake-cutting-ceremony-sydney,0,1,0,1
cup cake near me,https://numnumsbakery.com.au/,0,2,0,4
cup cake shop near me,https://numnumsbakery.com.au/,0,2,0,3.5
cup cakes,https://numnumsbakery.com.au/,0,3,0,4.3
cupcake,https://numnumsbakery.com.au/,0,8,0,4.9
cupcake central sydney,https://numnumsbakery.com.au/,0,2,0,10.5
cupcake chadstone,https://numnumsbakery.com.au/,0,8,0,58.5
cupcake chatswood,https://numnumsbakery.com.au/,0,1,0,61
cupcake near me,https://numnumsbakery.com.au/,0,9,0,12.2
cupcake near me,https://numnumsbakery.com.au/cakes,0,1,0,1
cupcake no,https://numnumsbakery.com.au/,0,1,0,3
cupcake noggins,https://numnumsbakery.com.au/,0,1,0,53
cupcake north sydney,https://numnumsbakery.com.au/blog/best-dessert-shop-sydney,0,4,0,21.8
cupcake north sydney,https://numnumsbakery.com.au/blog/eggless-cupcakes-sydney,0,1,0,21
cupcake order near me,https://numnumsbakery.com.au/,0,1,0,32
cupcake pyrmont,https://numnumsbakery.com.au/,0,1,0,50
cupcake shop,https://numnumsbakery.com.au/,0,1,0,12
cupcake shop,https://numnumsbakery.com.au/blog/eggless-cake-bakery-harris-park-riverstone-sydney,0,1,0,13
cupcake shop near me,https://numnumsbakery.com.au/,0,5,0,4
cupcake shops,https://numnumsbakery.com.au/,0,2,0,9
cupcake shops near me,https://numnumsbakery.com.au/,0,2,0,8.5
cupcake store near me,https://numnumsbakery.com.au/,0,1,0,3
cupcake stores,https://numnumsbakery.com.au/,0,1,0,36
cupcake sydney,https://numnumsbakery.com.au/,0,1,0,4
cupcakes cute,https://numnumsbakery.com.au/,0,1,0,5
cupcakes delivery,https://numnumsbakery.com.au/,0,1,0,17
cupcakes drummoyne,https://numnumsbakery.com.au/,0,2,0,54.5
cupcakes eastern suburbs sydney,https://numnumsbakery.com.au/blog/eggless-cake-bakery-harris-park-riverstone-sydney,0,2,0,14
cupcakes for kids,https://numnumsbakery.com.au/,0,1,0,12
cupcakes for kids,https://numnumsbakery.com.au/cakes,0,1,0,12
cupcakes inner west,https://numnumsbakery.com.au/blog/best-dessert-shop-sydney,0,3,0,22.3
cupcakes marrickville,https://numnumsbakery.com.au/,0,2,0,65.5
cupcakes near me,https://numnumsbakery.com.au/cakes,0,3,0,2.3
cupcakes north sydney,https://numnumsbakery.com.au/,0,4,0,57.5
cupcakes north sydney,https://numnumsbakery.com.au/blog/best-dessert-shop-sydney,0,10,0,25.1
cupcakes north sydney,https://numnumsbakery.com.au/blog/eggless-cake-bakery-harris-park-riverstone-sydney,0,2,0,17.5
cupcakes north sydney,https://numnumsbakery.com.au/blog/eggless-cupcakes-sydney,0,1,0,25
cupcakes north sydney,https://numnumsbakery.com.au/cakes,0,1,0,81
cupcakes parramatta,https://numnumsbakery.com.au/blog/best-dessert-shop-sydney,0,2,0,2.5
cupcakes parramatta westfield,https://numnumsbakery.com.au/,0,1,0,1
cupcakes place near me,https://numnumsbakery.com.au/,0,1,0,1
cupcakes shop near me,https://numnumsbakery.com.au/,0,2,0,14.5
custard pudding near me,https://numnumsbakery.com.au/,0,1,0,24
custom bakery near me,https://numnumsbakery.com.au/blog/eggless-cakes-dean-park,0,1,0,8
custom bakery near me,https://numnumsbakery.com.au/blog/eggless-cakes-riverstone,0,1,0,18
custom bakery near me,https://numnumsbakery.com.au/blog/photo-cake-sydney,0,1,0,3
custom birthday cake prices,https://numnumsbakery.com.au/blog/cake-price-guide-sydney,0,1,0,1
custom birthday cake with picture,https://numnumsbakery.com.au/blog/photo-cake-sydney,0,1,0,4
custom cake cheesecake shop,https://numnumsbakery.com.au/blog/photo-cake-sydney,0,1,0,3
custom cake consultation,https://numnumsbakery.com.au/blog/cake-consultation-sydney,0,10,0,2.3
custom cake consultation,https://numnumsbakery.com.au/blog/custom-cake-sydney,0,14,0,68.5
custom cake consultations,https://numnumsbakery.com.au/blog/cake-consultation-sydney,0,45,0,2.0
custom cake image,https://numnumsbakery.com.au/blog/photo-cake-sydney,0,2,0,21.5
custom cake images,https://numnumsbakery.com.au/blog/photo-cake-sydney,0,2,0,29
custom cake makers near me,https://numnumsbakery.com.au/blog/best-cake-sydney,0,1,0,20
custom cake makers near me,https://numnumsbakery.com.au/blog/eggless-cakes-schofields,0,1,0,11
custom cake near me,https://numnumsbakery.com.au/,0,1,0,16
custom cake order,https://numnumsbakery.com.au/,0,1,0,16
custom cake order,https://numnumsbakery.com.au/blog/best-cake-sydney,0,2,0,32
custom cake order,https://numnumsbakery.com.au/blog/eggless-cakes-schofields,0,2,0,79.5
custom cake order,https://numnumsbakery.com.au/blog/photo-cake-sydney,0,2,0,38
custom cake photo,https://numnumsbakery.com.au/blog/photo-cake-sydney,0,15,0,6.7
custom cake photo printing,https://numnumsbakery.com.au/blog/photo-cake-sydney,0,3,0,6
custom cake picture,https://numnumsbakery.com.au/blog/photo-cake-sydney,0,5,0,6
custom cake picture printing,https://numnumsbakery.com.au/blog/photo-cake-sydney,0,1,0,3
custom cake pictures,https://numnumsbakery.com.au/blog/photo-cake-sydney,0,1,0,6
custom cake print,https://numnumsbakery.com.au/blog/photo-cake-sydney,0,3,0,6
custom cake printed image,https://numnumsbakery.com.au/blog/photo-cake-sydney,0,1,0,9
custom cake printing,https://numnumsbakery.com.au/blog/photo-cake-sydney,0,6,0,8.5
custom cake printing near me,https://numnumsbakery.com.au/blog/photo-cake-sydney,0,1,0,7
custom cake shop near me,https://numnumsbakery.com.au/,0,1,0,9
custom cake shop near me,https://numnumsbakery.com.au/cakes,0,1,0,9
custom cake shops,https://numnumsbakery.com.au/blog/eggless-cakes-schofields,0,1,0,16
custom cake sydney,https://numnumsbakery.com.au/blog/best-cake-sydney,0,4,0,27.5
custom cake sydney,https://numnumsbakery.com.au/blog/first-birthday-cake-sydney,0,7,0,19.4
custom cake sydney,https://numnumsbakery.com.au/blog/kids-birthday-cake-sydney,0,4,0,9.2
custom cake sydney,https://numnumsbakery.com.au/blog/photo-cake-sydney,0,5,0,13.4
custom cake toppers in sydney,https://numnumsbakery.com.au/blog/cake-toppers-sydney,0,25,0,14.9
custom cake with edible image,https://numnumsbakery.com.au/blog/photo-cake-sydney,0,1,0,6
custom cake with face on it,https://numnumsbakery.com.au/blog/photo-cake-sydney,0,2,0,5.5
custom cake with image,https://numnumsbakery.com.au/blog/photo-cake-sydney,0,3,0,8.3
custom cake with photo near me,https://numnumsbakery.com.au/blog/photo-cake-sydney,0,2,0,2
custom cake with picture,https://numnumsbakery.com.au/blog/photo-cake-sydney,0,4,0,10.2
custom cake writing,https://numnumsbakery.com.au/blog/cake-message-ideas-sydney,0,2,0,9
custom cakes dyeny,https://numnumsbakery.com.au/blog/kids-birthday-cake-sydney,0,2,0,6
custom cakes for all occasions,https://numnumsbakery.com.au/blog/best-cake-sydney,0,1,0,19
custom cakes for birthday,https://numnumsbakery.com.au/blog/first-birthday-cake-sydney,0,1,0,12
custom cakes near me,https://numnumsbakery.com.au/,0,5,0,20.8
custom cakes photo,https://numnumsbakery.com.au/blog/photo-cake-sydney,0,1,0,6
custom cakes sydney,https://numnumsbakery.com.au/,0,1,0,38
custom cakes sydney,https://numnumsbakery.com.au/blog/kids-birthday-cake-sydney,0,5,0,6.2
custom cakes sydney,https://numnumsbakery.com.au/blog/photo-cake-sydney,0,1,0,7
custom cakes western sydney,https://numnumsbakery.com.au/blog/best-dessert-shop-sydney,0,1,0,27
custom cakes western sydney,https://numnumsbakery.com.au/blog/cake-shop-western-sydney,0,1,0,30
custom cakes with photo,https://numnumsbakery.com.au/blog/photo-cake-sydney,0,2,0,6
custom cakes with pictures,https://numnumsbakery.com.au/blog/photo-cake-sydney,0,1,0,4
custom edible images for cakes near me,https://numnumsbakery.com.au/blog/photo-cake-sydney,0,2,0,5
custom edible images near me,https://numnumsbakery.com.au/blog/photo-cake-sydney,0,1,0,32
custom edible photo cake,https://numnumsbakery.com.au/blog/photo-cake-sydney,0,1,0,6
custom eggless cakes,https://numnumsbakery.com.au/blog/best-eggless-cake-shops-sydney-2026,0,3,0,5
custom eggless cakes,https://numnumsbakery.com.au/cakes,0,1,0,12
custom eggless cakes near me,https://numnumsbakery.com.au/blog/best-eggless-cake-shops-sydney-2026,0,3,0,6.7
custom eggless cakes near me,https://numnumsbakery.com.au/blog/eggless-cake-bakery-harris-park-riverstone-sydney,0,2,0,3
custom eggless cakes near me,https://numnumsbakery.com.au/blog/eggless-cakes-constitution-hill,0,1,0,5
custom eggless cakes near me,https://numnumsbakery.com.au/blog/eggless-cakes-dean-park,0,1,0,10
custom face cake,https://numnumsbakery.com.au/blog/photo-cake-sydney,0,3,0,6.7
custom image cake near me,https://numnumsbakery.com.au/blog/photo-cake-sydney,0,1,0,5
custom image cakes,https://numnumsbakery.com.au/blog/photo-cake-sydney,0,9,0,7.8
custom image cakes near me,https://numnumsbakery.com.au/blog/photo-cake-sydney,0,1,0,7
custom image on cake,https://numnumsbakery.com.au/blog/photo-cake-sydney,0,2,0,7
custom kids birthday cakes,https://numnumsbakery.com.au/blog/kids-birthday-cake-sydney,0,2,0,12.5
custom kids cake,https://numnumsbakery.com.au/cakes,0,1,0,30
custom made cake sydney,https://numnumsbakery.com.au/blog/best-cake-sydney,0,2,0,11
custom made wedding harris park,https://numnumsbakery.com.au/,0,1,0,17
custom made wedding harris park,https://numnumsbakery.com.au/blog/best-dessert-shop-sydney,0,1,0,48
custom made wedding harris park,https://numnumsbakery.com.au/blog/cakes-near-me-sydney,0,2,0,12.5
custom made wedding harris park,https://numnumsbakery.com.au/blog/eggless-cakes-mehendi-sydney,0,2,0,29.5
custom photo birthday cake,https://numnumsbakery.com.au/blog/photo-cake-sydney,0,4,0,5.5
custom photo cake near me,https://numnumsbakery.com.au/blog/photo-cake-sydney,0,1,0,11
custom photo cakes,https://numnumsbakery.com.au/blog/photo-cake-sydney,0,7,0,6.7
custom photo cakes near me,https://numnumsbakery.com.au/blog/photo-cake-sydney,0,2,0,7.5
custom photo cale,https://numnumsbakery.com.au/blog/photo-cake-sydney,0,1,0,8
custom photo on cake,https://numnumsbakery.com.au/blog/photo-cake-sydney,0,1,0,5
custom picture birthday cake,https://numnumsbakery.com.au/blog/photo-cake-sydney,0,2,0,5.5
custom picture cake near me,https://numnumsbakery.com.au/blog/photo-cake-sydney,0,1,0,12
custom picture cakes,https://numnumsbakery.com.au/,0,1,0,2
custom picture cakes,https://numnumsbakery.com.au/blog/photo-cake-sydney,0,4,0,7.2
custom picture cakes near me,https://numnumsbakery.com.au/blog/photo-cake-sydney,0,1,0,5
custom picture on cake,https://numnumsbakery.com.au/blog/photo-cake-sydney,0,1,0,8
custom print cake near me,https://numnumsbakery.com.au/blog/photo-cake-sydney,0,1,0,6
custom printed cake,https://numnumsbakery.com.au/blog/photo-cake-sydney,0,2,0,9.5
custom printed cakes near me,https://numnumsbakery.com.au/blog/photo-cake-sydney,0,2,0,5
custom sheet cake,https://numnumsbakery.com.au/blog/photo-cake-sydney,0,1,0,7
custom sheet cakes,https://numnumsbakery.com.au/blog/photo-cake-sydney,0,1,0,5
custom.photo cake,https://numnumsbakery.com.au/blog/photo-cake-sydney,0,2,0,6.5
customise photo cake,https://numnumsbakery.com.au/blog/photo-cake-sydney,0,1,0,7
customised cake,https://numnumsbakery.com.au/,0,1,0,10
customised cake near me,https://numnumsbakery.com.au/,0,1,0,3
customised cakes near me,https://numnumsbakery.com.au/,0,4,0,8
customised cakes sydney,https://numnumsbakery.com.au/blog/photo-cake-sydney,0,1,0,22
customize cake for boys,https://numnumsbakery.com.au/,0,1,0,2
customize cake near me,https://numnumsbakery.com.au/,0,2,0,11
customized cake with picture,https://numnumsbakery.com.au/blog/photo-cake-sydney,0,1,0,10
cute cake near me,https://numnumsbakery.com.au/,0,1,0,37
daily num num,https://numnumsbakery.com.au/,0,1,0,8
dairy free bakery near me,https://numnumsbakery.com.au/,0,1,0,80
dairy free cake,https://numnumsbakery.com.au/,0,3,0,12.7
dairy free cake delivery sydney,https://numnumsbakery.com.au/,0,25,0,65.8
dairy free cake delivery sydney,https://numnumsbakery.com.au/blog/best-eggless-cake-shops-sydney-2026,0,48,0,25.3
dairy free cake delivery sydney,https://numnumsbakery.com.au/cakes,0,19,0,75.6
dairy free cake near me,https://numnumsbakery.com.au/,0,1,0,13
dairy free cake near me,https://numnumsbakery.com.au/blog/best-eggless-cake-shops-sydney-2026,0,1,0,21
dairy free cake sydney,https://numnumsbakery.com.au/blog/best-eggless-cake-shops-sydney-2026,0,21,0,17.3
dairy free cake sydney,https://numnumsbakery.com.au/cakes,0,2,0,74.5
dairy free cakes castle hill,https://numnumsbakery.com.au/,0,2,0,80
dairy free cakes castle hill,https://numnumsbakery.com.au/blog/eggless-cakes-cherrybrook,0,1,0,5
dairy free cakes castle hill,https://numnumsbakery.com.au/blog/eggless-cakes-glenhaven,0,1,0,4
dairy free cakes cherrybrook,https://numnumsbakery.com.au/,0,3,0,87
dairy free cakes cherrybrook,https://numnumsbakery.com.au/blog/eggless-cakes-cherrybrook,0,2,0,7.5
dairy free cakes delivered sydney,https://numnumsbakery.com.au/,0,73,0,60.1
dairy free cakes delivered sydney,https://numnumsbakery.com.au/blog/best-eggless-cake-shops-sydney-2026,0,65,0,24.9
dairy free cakes delivery sydney,https://numnumsbakery.com.au/,0,6,0,60.8
dairy free cakes delivery sydney,https://numnumsbakery.com.au/blog/best-eggless-cake-shops-sydney-2026,0,57,0,24.3
dairy free cakes mount druitt,https://numnumsbakery.com.au/blog/eggless-cakes-mount-druitt,0,1,0,6
dairy free cakes mount druitt,https://numnumsbakery.com.au/blog/eggless-cakes-shalvey,0,2,0,18
dairy free cakes near me,https://numnumsbakery.com.au/,0,2,0,37.5
dairy free cakes parramatta,https://numnumsbakery.com.au/,0,1,0,35
dairy free cakes parramatta,https://numnumsbakery.com.au/blog/eggless-cake-bakery-harris-park-riverstone-sydney,0,1,0,41
dairy free cakes parramatta,https://numnumsbakery.com.au/blog/eggless-cakes-dean-park,0,2,0,3
dairy free cakes sydney,https://numnumsbakery.com.au/,0,4,0,68.5
dairy free cakes sydney,https://numnumsbakery.com.au/blog/best-eggless-cake-shops-sydney-2026,0,122,0,17.7
dairy free cakes sydney,https://numnumsbakery.com.au/cakes,0,3,0,64
dairy free cupcakes,https://numnumsbakery.com.au/,0,1,0,17
dairy free cupcakes near me,https://numnumsbakery.com.au/,0,1,0,69
dairy free cupcakes near me,https://numnumsbakery.com.au/blog/eggless-cake-bakery-harris-park-riverstone-sydney,0,11,0,44.9
danish pastry near me,https://numnumsbakery.com.au/,0,3,0,17.3
dar khane din 2026,https://numnumsbakery.com.au/blog/teej-sydney,0,11,0,8.3
dark chocolate cake,https://numnumsbakery.com.au/,0,1,0,25
dark chocolate cake near me,https://numnumsbakery.com.au/,0,1,0,10
dark chocolate sponge cake,https://numnumsbakery.com.au/,0,1,0,8
dean park postcode,https://numnumsbakery.com.au/blog/eggless-cakes-dean-park,0,1,0,9
dean park shopping centre,https://numnumsbakery.com.au/blog/eggless-cakes-dean-park,0,3,0,10.7
decorate your own birthday cake,https://numnumsbakery.com.au/blog/how-to-design-birthday-cake-sydney,0,1,0,9
deliver cake liverpool,https://numnumsbakery.com.au/,0,6,0,69.3
desert near me,https://numnumsbakery.com.au/,0,3,0,12
desert near me,https://numnumsbakery.com.au/blog/best-dessert-shop-sydney,0,1,0,9
desert places near me,https://numnumsbakery.com.au/blog/best-dessert-shop-sydney,0,1,0,11
desert shop,https://numnumsbakery.com.au/blog/best-dessert-shop-sydney,0,4,0,11.8
desert shop.near me,https://numnumsbakery.com.au/blog/best-dessert-shop-sydney,0,1,0,9
desert shops,https://numnumsbakery.com.au/blog/best-dessert-shop-sydney,0,1,0,11
desert shops near me,https://numnumsbakery.com.au/blog/best-dessert-shop-sydney,0,6,0,8
desert stores near me,https://numnumsbakery.com.au/blog/best-dessert-shop-sydney,0,5,0,8.4
deserts near me,https://numnumsbakery.com.au/,0,2,0,15.5
deserts near me,https://numnumsbakery.com.au/cakes,0,1,0,24
deserts shop near me,https://numnumsbakery.com.au/blog/best-dessert-shop-sydney,0,5,0,8.6
desi bakery near me,https://numnumsbakery.com.au/,0,1,0,7
desi bakery near me,https://numnumsbakery.com.au/indian-sweet,0,1,0,4
desi sweets sydney,https://numnumsbakery.com.au/indian-sweet,0,1,0,7
design cakes near me,https://numnumsbakery.com.au/,0,1,0,9
design your birthday cake,https://numnumsbakery.com.au/blog/how-to-design-birthday-cake-sydney,0,1,0,6
designed cookies near me,https://numnumsbakery.com.au/,0,1,0,15
desrt shop,https://numnumsbakery.com.au/blog/best-dessert-shop-sydney,0,1,0,8
dessert,https://numnumsbakery.com.au/,0,3,0,15.3
dessert around me,https://numnumsbakery.com.au/,0,3,0,15.7
dessert bakery,https://numnumsbakery.com.au/blog/best-dessert-shop-sydney,0,3,0,10
dessert bexley,https://numnumsbakery.com.au/,0,1,0,78
dessert cafe near me,https://numnumsbakery.com.au/,0,2,0,16.5
dessert cake near me,https://numnumsbakery.com.au/blog/best-dessert-shop-sydney,0,4,0,9.5
dessert cake shop near me,https://numnumsbakery.com.au/blog/best-dessert-shop-sydney,0,1,0,7
dessert chadstone,https://numnumsbakery.com.au/,0,3,0,59.7
dessert chadstone shopping centre,https://numnumsbakery.com.au/,0,2,0,56
dessert for birthday party,https://numnumsbakery.com.au/,0,1,0,53
dessert in parramatta,https://numnumsbakery.com.au/,0,5,0,30.8
dessert in the area,https://numnumsbakery.com.au/blog/best-dessert-shop-sydney,0,1,0,8
dessert inner west,https://numnumsbakery.com.au/blog/best-dessert-shop-sydney,0,1,0,14
dessert marsden,https://numnumsbakery.com.au/blog/best-dessert-shop-sydney,0,19,0,10.2
dessert marsden park,https://numnumsbakery.com.au/blog/best-dessert-shop-sydney,0,38,0,9.3
dessert near,https://numnumsbakery.com.au/,0,1,0,8
dessert near .me,https://numnumsbakery.com.au/,0,1,0,10
dessert near by,https://numnumsbakery.com.au/,0,1,0,13
dessert near m,https://numnumsbakery.com.au/,0,1,0,12
dessert near me,https://numnumsbakery.com.au/,0,318,0,17.5
dessert near me,https://numnumsbakery.com.au/blog/best-dessert-shop-sydney,0,2,0,5
dessert near me,https://numnumsbakery.com.au/cakes,0,2,0,7
dessert near me open now,https://numnumsbakery.com.au/,0,7,0,10.4
dessert near me open now within 8.1 km,https://numnumsbakery.com.au/,0,1,0,10
dessert near me within 400m,https://numnumsbakery.com.au/,0,1,0,6
dessert near me within 8.1 km,https://numnumsbakery.com.au/,0,1,0,45
dessert near me within 800m,https://numnumsbakery.com.au/,0,2,0,7.5
dessert near me.,https://numnumsbakery.com.au/,0,3,0,8.7
dessert near ne,https://numnumsbakery.com.au/,0,1,0,18
dessert near parramatta,https://numnumsbakery.com.au/,0,4,0,30
dessert near.me,https://numnumsbakery.com.au/,0,1,0,17
dessert nearby,https://numnumsbakery.com.au/,0,1,0,11
dessert north sydney,https://numnumsbakery.com.au/,0,3,0,73.7
dessert north sydney,https://numnumsbakery.com.au/blog/best-dessert-shop-sydney,0,6,0,15.5
dessert only,https://numnumsbakery.com.au/blog/best-dessert-shop-sydney,0,3,0,10.7
dessert open now,https://numnumsbakery.com.au/,0,1,0,10
dessert pastries,https://numnumsbakery.com.au/,0,1,0,15
dessert pastries near me,https://numnumsbakery.com.au/,0,1,0,56
dessert pick up,https://numnumsbakery.com.au/blog/best-dessert-shop-sydney,0,1,0,11
dessert pick up near me,https://numnumsbakery.com.au/blog/best-dessert-shop-sydney,0,3,0,9.3
dessert place near me,https://numnumsbakery.com.au/,0,3,0,32.7
dessert places near me,https://numnumsbakery.com.au/,0,15,0,16.9
dessert places near me,https://numnumsbakery.com.au/blog/best-dessert-shop-sydney,0,2,0,8
dessert places near me,https://numnumsbakery.com.au/cakes,0,1,0,11
dessert places western sydney,https://numnumsbakery.com.au/blog/best-dessert-shop-sydney,0,41,0,9.2
dessert shooters near me,https://numnumsbakery.com.au/blog/best-dessert-shop-sydney,0,1,0,11
dessert shop,https://numnumsbakery.com.au/blog/best-dessert-shop-sydney,0,33,0,10.1
dessert shop near m,https://numnumsbakery.com.au/blog/best-dessert-shop-sydney,0,1,0,10
dessert shop near me,https://numnumsbakery.com.au/,0,2,0,13
dessert shop near me,https://numnumsbakery.com.au/blog/best-dessert-shop-sydney,0,6,0,9.5
dessert shop near me open,https://numnumsbakery.com.au/blog/best-dessert-shop-sydney,0,1,0,9
dessert shop parramatta,https://numnumsbakery.com.au/blog/best-dessert-shop-sydney,0,2,0,11
dessert shop sydney,https://numnumsbakery.com.au/blog/best-dessert-shop-sydney,0,15,0,10.5
dessert shop.near me,https://numnumsbakery.com.au/blog/best-dessert-shop-sydney,0,2,0,8.5
dessert shops,https://numnumsbakery.com.au/blog/best-dessert-shop-sydney,0,2,0,8
dessert shops around me,https://numnumsbakery.com.au/blog/best-dessert-shop-sydney,0,2,0,11.5
dessert shops near me,https://numnumsbakery.com.au/,0,3,0,14
dessert shops near me,https://numnumsbakery.com.au/blog/best-dessert-shop-sydney,0,48,0,9.2
dessert shops near me open now,https://numnumsbakery.com.au/blog/best-dessert-shop-sydney,0,1,0,6
dessert shops near me.,https://numnumsbakery.com.au/blog/best-dessert-shop-sydney,0,1,0,9
dessert shops nesr me,https://numnumsbakery.com.au/blog/best-dessert-shop-sydney,0,1,0,9
dessert shops sydney,https://numnumsbakery.com.au/blog/best-dessert-shop-sydney,0,5,0,12.6
dessert store near me,https://numnumsbakery.com.au/blog/best-dessert-shop-sydney,0,2,0,12
dessert stores,https://numnumsbakery.com.au/blog/best-dessert-shop-sydney,0,2,0,11.5
dessert stores near me,https://numnumsbakery.com.au/blog/best-dessert-shop-sydney,0,14,0,9.1
dessert west end,https://numnumsbakery.com.au/blog/best-dessert-shop-sydney,0,1,0,14
dessert western suburbs,https://numnumsbakery.com.au/blog/best-dessert-shop-sydney,0,1,0,6
dessert+whatsapp,https://numnumsbakery.com.au/blog/best-dessert-shop-sydney,0,1,0,1
dessert.near me,https://numnumsbakery.com.au/,0,1,0,9
desserts,https://numnumsbakery.com.au/,0,3,0,9.3
desserts bakery,https://numnumsbakery.com.au/blog/best-dessert-shop-sydney,0,1,0,6
desserts cake shop,https://numnumsbakery.com.au/blog/best-dessert-shop-sydney,0,1,0,16
desserts chadstone,https://numnumsbakery.com.au/,0,1,0,54
desserts delivery near me,https://numnumsbakery.com.au/,0,1,0,17
desserts for delivery near me,https://numnumsbakery.com.au/blog/best-dessert-shop-sydney,0,1,0,14
desserts in the area,https://numnumsbakery.com.au/blog/best-dessert-shop-sydney,0,3,0,10.7
desserts milton,https://numnumsbakery.com.au/,0,2,0,59
desserts near me,https://numnumsbakery.com.au/,0,60,0,17.9
desserts near me,https://numnumsbakery.com.au/blog/best-dessert-shop-sydney,0,2,0,5
desserts near me,https://numnumsbakery.com.au/cakes,0,1,0,5
desserts near me within 800m,https://numnumsbakery.com.au/,0,1,0,10
desserts near.me,https://numnumsbakery.com.au/,0,1,0,65
desserts only,https://numnumsbakery.com.au/blog/best-dessert-shop-sydney,0,2,0,11.5
desserts open near me,https://numnumsbakery.com.au/,0,2,0,14
desserts places near me,https://numnumsbakery.com.au/,0,1,0,7
desserts shop near me,https://numnumsbakery.com.au/,0,2,0,13
desserts shop near me,https://numnumsbakery.com.au/blog/best-dessert-shop-sydney,0,7,0,9
desserts shop near me open now,https://numnumsbakery.com.au/blog/best-dessert-shop-sydney,0,2,0,7
desserts shop open near me,https://numnumsbakery.com.au/blog/best-dessert-shop-sydney,0,1,0,10
desserts shops near me,https://numnumsbakery.com.au/blog/best-dessert-shop-sydney,0,3,0,9.3
desserts store near me,https://numnumsbakery.com.au/blog/best-dessert-shop-sydney,0,2,0,9.5
desserts sydney,https://numnumsbakery.com.au/,0,1,0,30
desserts to buy near me,https://numnumsbakery.com.au/blog/best-dessert-shop-sydney,0,2,0,14.5
desserts to order,https://numnumsbakery.com.au/blog/best-dessert-shop-sydney,0,1,0,10
desserts to order near me,https://numnumsbakery.com.au/blog/best-dessert-shop-sydney,0,2,0,9.5
desserts west end,https://numnumsbakery.com.au/blog/best-dessert-shop-sydney,0,1,0,19
desserts western sydney,https://numnumsbakery.com.au/blog/best-dessert-shop-sydney,0,15,0,8.1
dessertshop,https://numnumsbakery.com.au/blog/best-dessert-shop-sydney,0,1,0,11
devom eggless cakes,https://numnumsbakery.com.au/,0,4,0,69.5
devom eggless cakes,https://numnumsbakery.com.au/blog,0,4,0,55.8
devom eggless cakes,https://numnumsbakery.com.au/blog/best-eggless-cake-shops-sydney-2026,0,3,0,41
devom eggless cakes,https://numnumsbakery.com.au/blog/eggless-cake-bakery-harris-park-riverstone-sydney,0,4,0,40.2
devom eggless cakes,https://numnumsbakery.com.au/blog/eggless-cake-for-vegetarians-sydney,0,1,0,71
devom eggless cakes,https://numnumsbakery.com.au/blog/eggless-cakes-dean-park,0,3,0,14
devom eggless cakes,https://numnumsbakery.com.au/blog/eggless-cakes-mays-hill,0,2,0,80
devom eggless cakes,https://numnumsbakery.com.au/blog/eggless-cakes-riverstone,0,2,0,24
devom eggless cakes,https://numnumsbakery.com.au/blog/eggless-cakes-schofields,0,3,0,25
devom eggless cakes,https://numnumsbakery.com.au/cakes,0,5,0,72.4
devom eggless cakes,https://numnumsbakery.com.au/order,0,2,0,88.5
dhoda barfi near me,https://numnumsbakery.com.au/indian-sweet,0,1,0,11
diabetic cakes near me,https://numnumsbakery.com.au/blog/best-dessert-shop-sydney,0,2,0,26.5
diabetic cupcakes near me,https://numnumsbakery.com.au/blog/best-dessert-shop-sydney,0,1,0,39
diabetic desserts to buy near me,https://numnumsbakery.com.au/blog/best-dessert-shop-sydney,0,1,0,30
difference between cake and tart,https://numnumsbakery.com.au/blog/eggless-cake-vs-tart-sydney,0,1,0,11
difference between egg and eggless cake,https://numnumsbakery.com.au/blog/eggless-cakes-soft-moist-myths-vs-facts,0,1,0,1
difference between mud cake and sponge cake,https://numnumsbakery.com.au/blog/eggless-cake-vs-mud-cake,0,2,0,7.5
different cakes,https://numnumsbakery.com.au/,0,2,0,26.5
dinosaur cake near me,https://numnumsbakery.com.au/,0,1,0,7
dinosaur cakes near me,https://numnumsbakery.com.au/cakes,0,1,0,38
diwali sweets near me,https://numnumsbakery.com.au/indian-sweet,0,1,0,32
do all cakes have eggs,https://numnumsbakery.com.au/blog/eggless-cake-ingredients-sydney,0,4,0,8.2
do all cakes have eggs,https://numnumsbakery.com.au/blog/eggless-cake-vs-cheesecake-sydney,0,1,0,6
do any supermarkets do photo cakes?,https://numnumsbakery.com.au/blog/photo-cake-sydney,0,1,0,1
do cakes need eggs,https://numnumsbakery.com.au/blog/how-eggless-cakes-are-made,0,1,0,11
do cheesecake have eggs,https://numnumsbakery.com.au/blog/eggless-cake-vs-cheesecake-sydney,0,1,0,11
do cheesecakes have eggs,https://numnumsbakery.com.au/blog/eggless-cake-vs-cheesecake-sydney,0,2,0,8.5
do eggless cakes taste different,https://numnumsbakery.com.au/blog/eggless-cake-reviews-sydney,0,6,0,5.7
do eggless cakes taste different,https://numnumsbakery.com.au/blog/vegan-vs-eggless-cakes-difference,0,2,0,5.5
do vegan cakes have eggs,https://numnumsbakery.com.au/blog/vegan-vs-eggless-cakes-difference,0,1,0,6
doda barfi near me,https://numnumsbakery.com.au/indian-sweet,0,4,0,11
does baked cheesecake have eggs,https://numnumsbakery.com.au/blog/eggless-cake-vs-cheesecake-sydney,0,1,0,6
does cake contain egg,https://numnumsbakery.com.au/blog/eggless-cake-ingredients-sydney,0,4,0,11
does cake have calories,https://numnumsbakery.com.au/blog/eggless-cake-calories-guide-sydney,0,1,0,10
does cheese cake contain egg,https://numnumsbakery.com.au/blog/eggless-cake-vs-cheesecake-sydney,0,1,0,5
does cheese cake contains egg,https://numnumsbakery.com.au/blog/eggless-cake-vs-cheesecake-sydney,0,10,0,7.6
does cheese cake have egg,https://numnumsbakery.com.au/blog/eggless-cake-vs-cheesecake-sydney,0,3,0,10.7
does cheese cake have eggs,https://numnumsbakery.com.au/blog/eggless-cake-vs-cheesecake-sydney,0,2,0,7.5
does cheesecake contain egg,https://numnumsbakery.com.au/blog/eggless-cake-vs-cheesecake-sydney,0,5,0,4.2
does cheesecake contain eggs,https://numnumsbakery.com.au/blog/eggless-cake-vs-cheesecake-sydney,0,9,0,8.6
does cheesecake has egg,https://numnumsbakery.com.au/blog/eggless-cake-vs-cheesecake-sydney,0,5,0,10.6
does cheesecake have egg,https://numnumsbakery.com.au/blog/eggless-cake-vs-cheesecake-sydney,0,27,0,8.1
does cheesecake have egg in it,https://numnumsbakery.com.au/blog/eggless-cake-vs-cheesecake-sydney,0,5,0,9.4
does cheesecake have eggs,https://numnumsbakery.com.au/blog/eggless-cake-vs-cheesecake-sydney,0,26,0,8.3
does cheesecake have eggs in it,https://numnumsbakery.com.au/blog/eggless-cake-vs-cheesecake-sydney,0,1,0,8
does cheesecake have eggs in them,https://numnumsbakery.com.au/blog/eggless-cake-vs-cheesecake-sydney,0,2,0,3.5
does cool cake contain egg,https://numnumsbakery.com.au/blog/eggless-cake-ingredients-sydney,0,1,0,8
does eggless cake contains egg,https://numnumsbakery.com.au/blog/eggless-cake-ingredients-sydney,0,3,0,7
does eggless cake contains egg,https://numnumsbakery.com.au/blog/eggless-cake-troubleshooting,0,1,0,8
does eggless cake contains egg,https://numnumsbakery.com.au/blog/vegan-vs-eggless-cakes-difference,0,1,0,3
does eggless cake taste different,https://numnumsbakery.com.au/blog/eggless-cake-reviews-sydney,0,5,0,4.8
does eggless cake taste different,https://numnumsbakery.com.au/blog/eggless-cake-vs-mud-cake,0,2,0,5.5
does ice cake contain egg,https://numnumsbakery.com.au/blog/eggless-cake-vs-ice-cream-cake-sydney,0,48,0,6.2
does ice cream cake contain egg,https://numnumsbakery.com.au/blog/eggless-cake-vs-ice-cream-cake-sydney,0,2,0,8
does ice cream cake have egg,https://numnumsbakery.com.au/blog/eggless-cake-vs-ice-cream-cake-sydney,0,4,0,2
does ice cream cake have eggs,https://numnumsbakery.com.au/blog/eggless-cake-vs-ice-cream-cake-sydney,0,13,0,3.1
does it contain nuts,https://numnumsbakery.com.au/blog/eggless-cake-nut-free-sydney,0,1,0,4
dog birthday cake near me,https://numnumsbakery.com.au/,0,1,0,71
dog cake near me,https://numnumsbakery.com.au/,0,1,0,24
domino cake,https://numnumsbakery.com.au/,0,1,0,38
don't drop the cake,https://numnumsbakery.com.au/blog/push-present-cake-sydney,0,4,0,21
donut cakes for birthday,https://numnumsbakery.com.au/,0,1,0,7
donut near me,https://numnumsbakery.com.au/,0,11,0,6.6
donut near me,https://numnumsbakery.com.au/cakes,0,1,0,1
donuts in parramatta,https://numnumsbakery.com.au/,0,1,0,9
donuts near me,https://numnumsbakery.com.au/cakes,0,2,0,3
donuts near me open now,https://numnumsbakery.com.au/,0,1,0,3
donuts parramatta,https://numnumsbakery.com.au/,0,7,0,13.1
donuts rouse hill,https://numnumsbakery.com.au/,0,1,0,6
doodh peda near me,https://numnumsbakery.com.au/indian-sweet,0,2,0,7
doonside bakery,https://numnumsbakery.com.au/blog/eggless-cakes-doonside,0,11,0,11
doughnut cakes near me,https://numnumsbakery.com.au/blog/eggless-cake-bakery-harris-park-riverstone-sydney,0,1,0,9
doughnut cakes near me,https://numnumsbakery.com.au/cakes,0,1,0,9
doughnut near me,https://numnumsbakery.com.au/,0,3,0,5
doughnuts,https://numnumsbakery.com.au/,0,1,0,10
doughnuts near me,https://numnumsbakery.com.au/,0,8,0,6
doughnuts near me,https://numnumsbakery.com.au/cakes,0,1,0,1
drip cake surry hills,https://numnumsbakery.com.au/blog/drip-cake-sydney,0,20,0,6.4
drip cake sydney,https://numnumsbakery.com.au/blog/drip-cake-sydney,0,8,0,5.2
drip cakes sydney,https://numnumsbakery.com.au/blog/drip-cake-sydney,0,24,0,6.5
dubai chocolate cake near me,https://numnumsbakery.com.au/,0,1,0,7
dundas bakery,https://numnumsbakery.com.au/blog/eggless-cakes-dundas,0,5,0,8.6
durga puja 2026 sydney,https://numnumsbakery.com.au/blog/eggless-cakes-durga-puja-sydney,0,15,0,8.1
durga puja in sydney,https://numnumsbakery.com.au/blog/eggless-cakes-durga-puja-sydney,0,2,0,3
durga puja sydney,https://numnumsbakery.com.au/blog/eggless-cakes-durga-puja-sydney,0,1,0,10
durian cake near me,https://numnumsbakery.com.au/,0,1,0,8
edible cake images near me,https://numnumsbakery.com.au/blog/photo-cake-sydney,0,6,0,21.3
edible cake images sydney,https://numnumsbakery.com.au/blog/photo-cake-sydney,0,6,0,8
edible cake pictures near me,https://numnumsbakery.com.au/blog/photo-cake-sydney,0,1,0,10
edible cake printer near me,https://numnumsbakery.com.au/blog/photo-cake-sydney,0,1,0,16
edible cake prints near me,https://numnumsbakery.com.au/blog/photo-cake-sydney,0,3,0,10
edible icing images near me,https://numnumsbakery.com.au/blog/photo-cake-sydney,0,1,0,20
edible image cake near me,https://numnumsbakery.com.au/blog/photo-cake-sydney,0,9,0,8.4
edible image cakes,https://numnumsbakery.com.au/blog/photo-cake-sydney,0,3,0,6.3
edible image cakes near me,https://numnumsbakery.com.au/blog/photo-cake-sydney,0,1,0,6
edible image cupcakes near me,https://numnumsbakery.com.au/blog/photo-cake-sydney,0,1,0,9
edible image printer near me,https://numnumsbakery.com.au/blog/photo-cake-sydney,0,2,0,13.5
edible image printing near me,https://numnumsbakery.com.au/,0,1,0,3
edible image printing near me,https://numnumsbakery.com.au/blog/photo-cake-sydney,0,7,0,12.3
edible image printing sydney,https://numnumsbakery.com.au/,0,1,0,1
edible image printing sydney,https://numnumsbakery.com.au/blog/photo-cake-sydney,0,88,0,14.9
edible images for cakes near me,https://numnumsbakery.com.au/blog/photo-cake-sydney,0,12,0,17.3
edible images for cookies near me,https://numnumsbakery.com.au/blog/photo-cake-sydney,0,1,0,23
edible images near me,https://numnumsbakery.com.au/blog/photo-cake-sydney,0,2,0,32.5
edible images printed near me,https://numnumsbakery.com.au/blog/photo-cake-sydney,0,1,0,8
edible images printing near me,https://numnumsbakery.com.au/blog/photo-cake-sydney,0,1,0,9
edible imaging near me,https://numnumsbakery.com.au/blog/photo-cake-sydney,0,1,0,16
edible photo cake,https://numnumsbakery.com.au/blog/photo-cake-sydney,0,7,0,17.1
edible photo cake topper near me,https://numnumsbakery.com.au/blog/photo-cake-sydney,0,1,0,21
edible photo cakes,https://numnumsbakery.com.au/blog/photo-cake-sydney,0,1,0,6
edible photo cakes near me,https://numnumsbakery.com.au/,0,1,0,1
edible photo cakes near me,https://numnumsbakery.com.au/blog/photo-cake-sydney,0,1,0,7
edible photo cookies near me,https://numnumsbakery.com.au/blog/photo-cake-sydney,0,1,0,21
edible photo for cake near me,https://numnumsbakery.com.au/blog/photo-cake-sydney,0,4,0,9
edible photo print near me,https://numnumsbakery.com.au/blog/photo-cake-sydney,0,1,0,8
edible photo print shop near me,https://numnumsbakery.com.au/blog/photo-cake-sydney,0,1,0,10
edible photo printing near me,https://numnumsbakery.com.au/blog/photo-cake-sydney,0,1,0,10
edible photos for cakes near me,https://numnumsbakery.com.au/blog/photo-cake-sydney,0,3,0,6.7
edible photos near me,https://numnumsbakery.com.au/blog/photo-cake-sydney,0,1,0,25
edible picture cake,https://numnumsbakery.com.au/blog/photo-cake-sydney,0,1,0,9
edible picture near me,https://numnumsbakery.com.au/blog/photo-cake-sydney,0,1,0,10
edible picture printing near me,https://numnumsbakery.com.au/blog/photo-cake-sydney,0,1,0,15
edible pictures for cakes near me,https://numnumsbakery.com.au/blog/photo-cake-sydney,0,4,0,21.5
edible pictures near,https://numnumsbakery.com.au/blog/photo-cake-sydney,0,4,0,23.5
edible pictures near me,https://numnumsbakery.com.au/blog/photo-cake-sydney,0,1,0,22
edible print near me,https://numnumsbakery.com.au/blog/photo-cake-sydney,0,1,0,4
edible printed cakes,https://numnumsbakery.com.au/blog/photo-cake-sydney,0,1,0,23
edible printer for cakes near me,https://numnumsbakery.com.au/blog/photo-cake-sydney,0,1,0,12
edible printer near me,https://numnumsbakery.com.au/blog/photo-cake-sydney,0,2,0,15.5
edible printing near me,https://numnumsbakery.com.au/blog/photo-cake-sydney,0,4,0,14.5
edible prints for cakes near me,https://numnumsbakery.com.au/blog/photo-cake-sydney,0,2,0,7
edible prints near me,https://numnumsbakery.com.au/blog/photo-cake-sydney,0,2,0,22.5
edible sheets for cakes near me,https://numnumsbakery.com.au/blog/photo-cake-sydney,0,1,0,18
egess,https://numnumsbakery.com.au/blog/best-eggless-cake-shops-sydney-2026,0,1,0,9
egg and nut free cake,https://numnumsbakery.com.au/,0,1,0,7
egg and nut free cakes,https://numnumsbakery.com.au/,0,1,0,7
egg and nut free cupcakes near me,https://numnumsbakery.com.au/,0,1,0,39
egg cake box,https://numnumsbakery.com.au/blog/best-eggless-cake-shops-sydney-2026,0,1,0,3
egg cake near me,https://numnumsbakery.com.au/blog/eggless-cakes-riverstone,0,1,0,12
egg free bakery,https://numnumsbakery.com.au/blog/best-eggless-cake-shops-sydney-2026,0,18,0,6.1
egg free bakery,https://numnumsbakery.com.au/blog/eggless-cake-bakery-harris-park-riverstone-sydney,0,1,0,20
egg free bakery,https://numnumsbakery.com.au/blog/eggless-cake-for-vegetarians-sydney,0,2,0,28.5
egg free bakery near me,https://numnumsbakery.com.au/,0,1,0,96
egg free bakery near me,https://numnumsbakery.com.au/blog/best-eggless-cake-shops-sydney-2026,0,1,0,26
egg free bakery near me,https://numnumsbakery.com.au/blog/eggless-cake-bakery-harris-park-riverstone-sydney,0,1,0,9
egg free bakery near me,https://numnumsbakery.com.au/blog/eggless-cake-for-vegetarians-sydney,0,1,0,73
egg free birthday cake near me,https://numnumsbakery.com.au/,0,1,0,47
egg free birthday cake near me,https://numnumsbakery.com.au/blog/eggless-cake-bakery-harris-park-riverstone-sydney,0,1,0,5
egg free birthday cakes,https://numnumsbakery.com.au/blog/best-eggless-cake-shops-sydney-2026,0,8,0,9.8
egg free cake bake studio,https://numnumsbakery.com.au/blog/best-eggless-cake-shops-sydney-2026,0,5,0,12.6
egg free cake bake studio photos,https://numnumsbakery.com.au/blog/best-eggless-cake-shops-sydney-2026,0,1,0,11
egg free cake box,https://numnumsbakery.com.au/blog/vegan-vs-eggless-cakes-difference,0,1,0,4
egg free cake buy,https://numnumsbakery.com.au/blog/best-eggless-cake-shops-sydney-2026,0,1,0,6
egg free cake delivery,https://numnumsbakery.com.au/blog/best-eggless-cake-shops-sydney-2026,0,5,0,7.8
egg free cake delivery,https://numnumsbakery.com.au/blog/eggless-cake-delivery-sydney,0,1,0,51
egg free cake near me,https://numnumsbakery.com.au/,0,1,0,1
egg free cake near me,https://numnumsbakery.com.au/blog/eggless-cake-bakery-harris-park-riverstone-sydney,0,4,0,13.2
egg free cake near me,https://numnumsbakery.com.au/blog/eggless-cakes-northwest-sydney,0,1,0,1
egg free cake near me,https://numnumsbakery.com.au/blog/eggless-cakes-rooty-hill,0,1,0,4
egg free cake near me,https://numnumsbakery.com.au/blog/eggless-cakes-schofields,0,1,0,10
egg free cake shop,https://numnumsbakery.com.au/,0,1,0,34
egg free cake shop,https://numnumsbakery.com.au/blog/best-eggless-cake-shops-sydney-2026,0,4,0,4.8
egg free cake shop,https://numnumsbakery.com.au/blog/eggless-cake-for-vegetarians-sydney,0,1,0,13
egg free cake supermarket,https://numnumsbakery.com.au/blog/eggless-cake-vs-supermarket-cake,0,1,0,6
egg free cake sydney,https://numnumsbakery.com.au/,0,2,0,1.5
egg free cake sydney,https://numnumsbakery.com.au/blog/best-eggless-cake-shops-sydney-2026,0,47,0,7.9
egg free cake sydney,https://numnumsbakery.com.au/blog/eggless-cake-nut-free-sydney,0,1,0,33
egg free cake sydney,https://numnumsbakery.com.au/cakes,0,1,0,40
egg free cakes castle hill,https://numnumsbakery.com.au/blog/best-eggless-cake-shops-sydney-2026,0,75,0,4.6
egg free cakes castle hill,https://numnumsbakery.com.au/blog/eggless-cake-bakery-harris-park-riverstone-sydney,0,2,0,14.5
egg free cakes castle hill,https://numnumsbakery.com.au/blog/eggless-cakes-grantham-farm,0,8,0,11.2
egg free cakes castle hill,https://numnumsbakery.com.au/blog/eggless-cakes-kenthurst,0,2,0,11.5
egg free cakes castle hill,https://numnumsbakery.com.au/blog/eggless-cakes-rooty-hill,0,3,0,9
egg free cakes cherrybrook,https://numnumsbakery.com.au/blog/best-eggless-cake-shops-sydney-2026,0,14,0,18.9
egg free cakes cherrybrook,https://numnumsbakery.com.au/blog/eggless-cake-for-vegetarians-sydney,0,3,0,28.3
egg free cakes cherrybrook,https://numnumsbakery.com.au/blog/eggless-cakes-cherrybrook,0,1,0,2
egg free cakes cherrybrook,https://numnumsbakery.com.au/blog/eggless-cakes-colebee,0,2,0,22.5
egg free cakes cherrybrook,https://numnumsbakery.com.au/blog/eggless-cakes-dean-park,0,61,0,22.1
egg free cakes cherrybrook,https://numnumsbakery.com.au/blog/eggless-cakes-parklea,0,1,0,22
egg free cakes cherrybrook,https://numnumsbakery.com.au/blog/eggless-cakes-prairiewood,0,1,0,24
egg free cakes cherrybrook,https://numnumsbakery.com.au/blog/eggless-cakes-riverstone,0,11,0,32
egg free cakes cherrybrook,https://numnumsbakery.com.au/blog/eggless-cakes-rooty-hill,0,1,0,8
egg free cakes cherrybrook,https://numnumsbakery.com.au/blog/eggless-cakes-wetherill-park,0,1,0,22
egg free cakes liverpool,https://numnumsbakery.com.au/blog/eggless-cakes-wetherill-park,0,6,0,7.3
egg free cakes liverpool,https://numnumsbakery.com.au/blog/multicultural-celebration-cake-sydney,0,1,0,7
egg free cakes mount druitt,https://numnumsbakery.com.au/,0,2,0,21.5
egg free cakes mount druitt,https://numnumsbakery.com.au/blog/best-eggless-cake-shops-sydney-2026,0,11,0,23.8
egg free cakes mount druitt,https://numnumsbakery.com.au/blog/eggless-cake-bakery-harris-park-riverstone-sydney,0,1,0,1
egg free cakes mount druitt,https://numnumsbakery.com.au/blog/eggless-cake-for-vegetarians-sydney,0,8,0,12.6
egg free cakes mount druitt,https://numnumsbakery.com.au/blog/eggless-cakes-emerton,0,2,0,52.5
egg free cakes mount druitt,https://numnumsbakery.com.au/blog/eggless-cakes-hebersham,0,2,0,12
egg free cakes mount druitt,https://numnumsbakery.com.au/blog/eggless-cakes-minchinbury,0,7,0,3.1
egg free cakes mount druitt,https://numnumsbakery.com.au/blog/eggless-cakes-mount-druitt,0,10,0,2
egg free cakes mount druitt,https://numnumsbakery.com.au/blog/eggless-cakes-shalvey,0,2,0,18
egg free cakes mount druitt,https://numnumsbakery.com.au/blog/eggless-cakes-tregear,0,3,0,17.7
egg free cakes mount druitt,https://numnumsbakery.com.au/blog/eggless-cakes-whalan,0,25,0,15.2
egg free cakes mount druitt,https://numnumsbakery.com.au/blog/eggless-cakes-willmot,0,8,0,10
egg free cakes near me,https://numnumsbakery.com.au/,0,2,0,22.5
egg free cakes near me,https://numnumsbakery.com.au/blog/best-eggless-cake-shops-sydney-2026,0,11,0,7.8
egg free cakes near me,https://numnumsbakery.com.au/blog/eggless-cake-bakery-harris-park-riverstone-sydney,0,1,0,26
egg free cakes near me,https://numnumsbakery.com.au/blog/eggless-cake-for-vegetarians-sydney,0,1,0,48
egg free cakes parramatta,https://numnumsbakery.com.au/,0,11,0,67
egg free cakes parramatta,https://numnumsbakery.com.au/blog/autumn-cake-sydney,0,1,0,14
egg free cakes parramatta,https://numnumsbakery.com.au/blog/best-eggless-cake-shops-sydney-2026,0,55,0,14.0
egg free cakes parramatta,https://numnumsbakery.com.au/blog/eggless-cake-bakery-harris-park-riverstone-sydney,0,145,0,12.1
egg free cakes parramatta,https://numnumsbakery.com.au/blog/eggless-cake-for-vegetarians-sydney,0,13,0,34.5
egg free cakes parramatta,https://numnumsbakery.com.au/blog/eggless-cakes-constitution-hill,0,2,0,12
egg free cakes parramatta,https://numnumsbakery.com.au/blog/eggless-cakes-dundas,0,18,0,8
egg free cakes parramatta,https://numnumsbakery.com.au/blog/eggless-cakes-dundas-valley.html,0,8,0,10.2
egg free cakes parramatta,https://numnumsbakery.com.au/blog/eggless-cakes-eastwood,0,1,0,28
egg free cakes parramatta,https://numnumsbakery.com.au/blog/eggless-cakes-ermington,0,2,0,19
egg free cakes parramatta,https://numnumsbakery.com.au/blog/eggless-cakes-melrose-park,0,2,0,9.5
egg free cakes parramatta,https://numnumsbakery.com.au/blog/eggless-cakes-northmead,0,16,0,9
egg free cakes parramatta,https://numnumsbakery.com.au/blog/eggless-cakes-oatlands,0,1,0,14
egg free cakes parramatta,https://numnumsbakery.com.au/blog/eggless-cakes-rooty-hill,0,1,0,50
egg free cakes parramatta,https://numnumsbakery.com.au/blog/eggless-cakes-schofields,0,5,0,93.2
egg free cakes parramatta,https://numnumsbakery.com.au/blog/eggless-cakes-sydney-olympic-park,0,1,0,4
egg free cakes parramatta,https://numnumsbakery.com.au/blog/photo-cake-sydney,0,1,0,15
egg free cakes parramatta,https://numnumsbakery.com.au/cakes,0,2,0,79
egg free cakes penrith,https://numnumsbakery.com.au/blog/best-eggless-cake-shops-sydney-2026,0,4,0,12.2
egg free cakes penrith,https://numnumsbakery.com.au/blog/eggless-cakes-mount-druitt,0,2,0,9
egg free cakes penrith,https://numnumsbakery.com.au/blog/eggless-cakes-whalan,0,5,0,12
egg free cakes sydney,https://numnumsbakery.com.au/,0,3,0,23
egg free cakes sydney,https://numnumsbakery.com.au/blog/eggless-cake-bakery-harris-park-riverstone-sydney,0,16,0,28
egg free cakes sydney,https://numnumsbakery.com.au/blog/eggless-cake-delivery-sydney,0,1,0,68
egg free cakes sydney,https://numnumsbakery.com.au/blog/eggless-cake-for-vegetarians-sydney,0,33,0,15.8
egg free cakes sydney,https://numnumsbakery.com.au/blog/eggless-cake-nut-free-sydney,0,6,0,20.3
egg free cakes sydney,https://numnumsbakery.com.au/cakes,0,16,0,34.8
egg free cakes to buy,https://numnumsbakery.com.au/blog/best-eggless-cake-shops-sydney-2026,0,2,0,6.5
egg free cupcakes near me,https://numnumsbakery.com.au/blog/best-eggless-cake-shops-sydney-2026,0,2,0,13
egg free cupcakes near me,https://numnumsbakery.com.au/blog/eggless-cake-for-vegetarians-sydney,0,1,0,68
egg free cupcakes near me,https://numnumsbakery.com.au/blog/eggless-cakes-dean-park,0,1,0,6
egg free desserts near me,https://numnumsbakery.com.au/,0,1,0,1
egg free desserts near me,https://numnumsbakery.com.au/blog/best-eggless-cake-shops-sydney-2026,0,2,0,9.5
egg free desserts near me,https://numnumsbakery.com.au/blog/eggless-cakes-dean-park,0,1,0,8
egg free nut free cake,https://numnumsbakery.com.au/,0,1,0,15
egg free nut free cake near me,https://numnumsbakery.com.au/blog/best-eggless-cake-shops-sydney-2026,0,5,0,6
egg free nut free cake near me,https://numnumsbakery.com.au/blog/eggless-cake-bakery-harris-park-riverstone-sydney,0,1,0,5
egg free sponge cake,https://numnumsbakery.com.au/blog/eggless-cake-egg-substitutes,0,1,0,6
egg free wedding cake,https://numnumsbakery.com.au/blog/best-eggless-cake-shops-sydney-2026,0,1,0,4
egg less bakery,https://numnumsbakery.com.au/blog/best-eggless-cake-shops-sydney-2026,0,1,0,4
egg less bakery,https://numnumsbakery.com.au/blog/eggless-cakes-yagoona,0,1,0,11
egg less cake,https://numnumsbakery.com.au/blog/best-eggless-cake-shops-sydney-2026,0,1,0,10
egg less cake near me,https://numnumsbakery.com.au/blog/best-eggless-cake-shops-sydney-2026,0,9,0,7.6
egg less cake near me,https://numnumsbakery.com.au/blog/eggless-cake-bakery-harris-park-riverstone-sydney,0,10,0,6
egg less cake near me,https://numnumsbakery.com.au/blog/eggless-cakes-dean-park,0,1,0,10
egg less cake near me,https://numnumsbakery.com.au/blog/eggless-cakes-villawood,0,2,0,11
egg less cake price,https://numnumsbakery.com.au/blog/best-eggless-cake-shops-sydney-2026,0,1,0,8
egg less cake price,https://numnumsbakery.com.au/cakes,0,2,0,8.5
egg less cakes,https://numnumsbakery.com.au/blog/best-eggless-cake-shops-sydney-2026,0,9,0,6.2
egg less cakes near me,https://numnumsbakery.com.au/blog/best-eggless-cake-shops-sydney-2026,0,1,0,10
egg less cakes near me,https://numnumsbakery.com.au/blog/eggless-cake-bakery-harris-park-riverstone-sydney,0,1,0,5
egg less cakes near me,https://numnumsbakery.com.au/blog/eggless-cakes-dean-park,0,1,0,7
egg less cakes near me,https://numnumsbakery.com.au/blog/eggless-cakes-schofields,0,1,0,5
egg pudding near me,https://numnumsbakery.com.au/,0,1,0,7
egg puff near me,https://numnumsbakery.com.au/cakes,0,1,0,4
egg puffs,https://numnumsbakery.com.au/,0,1,0,7
egg vs eggless cake,https://numnumsbakery.com.au/blog/eggless-cake-vs-regular-cake,0,1,0,2
eggfree cake near me,https://numnumsbakery.com.au/blog/eggless-cakes-riverstone,0,1,0,12
eggfree cakes,https://numnumsbakery.com.au/blog/best-eggless-cake-shops-sydney-2026,0,1,0,4
eggles cake,https://numnumsbakery.com.au/blog/best-eggless-cake-shops-sydney-2026,0,1,0,14
eggless,https://numnumsbakery.com.au/,0,4,0,2
eggless,https://numnumsbakery.com.au/blog,0,2,0,2
eggless,https://numnumsbakery.com.au/blog/best-eggless-cake-shops-sydney-2026,0,13,0,10
eggless,https://numnumsbakery.com.au/blog/eggless-cake-storage-freshness-guide,0,2,0,2.5
eggless,https://numnumsbakery.com.au/blog/vegan-vs-eggless-cakes-difference,0,1,0,7
eggless,https://numnumsbakery.com.au/cakes,0,5,0,1.8
eggless almond cake,https://numnumsbakery.com.au/blog/eggless-cake-egg-substitutes,0,1,0,8
eggless and nut free cake,https://numnumsbakery.com.au/,0,2,0,10
eggless and nut free cake,https://numnumsbakery.com.au/blog/eggless-cakes-northwest-sydney,0,1,0,1
eggless and nut free cake near me,https://numnumsbakery.com.au/,0,2,0,6.5
eggless and nut free cake near me,https://numnumsbakery.com.au/blog/best-eggless-cake-shops-sydney-2026,0,3,0,5
eggless and sugar free cake near me,https://numnumsbakery.com.au/blog/best-eggless-cake-shops-sydney-2026,0,2,0,10
eggless bakeries,https://numnumsbakery.com.au/blog/best-eggless-cake-shops-sydney-2026,0,2,0,3.5
eggless bakeries,https://numnumsbakery.com.au/blog/eggless-cake-bakery-harris-park-riverstone-sydney,0,1,0,10
eggless bakeries near me,https://numnumsbakery.com.au/blog/best-eggless-cake-shops-sydney-2026,0,2,0,9
eggless bakers,https://numnumsbakery.com.au/blog/best-eggless-cake-shops-sydney-2026,0,2,0,12.5
eggless bakery,https://numnumsbakery.com.au/,0,6,0,9.7
eggless bakery,https://numnumsbakery.com.au/blog/best-eggless-cake-shops-sydney-2026,0,20,0,7.2
eggless bakery,https://numnumsbakery.com.au/blog/eggless-cake-bakery-harris-park-riverstone-sydney,0,9,0,7.8
eggless bakery,https://numnumsbakery.com.au/blog/eggless-cake-for-vegetarians-sydney,0,1,0,13
eggless bakery,https://numnumsbakery.com.au/blog/eggless-cakes-the-ponds,0,1,0,1
eggless bakery,https://numnumsbakery.com.au/order,0,1,0,55
eggless bakery near me,https://numnumsbakery.com.au/,0,6,0,6.8
eggless bakery near me,https://numnumsbakery.com.au/blog/best-eggless-cake-shops-sydney-2026,0,12,0,6.8
eggless bakery near me,https://numnumsbakery.com.au/blog/eggless-cake-bakery-harris-park-riverstone-sydney,0,16,0,4.2
eggless bakery near me,https://numnumsbakery.com.au/blog/eggless-cake-for-vegetarians-sydney,0,1,0,7
eggless bakery near me,https://numnumsbakery.com.au/blog/eggless-cakes-dean-park,0,3,0,10
eggless bakery near me,https://numnumsbakery.com.au/blog/eggless-cakes-northwest-sydney,0,2,0,1
eggless baking,https://numnumsbakery.com.au/blog/eggless-cakes-northwest-sydney,0,1,0,7
eggless bento cake near me,https://numnumsbakery.com.au/,0,1,0,1
eggless bento cake near me,https://numnumsbakery.com.au/blog/eggless-cake-bakery-harris-park-riverstone-sydney,0,3,0,5.7
eggless birthday cake,https://numnumsbakery.com.au/,0,2,0,8.5
eggless birthday cake near me,https://numnumsbakery.com.au/,0,4,0,23
eggless birthday cake near me,https://numnumsbakery.com.au/blog/eggless-cakes-carlingford,0,1,0,15
eggless birthday cake near me,https://numnumsbakery.com.au/blog/eggless-cakes-dean-park,0,2,0,10
eggless birthday cake near me,https://numnumsbakery.com.au/blog/eggless-cakes-doonside,0,1,0,12
eggless birthday cake near me,https://numnumsbakery.com.au/blog/eggless-cakes-newington,0,1,0,10
eggless birthday cake near me,https://numnumsbakery.com.au/blog/eggless-cakes-schofields,0,2,0,40.5
eggless birthday cake near me,https://numnumsbakery.com.au/blog/eggless-cakes-the-ponds,0,1,0,1
eggless birthday cake near me,https://numnumsbakery.com.au/blog/eggless-cakes-woodville,0,2,0,15
eggless birthday cake near me,https://numnumsbakery.com.au/cakes,0,1,0,24
eggless birthday cakes,https://numnumsbakery.com.au/,0,1,0,8
eggless birthday cakes,https://numnumsbakery.com.au/blog/best-eggless-cake-shops-sydney-2026,0,3,0,11
eggless birthday cakes,https://numnumsbakery.com.au/cakes,0,2,0,29
eggless birthday cakes near me,https://numnumsbakery.com.au/blog/best-eggless-cake-shops-sydney-2026,0,1,0,4
eggless birthday cakes near me,https://numnumsbakery.com.au/blog/eggless-cakes-dean-park,0,3,0,3.3
eggless biscoff cake,https://numnumsbakery.com.au/,0,1,0,19
eggless black forest cake,https://numnumsbakery.com.au/,0,1,0,7
eggless black forest cake near me,https://numnumsbakery.com.au/blog/eggless-cakes-schofields,0,1,0,7
eggless bread near me,https://numnumsbakery.com.au/blog/best-eggless-cake-shops-sydney-2026,0,1,0,11
eggless brownie near me,https://numnumsbakery.com.au/,0,2,0,5.5
eggless brownie near me,https://numnumsbakery.com.au/blog/best-eggless-cake-shops-sydney-2026,0,2,0,5
eggless brownie near me,https://numnumsbakery.com.au/blog/eggless-cake-bakery-harris-park-riverstone-sydney,0,1,0,6
eggless brownies near me,https://numnumsbakery.com.au/,0,8,0,23.6
eggless brownies near me,https://numnumsbakery.com.au/blog/best-eggless-cake-shops-sydney-2026,0,5,0,8.2
eggless brownies near me,https://numnumsbakery.com.au/blog/eggless-cake-bakery-harris-park-riverstone-sydney,0,1,0,5
eggless brownies near me,https://numnumsbakery.com.au/blog/eggless-cakes-rooty-hill,0,1,0,10
eggless buns near me,https://numnumsbakery.com.au/,0,1,0,4
eggless buns near me,https://numnumsbakery.com.au/blog/eggless-cake-bakery-harris-park-riverstone-sydney,0,2,0,4.5
eggless cafe,https://numnumsbakery.com.au/blog/best-eggless-cake-shops-sydney-2026,0,5,0,13.2
eggless cake,https://numnumsbakery.com.au/blog/eggless-cake-bakery-harris-park-riverstone-sydney,0,2,0,1
eggless cake,https://numnumsbakery.com.au/blog/eggless-cake-storage-freshness-guide,0,4,0,3
eggless cake,https://numnumsbakery.com.au/blog/eggless-cakes-constitution-hill,0,1,0,9
eggless cake,https://numnumsbakery.com.au/blog/eggless-cakes-northwest-sydney,0,4,0,1.2
eggless cake,https://numnumsbakery.com.au/blog/eggless-cakes-riverstone,0,2,0,3
eggless cake,https://numnumsbakery.com.au/blog/eggless-cakes-the-ponds,0,3,0,1.3
eggless cake,https://numnumsbakery.com.au/cakes,0,3,0,6.7
eggless cake 1 kg price,https://numnumsbakery.com.au/cakes,0,1,0,1
eggless cake 1kg with price,https://numnumsbakery.com.au/cakes,0,2,0,7
eggless cake adelaide,https://numnumsbakery.com.au/blog/best-eggless-cake-shops-sydney-2026,0,1,0,3
eggless cake around me,https://numnumsbakery.com.au/,0,1,0,9
eggless cake around me,https://numnumsbakery.com.au/blog/best-eggless-cake-shops-sydney-2026,0,1,0,11
eggless cake around me,https://numnumsbakery.com.au/blog/eggless-cake-bakery-harris-park-riverstone-sydney,0,1,0,5
eggless cake available near me,https://numnumsbakery.com.au/blog/best-eggless-cake-shops-sydney-2026,0,1,0,6
eggless cake bakery,https://numnumsbakery.com.au/blog/best-eggless-cake-shops-sydney-2026,0,8,0,7.9
eggless cake bakery,https://numnumsbakery.com.au/blog/eggless-cake-bakery-harris-park-riverstone-sydney,0,6,0,6.2
eggless cake bakery,https://numnumsbakery.com.au/blog/eggless-cake-delivery-sydney,0,1,0,90
eggless cake bakery,https://numnumsbakery.com.au/blog/eggless-cake-for-vegetarians-sydney,0,1,0,47
eggless cake bakery,https://numnumsbakery.com.au/blog/eggless-cakes-doonside,0,1,0,7
eggless cake bakery,https://numnumsbakery.com.au/blog/eggless-cakes-mount-druitt,0,1,0,5
eggless cake bakery near me,https://numnumsbakery.com.au/,0,2,0,16
eggless cake bakery near me,https://numnumsbakery.com.au/blog/best-eggless-cake-shops-sydney-2026,0,4,0,6.2
eggless cake bakery near me,https://numnumsbakery.com.au/blog/eggless-cake-bakery-harris-park-riverstone-sydney,0,5,0,7
eggless cake bakery near me,https://numnumsbakery.com.au/blog/eggless-cakes-doonside,0,1,0,13
eggless cake bakery near me,https://numnumsbakery.com.au/blog/eggless-cakes-marsfield,0,2,0,12.5
eggless cake bakery near me,https://numnumsbakery.com.au/blog/eggless-cakes-minchinbury,0,1,0,7
eggless cake birthday,https://numnumsbakery.com.au/cakes,0,2,0,6
eggless cake blacktown,https://numnumsbakery.com.au/,0,1,0,22
eggless cake blacktown,https://numnumsbakery.com.au/blog/best-eggless-cake-shops-sydney-2026,0,10,0,10.8
eggless cake blacktown,https://numnumsbakery.com.au/blog/eggless-cakes-doonside,0,25,0,6.1
eggless cake blacktown,https://numnumsbakery.com.au/blog/eggless-cakes-glendenning,0,1,0,7
eggless cake blacktown,https://numnumsbakery.com.au/blog/eggless-cakes-hassall-grove,0,2,0,4
eggless cake blacktown,https://numnumsbakery.com.au/blog/eggless-cakes-lalor-park,0,21,0,4.3
eggless cake blacktown,https://numnumsbakery.com.au/blog/eggless-cakes-mount-druitt,0,6,0,6.2
eggless cake blacktown,https://numnumsbakery.com.au/blog/eggless-cakes-plumpton,0,1,0,4
eggless cake blacktown,https://numnumsbakery.com.au/blog/eggless-cakes-prospect,0,6,0,6.7
eggless cake blacktown,https://numnumsbakery.com.au/blog/eggless-cakes-riverstone,0,1,0,6
eggless cake blacktown,https://numnumsbakery.com.au/blog/eggless-cakes-rooty-hill,0,7,0,4
eggless cake blacktown,https://numnumsbakery.com.au/blog/eggless-cakes-shanes-park,0,4,0,4.2
eggless cake blacktown,https://numnumsbakery.com.au/blog/eggless-cakes-woodcroft,0,1,0,8
eggless cake buy,https://numnumsbakery.com.au/blog/best-eggless-cake-shops-sydney-2026,0,8,0,7.8
eggless cake buy,https://numnumsbakery.com.au/blog/eggless-cake-bakery-harris-park-riverstone-sydney,0,1,0,5
eggless cake buy,https://numnumsbakery.com.au/blog/eggless-cake-for-vegetarians-sydney,0,1,0,26
eggless cake buy,https://numnumsbakery.com.au/cakes,0,3,0,32
eggless cake buy online,https://numnumsbakery.com.au/blog/best-eggless-cake-shops-sydney-2026,0,2,0,7.5
eggless cake cheesecake shop,https://numnumsbakery.com.au/,0,2,0,14
eggless cake company,https://numnumsbakery.com.au/blog/best-eggless-cake-shops-sydney-2026,0,1,0,3
eggless cake delivery,https://numnumsbakery.com.au/blog/eggless-cake-delivery-sydney,0,1,0,28
eggless cake delivery,https://numnumsbakery.com.au/blog/eggless-cake-for-vegetarians-sydney,0,2,0,30
eggless cake delivery near me,https://numnumsbakery.com.au/blog/best-eggless-cake-shops-sydney-2026,0,3,0,8.3
eggless cake delivery near me,https://numnumsbakery.com.au/blog/eggless-cake-delivery-sydney,0,1,0,68
eggless cake delivery sydney,https://numnumsbakery.com.au/,0,6,0,49
eggless cake delivery sydney,https://numnumsbakery.com.au/blog/eggless-cake-bakery-harris-park-riverstone-sydney,0,4,0,23
eggless cake delivery sydney,https://numnumsbakery.com.au/blog/eggless-cake-delivery-sydney,0,2,0,11.5
eggless cake delivery sydney,https://numnumsbakery.com.au/blog/eggless-cake-for-vegetarians-sydney,0,5,0,15
eggless cake delivery sydney,https://numnumsbakery.com.au/cakes,0,10,0,32.8
eggless cake flavours,https://numnumsbakery.com.au/cakes,0,1,0,1
eggless cake for birthday,https://numnumsbakery.com.au/,0,1,0,10
eggless cake for birthday,https://numnumsbakery.com.au/cakes,0,2,0,11
eggless cake halal,https://numnumsbakery.com.au/blog/halal-friendly-cakes-eggless-sydney,0,2,0,1
eggless cake harris park,https://numnumsbakery.com.au/blog/eggless-cake-bakery-harris-park-riverstone-sydney,0,4,0,2.8
eggless cake harris park,https://numnumsbakery.com.au/blog/eggless-cakes-marsfield,0,1,0,10
eggless cake harris park,https://numnumsbakery.com.au/blog/eggless-cakes-telopea,0,1,0,11
eggless cake home delivery,https://numnumsbakery.com.au/,0,1,0,10
eggless cake home delivery,https://numnumsbakery.com.au/blog/best-eggless-cake-shops-sydney-2026,0,4,0,11.8
eggless cake home delivery,https://numnumsbakery.com.au/blog/eggless-cake-delivery-sydney,0,1,0,13
eggless cake home delivery,https://numnumsbakery.com.au/blog/how-to-order-cake-sydney,0,1,0,72
eggless cake home delivery,https://numnumsbakery.com.au/cakes,0,2,0,63
eggless cake in sydney,https://numnumsbakery.com.au/blog/eggless-cake-bakery-harris-park-riverstone-sydney,0,19,0,17.1
eggless cake in sydney,https://numnumsbakery.com.au/blog/eggless-cake-delivery-sydney,0,1,0,83
eggless cake in sydney,https://numnumsbakery.com.au/blog/eggless-cake-for-vegetarians-sydney,0,6,0,11.5
eggless cake in sydney,https://numnumsbakery.com.au/blog/eggless-cake-indian-flavours,0,3,0,62
eggless cake in sydney,https://numnumsbakery.com.au/blog/eggless-cake-reviews-sydney,0,1,0,29
eggless cake in sydney,https://numnumsbakery.com.au/blog/eggless-cakes-grantham-farm,0,1,0,90
eggless cake in sydney,https://numnumsbakery.com.au/blog/eggless-cakes-northwest-sydney,0,1,0,1
eggless cake in sydney,https://numnumsbakery.com.au/blog/eggless-cakes-riverstone,0,1,0,52
eggless cake in sydney,https://numnumsbakery.com.au/blog/rasmalai-cake-sydney,0,1,0,29
eggless cake in sydney,https://numnumsbakery.com.au/cakes,0,17,0,24.8
eggless cake indian,https://numnumsbakery.com.au/,0,1,0,7
eggless cake meaning,https://numnumsbakery.com.au/blog/eggless-cakes-soft-moist-myths-vs-facts,0,2,0,11.5
eggless cake meaning,https://numnumsbakery.com.au/blog/vegan-vs-eggless-cakes-difference,0,7,0,11.6
eggless cake means,https://numnumsbakery.com.au/blog/eggless-cake-vs-sponge-cake,0,1,0,10
eggless cake means,https://numnumsbakery.com.au/blog/eggless-cake-vs-supermarket-cake,0,3,0,10
eggless cake means,https://numnumsbakery.com.au/blog/eggless-cakes-soft-moist-myths-vs-facts,0,2,0,11.5
eggless cake means,https://numnumsbakery.com.au/blog/vegan-vs-eggless-cakes-difference,0,4,0,10.2
eggless cake melbourne cbd,https://numnumsbakery.com.au/blog/best-eggless-cake-shops-sydney-2026,0,1,0,10
eggless cake metro,https://numnumsbakery.com.au/blog/best-eggless-cake-shops-sydney-2026,0,1,0,3
eggless cake near,https://numnumsbakery.com.au/blog/best-eggless-cake-shops-sydney-2026,0,1,0,4
eggless cake near,https://numnumsbakery.com.au/blog/eggless-cakes-dean-park,0,1,0,12
eggless cake near by,https://numnumsbakery.com.au/blog/best-eggless-cake-shops-sydney-2026,0,1,0,12
eggless cake near by,https://numnumsbakery.com.au/blog/eggless-cakes-dean-park,0,1,0,9
eggless cake near by,https://numnumsbakery.com.au/blog/eggless-cakes-riverstone,0,1,0,15
eggless cake near by,https://numnumsbakery.com.au/blog/eggless-cakes-schofields,0,1,0,6
eggless cake near by me,https://numnumsbakery.com.au/,0,1,0,5
eggless cake near by me,https://numnumsbakery.com.au/blog/best-eggless-cake-shops-sydney-2026,0,1,0,8
eggless cake near by me,https://numnumsbakery.com.au/blog/eggless-cake-bakery-harris-park-riverstone-sydney,0,1,0,6
eggless cake near me,https://numnumsbakery.com.au/blog/best-cake-sydney,0,1,0,47
eggless cake near me,https://numnumsbakery.com.au/blog/best-eggless-cakes-near-me,0,1,0,19
eggless cake near me,https://numnumsbakery.com.au/blog/eggless-cake-indian-flavours,0,3,0,8.7
eggless cake near me,https://numnumsbakery.com.au/blog/eggless-cake-reviews-sydney,0,3,0,4.7
eggless cake near me,https://numnumsbakery.com.au/blog/eggless-cakes-auburn,0,1,0,47
eggless cake near me,https://numnumsbakery.com.au/blog/eggless-cakes-beecroft,0,1,0,8
eggless cake near me,https://numnumsbakery.com.au/blog/eggless-cakes-bligh-park,0,3,0,6.3
eggless cake near me,https://numnumsbakery.com.au/blog/eggless-cakes-bonnyrigg,0,22,0,10.6
eggless cake near me,https://numnumsbakery.com.au/blog/eggless-cakes-bossley-park,0,3,0,62.3
eggless cake near me,https://numnumsbakery.com.au/blog/eggless-cakes-cabramatta,0,17,0,9.8
eggless cake near me,https://numnumsbakery.com.au/blog/eggless-cakes-carlingford,0,2,0,9.5
eggless cake near me,https://numnumsbakery.com.au/blog/eggless-cakes-cherrybrook,0,6,0,4.2
eggless cake near me,https://numnumsbakery.com.au/blog/eggless-cakes-constitution-hill,0,13,0,8.6
eggless cake near me,https://numnumsbakery.com.au/blog/eggless-cakes-glendenning,0,1,0,5
eggless cake near me,https://numnumsbakery.com.au/blog/eggless-cakes-hebersham,0,19,0,11.7
eggless cake near me,https://numnumsbakery.com.au/blog/eggless-cakes-kenthurst,0,16,0,8.3
eggless cake near me,https://numnumsbakery.com.au/blog/eggless-cakes-kings-park,0,6,0,10.3
eggless cake near me,https://numnumsbakery.com.au/blog/eggless-cakes-lalor-park,0,20,0,7.8
eggless cake near me,https://numnumsbakery.com.au/blog/eggless-cakes-lidcombe,0,2,0,5
eggless cake near me,https://numnumsbakery.com.au/blog/eggless-cakes-maraylya,0,4,0,6.8
eggless cake near me,https://numnumsbakery.com.au/blog/eggless-cakes-marsfield,0,11,0,18.7
eggless cake near me,https://numnumsbakery.com.au/blog/eggless-cakes-mcgraths-hill,0,8,0,9.5
eggless cake near me,https://numnumsbakery.com.au/blog/eggless-cakes-meadowbank,0,2,0,10.5
eggless cake near me,https://numnumsbakery.com.au/blog/eggless-cakes-merrylands-west,0,8,0,7
eggless cake near me,https://numnumsbakery.com.au/blog/eggless-cakes-minchinbury,0,72,0,7.2
eggless cake near me,https://numnumsbakery.com.au/blog/eggless-cakes-mount-druitt,0,20,0,7.4
eggless cake near me,https://numnumsbakery.com.au/blog/eggless-cakes-newington,0,22,0,7.7
eggless cake near me,https://numnumsbakery.com.au/blog/eggless-cakes-northmead,0,10,0,9.4
eggless cake near me,https://numnumsbakery.com.au/blog/eggless-cakes-northwest-sydney,0,3,0,1
eggless cake near me,https://numnumsbakery.com.au/blog/eggless-cakes-pennant-hills,0,17,0,9.9
eggless cake near me,https://numnumsbakery.com.au/blog/eggless-cakes-prospect,0,5,0,9.6
eggless cake near me,https://numnumsbakery.com.au/blog/eggless-cakes-riverstone,0,23,0,10.4
eggless cake near me,https://numnumsbakery.com.au/blog/eggless-cakes-rooty-hill,0,6,0,5.3
eggless cake near me,https://numnumsbakery.com.au/blog/eggless-cakes-silverwater,0,2,0,9.5
eggless cake near me,https://numnumsbakery.com.au/blog/eggless-cakes-smithfield,0,1,0,13
eggless cake near me,https://numnumsbakery.com.au/blog/eggless-cakes-south-granville.html,0,2,0,7
eggless cake near me,https://numnumsbakery.com.au/blog/eggless-cakes-telopea,0,1,0,12
eggless cake near me,https://numnumsbakery.com.au/blog/eggless-cakes-the-ponds,0,4,0,1
eggless cake near me,https://numnumsbakery.com.au/blog/eggless-cakes-west-ryde,0,5,0,8.6
eggless cake near me,https://numnumsbakery.com.au/blog/eggless-cakes-wetherill-park,0,1,0,4
eggless cake near me,https://numnumsbakery.com.au/blog/eggless-cakes-winston-hills,0,19,0,8.6
eggless cake near me,https://numnumsbakery.com.au/blog/eggless-cakes-woodville,0,1,0,9
eggless cake near me,https://numnumsbakery.com.au/blog/eggless-cakes-yagoona,0,3,0,3.7
eggless cake near me,https://numnumsbakery.com.au/blog/eggless-cakes-yennora,0,1,0,12
eggless cake near me delivery,https://numnumsbakery.com.au/blog/best-eggless-cake-shops-sydney-2026,0,3,0,6.7
eggless cake near me home delivery,https://numnumsbakery.com.au/blog/best-eggless-cake-shops-sydney-2026,0,1,0,11
eggless cake near me home delivery,https://numnumsbakery.com.au/blog/eggless-cake-delivery-sydney,0,1,0,27
eggless cake near me home delivery,https://numnumsbakery.com.au/blog/how-to-order-cake-sydney,0,1,0,49
eggless cake near me indian,https://numnumsbakery.com.au/blog/best-eggless-cake-shops-sydney-2026,0,1,0,4
eggless cake near me indian,https://numnumsbakery.com.au/blog/eggless-cake-bakery-harris-park-riverstone-sydney,0,1,0,3
eggless cake near me open now,https://numnumsbakery.com.au/,0,2,0,3.5
eggless cake near me open now,https://numnumsbakery.com.au/blog/best-eggless-cake-shops-sydney-2026,0,4,0,4.5
eggless cake near me open now,https://numnumsbakery.com.au/blog/eggless-cake-bakery-harris-park-riverstone-sydney,0,9,0,5.8
eggless cake near me open now,https://numnumsbakery.com.au/blog/eggless-cakes-constitution-hill,0,2,0,5.5
eggless cake near me open now,https://numnumsbakery.com.au/blog/eggless-cakes-dean-park,0,1,0,6
eggless cake near me open now,https://numnumsbakery.com.au/blog/eggless-cakes-dundas-valley.html,0,1,0,9
eggless cake near me open now,https://numnumsbakery.com.au/blog/eggless-cakes-schofields,0,1,0,3
eggless cake near me within 800m,https://numnumsbakery.com.au/blog/best-eggless-cake-shops-sydney-2026,0,1,0,2
eggless cake near me within 800m,https://numnumsbakery.com.au/blog/eggless-cake-bakery-harris-park-riverstone-sydney,0,1,0,10
eggless cake nearby,https://numnumsbakery.com.au/,0,2,0,56.5
eggless cake nearby,https://numnumsbakery.com.au/blog/best-eggless-cake-shops-sydney-2026,0,5,0,7.6
eggless cake nearby,https://numnumsbakery.com.au/blog/eggless-cake-bakery-harris-park-riverstone-sydney,0,3,0,13.3
eggless cake nearby,https://numnumsbakery.com.au/blog/eggless-cake-for-vegetarians-sydney,0,1,0,75
eggless cake nearby,https://numnumsbakery.com.au/blog/eggless-cakes-dean-park,0,3,0,12
eggless cake nearby,https://numnumsbakery.com.au/blog/eggless-cakes-minchinbury,0,1,0,4
eggless cake nearby,https://numnumsbakery.com.au/blog/eggless-cakes-riverstone,0,1,0,72
eggless cake nearby,https://numnumsbakery.com.au/blog/eggless-cakes-schofields,0,1,0,82
eggless cake nearby,https://numnumsbakery.com.au/cakes,0,2,0,35
eggless cake online,https://numnumsbakery.com.au/blog/best-eggless-cake-shops-sydney-2026,0,5,0,9.2
eggless cake online,https://numnumsbakery.com.au/cakes,0,1,0,2
eggless cake online,https://numnumsbakery.com.au/order,0,2,0,7
eggless cake online delivery,https://numnumsbakery.com.au/blog/best-eggless-cake-shops-sydney-2026,0,1,0,7
eggless cake online delivery,https://numnumsbakery.com.au/blog/how-to-order-cake-sydney,0,1,0,56
eggless cake online delivery,https://numnumsbakery.com.au/cakes,0,2,0,21.5
eggless cake online delivery near me,https://numnumsbakery.com.au/,0,1,0,16
eggless cake online delivery near me,https://numnumsbakery.com.au/blog/eggless-cake-delivery-sydney,0,1,0,35
eggless cake online order,https://numnumsbakery.com.au/,0,1,0,5
eggless cake online order,https://numnumsbakery.com.au/blog/eggless-cake-bakery-harris-park-riverstone-sydney,0,1,0,3
eggless cake options,https://numnumsbakery.com.au/blog/best-eggless-cake-shops-sydney-2026,0,4,0,9.2
eggless cake options near me,https://numnumsbakery.com.au/blog/best-eggless-cake-shops-sydney-2026,0,3,0,8.7
eggless cake options near me,https://numnumsbakery.com.au/blog/eggless-cake-bakery-harris-park-riverstone-sydney,0,1,0,7
eggless cake options near me,https://numnumsbakery.com.au/blog/eggless-cakes-bonnyrigg,0,1,0,13
eggless cake options near me,https://numnumsbakery.com.au/blog/eggless-cakes-dean-park,0,2,0,6
eggless cake options near me,https://numnumsbakery.com.au/blog/eggless-cakes-prospect,0,1,0,8
eggless cake or egg cake which is better,https://numnumsbakery.com.au/blog/eggless-cakes-soft-moist-myths-vs-facts,0,1,0,11
eggless cake or egg cake which is better,https://numnumsbakery.com.au/blog/vegan-vs-eggless-cakes-difference,0,1,0,11
eggless cake order,https://numnumsbakery.com.au/,0,4,0,8
eggless cake order,https://numnumsbakery.com.au/blog/best-eggless-cake-shops-sydney-2026,0,10,0,8.9
eggless cake order,https://numnumsbakery.com.au/blog/eggless-cake-bakery-harris-park-riverstone-sydney,0,2,0,5
eggless cake order,https://numnumsbakery.com.au/blog/eggless-cake-delivery-sydney,0,1,0,53
eggless cake order,https://numnumsbakery.com.au/blog/eggless-cake-for-vegetarians-sydney,0,1,0,33
eggless cake order,https://numnumsbakery.com.au/cakes,0,2,0,26.5
eggless cake order online,https://numnumsbakery.com.au/blog/best-eggless-cake-shops-sydney-2026,0,10,0,8
eggless cake order online,https://numnumsbakery.com.au/blog/eggless-cake-bakery-harris-park-riverstone-sydney,0,1,0,13
eggless cake order online,https://numnumsbakery.com.au/blog/eggless-cake-delivery-sydney,0,1,0,31
eggless cake order online,https://numnumsbakery.com.au/blog/eggless-cakes-schofields,0,1,0,6
eggless cake order online,https://numnumsbakery.com.au/blog/how-to-order-cake-sydney,0,1,0,76
eggless cake order online,https://numnumsbakery.com.au/cakes,0,2,0,30
eggless cake order online,https://numnumsbakery.com.au/order,0,6,0,7.3
eggless cake order online near me,https://numnumsbakery.com.au/,0,1,0,20
eggless cake order online near me,https://numnumsbakery.com.au/blog/best-eggless-cake-shops-sydney-2026,0,3,0,9
eggless cake order online near me,https://numnumsbakery.com.au/blog/eggless-cake-bakery-harris-park-riverstone-sydney,0,2,0,5
eggless cake order online near me,https://numnumsbakery.com.au/blog/eggless-cake-delivery-sydney,0,1,0,63
eggless cake order online near me,https://numnumsbakery.com.au/cakes,0,1,0,40
eggless cake pakenham,https://numnumsbakery.com.au/,0,1,0,19
eggless cake parramatta,https://numnumsbakery.com.au/blog/best-eggless-cake-shops-sydney-2026,0,1,0,19
eggless cake parramatta,https://numnumsbakery.com.au/blog/eggless-cakes-dean-park,0,1,0,82
eggless cake parramatta,https://numnumsbakery.com.au/blog/eggless-cakes-dundas,0,11,0,8.2
eggless cake parramatta,https://numnumsbakery.com.au/blog/eggless-cakes-ermington,0,1,0,8
eggless cake parramatta,https://numnumsbakery.com.au/blog/eggless-cakes-harris-park,0,4,0,9.2
eggless cake parramatta,https://numnumsbakery.com.au/blog/eggless-cakes-meadowbank,0,3,0,11.3
eggless cake parramatta,https://numnumsbakery.com.au/blog/eggless-cakes-northmead,0,5,0,5.8
eggless cake parramatta,https://numnumsbakery.com.au/blog/eggless-cakes-old-toongabbie,0,1,0,5
eggless cake parramatta,https://numnumsbakery.com.au/blog/eggless-cakes-riverstone,0,2,0,3
eggless cake parramatta,https://numnumsbakery.com.au/blog/eggless-cakes-schofields,0,2,0,89.5
eggless cake parramatta,https://numnumsbakery.com.au/blog/eggless-cakes-silverwater,0,1,0,10
eggless cake parramatta,https://numnumsbakery.com.au/blog/eggless-cakes-strathfield,0,1,0,5
eggless cake parramatta,https://numnumsbakery.com.au/blog/eggless-cakes-sydney-olympic-park,0,22,0,9.8
eggless cake parramatta,https://numnumsbakery.com.au/blog/eggless-cakes-winston-hills,0,2,0,11
eggless cake parramatta,https://numnumsbakery.com.au/cakes,0,3,0,27.3
eggless cake price,https://numnumsbakery.com.au/blog/best-eggless-cake-shops-sydney-2026,0,1,0,12
eggless cake price,https://numnumsbakery.com.au/cakes,0,1,0,8
eggless cake recipe,https://numnumsbakery.com.au/blog/vegan-vs-eggless-cakes-difference,0,1,0,4
eggless cake same day delivery,https://numnumsbakery.com.au/blog/best-eggless-cake-shops-sydney-2026,0,2,0,10.5
eggless cake same day delivery,https://numnumsbakery.com.au/blog/eggless-cake-delivery-sydney,0,1,0,10
eggless cake shelf life,https://numnumsbakery.com.au/blog/eggless-cake-storage-freshness-guide,0,1,0,3
eggless cake shop,https://numnumsbakery.com.au/,0,415,0,30.4
eggless cake shop,https://numnumsbakery.com.au/blog/eggless-cake-delivery-sydney,0,2,0,55.5
eggless cake shop,https://numnumsbakery.com.au/blog/eggless-cake-for-vegetarians-sydney,0,135,0,34.2
eggless cake shop,https://numnumsbakery.com.au/blog/eggless-cakes-dean-park,0,1,0,37
eggless cake shop,https://numnumsbakery.com.au/blog/eggless-cakes-riverstone,0,23,0,29.7
eggless cake shop,https://numnumsbakery.com.au/cakes,0,302,0,42.9
eggless cake shop,https://numnumsbakery.com.au/order,0,1,0,40
eggless cake shop near me,https://numnumsbakery.com.au/,0,22,0,12.0
eggless cake shop near me,https://numnumsbakery.com.au/blog/eggless-cakes-dean-park,0,10,0,12.3
eggless cake shop near me,https://numnumsbakery.com.au/blog/eggless-cakes-doonside,0,4,0,4.8
eggless cake shop near me,https://numnumsbakery.com.au/blog/eggless-cakes-plumpton,0,1,0,4
eggless cake shop near me,https://numnumsbakery.com.au/blog/eggless-cakes-riverstone,0,3,0,27.3
eggless cake shop near me,https://numnumsbakery.com.au/blog/eggless-cakes-schofields,0,7,0,16
eggless cake shop near me,https://numnumsbakery.com.au/cakes,0,3,0,37.7
eggless cake shops,https://numnumsbakery.com.au/,0,2,0,14
eggless cake shops,https://numnumsbakery.com.au/blog/best-eggless-cake-shops-sydney-2026,0,4,0,4.5
eggless cake shops,https://numnumsbakery.com.au/blog/eggless-cake-bakery-harris-park-riverstone-sydney,0,6,0,8.2
eggless cake shops,https://numnumsbakery.com.au/blog/eggless-cakes-doonside,0,1,0,4
eggless cake shops near me,https://numnumsbakery.com.au/blog/best-eggless-cake-shops-sydney-2026,0,4,0,5
eggless cake shops near me,https://numnumsbakery.com.au/blog/eggless-cake-bakery-harris-park-riverstone-sydney,0,7,0,5.7
eggless cake shops near me,https://numnumsbakery.com.au/blog/eggless-cakes-dean-park,0,2,0,7.5
eggless cake slice,https://numnumsbakery.com.au/,0,1,0,3
eggless cake store,https://numnumsbakery.com.au/blog/best-eggless-cake-shops-sydney-2026,0,1,0,7
eggless cake store near me,https://numnumsbakery.com.au/blog/best-eggless-cake-shops-sydney-2026,0,1,0,4
eggless cake store near me,https://numnumsbakery.com.au/blog/eggless-cake-bakery-harris-park-riverstone-sydney,0,3,0,8.7
eggless cake store near me,https://numnumsbakery.com.au/blog/eggless-cakes-dean-park,0,1,0,7
eggless cake store near me,https://numnumsbakery.com.au/blog/eggless-cakes-riverstone,0,1,0,10
eggless cake studio,https://numnumsbakery.com.au/blog/best-eggless-cake-shops-sydney-2026,0,2,0,16
eggless cake supermarket,https://numnumsbakery.com.au/blog/eggless-cake-vs-supermarket-cake,0,2,0,6
eggless cake sydney,https://numnumsbakery.com.au/blog,0,2,0,78.5
eggless cake sydney,https://numnumsbakery.com.au/blog/best-cake-sydney,0,4,0,18
eggless cake sydney,https://numnumsbakery.com.au/blog/eggless-cake-delivery-sydney,0,4,0,87.2
eggless cake sydney,https://numnumsbakery.com.au/blog/eggless-cake-for-toddlers-sydney,0,1,0,44
eggless cake sydney,https://numnumsbakery.com.au/blog/eggless-cake-for-vegetarians-sydney,0,75,0,19.7
eggless cake sydney,https://numnumsbakery.com.au/blog/eggless-cake-indian-flavours,0,27,0,52
eggless cake sydney,https://numnumsbakery.com.au/blog/eggless-cake-nut-free-sydney,0,26,0,39.3
eggless cake sydney,https://numnumsbakery.com.au/blog/eggless-cake-reviews-sydney,0,23,0,36
eggless cake sydney,https://numnumsbakery.com.au/blog/eggless-cake-small-gatherings-sydney,0,3,0,47
eggless cake sydney,https://numnumsbakery.com.au/blog/eggless-cake-tasting-sydney,0,1,0,85
eggless cake sydney,https://numnumsbakery.com.au/blog/eggless-cake-vs-ice-cream-cake-sydney,0,3,0,41
eggless cake sydney,https://numnumsbakery.com.au/blog/eggless-cakes-durga-puja-sydney,0,1,0,2
eggless cake sydney,https://numnumsbakery.com.au/blog/eggless-cakes-grantham-farm,0,3,0,92.7
eggless cake sydney,https://numnumsbakery.com.au/blog/eggless-cakes-rooty-hill,0,1,0,66
eggless cake sydney,https://numnumsbakery.com.au/cakes,0,186,0,25.8
eggless cake to buy,https://numnumsbakery.com.au/blog/best-eggless-cake-shops-sydney-2026,0,1,0,12
eggless cake wentworthville,https://numnumsbakery.com.au/,0,29,0,6.3
eggless cake wentworthville,https://numnumsbakery.com.au/blog,0,14,0,8.9
eggless cake windsor,https://numnumsbakery.com.au/blog/eggless-cakes-riverstone,0,1,0,4
eggless cake woolworths,https://numnumsbakery.com.au/blog/best-eggless-cake-shops-sydney-2026,0,1,0,4
eggless cake.near me,https://numnumsbakery.com.au/blog/best-eggless-cake-shops-sydney-2026,0,1,0,8
eggless cake.near me,https://numnumsbakery.com.au/blog/eggless-cakes-dean-park,0,1,0,6
eggless cakes,https://numnumsbakery.com.au/,0,18,0,5.9
eggless cakes,https://numnumsbakery.com.au/blog/eggless-cake-bakery-harris-park-riverstone-sydney,0,1,0,2
eggless cakes,https://numnumsbakery.com.au/blog/eggless-cake-egg-substitutes,0,1,0,2
eggless cakes,https://numnumsbakery.com.au/blog/eggless-cake-for-vegetarians-sydney,0,87,0,13.7
eggless cakes,https://numnumsbakery.com.au/blog/eggless-cake-nut-free-sydney,0,6,0,23.8
eggless cakes,https://numnumsbakery.com.au/blog/eggless-cakes-dean-park,0,2,0,12
eggless cakes brisbane,https://numnumsbakery.com.au/,0,1,0,6
eggless cakes near me,https://numnumsbakery.com.au/blog/best-cake-sydney,0,3,0,42
eggless cakes near me,https://numnumsbakery.com.au/blog/eggless-cake-for-vegetarians-sydney,0,6,0,46.2
eggless cakes near me,https://numnumsbakery.com.au/blog/eggless-cakes-bonnyrigg,0,3,0,26
eggless cakes near me,https://numnumsbakery.com.au/blog/eggless-cakes-cabramatta,0,5,0,10
eggless cakes near me,https://numnumsbakery.com.au/blog/eggless-cakes-cherrybrook,0,1,0,3
eggless cakes near me,https://numnumsbakery.com.au/blog/eggless-cakes-constitution-hill,0,1,0,5
eggless cakes near me,https://numnumsbakery.com.au/blog/eggless-cakes-dean-park,0,48,0,12.2
eggless cakes near me,https://numnumsbakery.com.au/blog/eggless-cakes-doonside,0,12,0,5.5
eggless cakes near me,https://numnumsbakery.com.au/blog/eggless-cakes-glenorie,0,1,0,6
eggless cakes near me,https://numnumsbakery.com.au/blog/eggless-cakes-kenthurst,0,4,0,10.8
eggless cakes near me,https://numnumsbakery.com.au/blog/eggless-cakes-lalor-park,0,4,0,7
eggless cakes near me,https://numnumsbakery.com.au/blog/eggless-cakes-merrylands-west,0,1,0,7
eggless cakes near me,https://numnumsbakery.com.au/blog/eggless-cakes-minchinbury,0,5,0,6.2
eggless cakes near me,https://numnumsbakery.com.au/blog/eggless-cakes-mount-druitt,0,3,0,7.7
eggless cakes near me,https://numnumsbakery.com.au/blog/eggless-cakes-newington,0,1,0,6
eggless cakes near me,https://numnumsbakery.com.au/blog/eggless-cakes-north-kellyville,0,4,0,5.2
eggless cakes near me,https://numnumsbakery.com.au/blog/eggless-cakes-northmead,0,4,0,7
eggless cakes near me,https://numnumsbakery.com.au/blog/eggless-cakes-northwest-sydney,0,1,0,1
eggless cakes near me,https://numnumsbakery.com.au/blog/eggless-cakes-plumpton,0,2,0,5
eggless cakes near me,https://numnumsbakery.com.au/blog/eggless-cakes-quakers-hill,0,1,0,4
eggless cakes near me,https://numnumsbakery.com.au/blog/eggless-cakes-rhodes,0,1,0,13
eggless cakes near me,https://numnumsbakery.com.au/blog/eggless-cakes-rooty-hill,0,2,0,8.5
eggless cakes near me,https://numnumsbakery.com.au/blog/eggless-cakes-the-ponds,0,1,0,1
eggless cakes near me,https://numnumsbakery.com.au/blog/eggless-cakes-villawood,0,1,0,4
eggless cakes near me,https://numnumsbakery.com.au/blog/eggless-cakes-winston-hills,0,2,0,8
eggless cakes near me,https://numnumsbakery.com.au/cakes,0,27,0,44.9
eggless cakes near me for birthday,https://numnumsbakery.com.au/,0,1,0,9
eggless cakes near me for birthday,https://numnumsbakery.com.au/blog/best-eggless-cake-shops-sydney-2026,0,4,0,6.2
eggless cakes near me for birthday,https://numnumsbakery.com.au/blog/eggless-cake-bakery-harris-park-riverstone-sydney,0,6,0,10.2
eggless cakes near me for birthday,https://numnumsbakery.com.au/blog/eggless-cakes-dean-park,0,1,0,6
eggless cakes near me for birthday,https://numnumsbakery.com.au/cakes,0,2,0,6
eggless cakes nearby,https://numnumsbakery.com.au/blog/best-eggless-cake-shops-sydney-2026,0,2,0,11
eggless cakes nearby,https://numnumsbakery.com.au/blog/eggless-cake-bakery-harris-park-riverstone-sydney,0,4,0,3
eggless cakes nearby,https://numnumsbakery.com.au/blog/eggless-cakes-meadowbank,0,2,0,8
eggless cakes online,https://numnumsbakery.com.au/blog/best-eggless-cake-shops-sydney-2026,0,2,0,8.5
eggless cakes sydney,https://numnumsbakery.com.au/blog,0,10,0,85.9
eggless cakes sydney,https://numnumsbakery.com.au/blog/best-cake-sydney,0,5,0,25.8
eggless cakes sydney,https://numnumsbakery.com.au/blog/eggless-cake-bakery-harris-park-riverstone-sydney,0,125,0,33.4
eggless cakes sydney,https://numnumsbakery.com.au/blog/eggless-cake-delivery-sydney,0,6,0,82.2
eggless cakes sydney,https://numnumsbakery.com.au/blog/eggless-cake-for-vegetarians-sydney,0,78,0,14.6
eggless cakes sydney,https://numnumsbakery.com.au/blog/eggless-cake-indian-flavours,0,33,0,63
eggless cakes sydney,https://numnumsbakery.com.au/blog/eggless-cake-nut-free-sydney,0,19,0,36
eggless cakes sydney,https://numnumsbakery.com.au/blog/eggless-cake-small-gatherings-sydney,0,3,0,55
eggless cakes sydney,https://numnumsbakery.com.au/blog/eggless-cake-tasting-sydney,0,3,0,92.3
eggless cakes sydney,https://numnumsbakery.com.au/blog/eggless-cake-vs-ice-cream-cake-sydney,0,1,0,41
eggless cakes sydney,https://numnumsbakery.com.au/blog/eggless-cakes-grantham-farm,0,8,0,82.5
eggless cakes sydney,https://numnumsbakery.com.au/blog/eggless-cakes-riverstone,0,2,0,1.5
eggless cakes sydney,https://numnumsbakery.com.au/cakes,0,212,0,26.5
eggless cakes sydney,https://numnumsbakery.com.au/order,0,8,0,88.4
eggless cakeshop,https://numnumsbakery.com.au/,0,1,0,1
eggless cakeshop,https://numnumsbakery.com.au/blog/best-eggless-cake-shops-sydney-2026,0,1,0,3
eggless cakeshop,https://numnumsbakery.com.au/blog/eggless-cake-bakery-harris-park-riverstone-sydney,0,1,0,8
eggless cale near me,https://numnumsbakery.com.au/,0,1,0,1
eggless cale near me,https://numnumsbakery.com.au/blog/best-eggless-cake-shops-sydney-2026,0,5,0,7.6
eggless cale near me,https://numnumsbakery.com.au/blog/eggless-cake-bakery-harris-park-riverstone-sydney,0,1,0,5
eggless cale near me,https://numnumsbakery.com.au/blog/eggless-cakes-cherrybrook,0,1,0,4
eggless cale near me,https://numnumsbakery.com.au/blog/eggless-cakes-kenthurst,0,1,0,11
eggless cale near me,https://numnumsbakery.com.au/blog/eggless-cakes-lidcombe,0,1,0,7
eggless cale near me,https://numnumsbakery.com.au/blog/eggless-cakes-minchinbury,0,1,0,7
eggless cale near me,https://numnumsbakery.com.au/blog/eggless-cakes-pennant-hills,0,1,0,4
eggless cale near me,https://numnumsbakery.com.au/blog/eggless-cakes-schofields,0,1,0,5
eggless cales,https://numnumsbakery.com.au/blog/best-eggless-cake-shops-sydney-2026,0,3,0,7.7
eggless cheese cake near me,https://numnumsbakery.com.au/blog/best-eggless-cake-shops-sydney-2026,0,1,0,4
eggless cheesecake,https://numnumsbakery.com.au/,0,1,0,2
eggless cheesecake near me,https://numnumsbakery.com.au/,0,3,0,23.3
eggless cheesecake near me,https://numnumsbakery.com.au/blog/eggless-cake-bakery-harris-park-riverstone-sydney,0,2,0,7
eggless cheesecake near me,https://numnumsbakery.com.au/blog/eggless-cakes-dean-park,0,1,0,32
eggless cheesecake near me,https://numnumsbakery.com.au/blog/eggless-cakes-northwest-sydney,0,1,0,1
eggless chocolate cake near me,https://numnumsbakery.com.au/blog/eggless-cakes-dean-park,0,2,0,9
eggless chocolate cake near me,https://numnumsbakery.com.au/blog/eggless-cakes-doonside,0,5,0,3.8
eggless chocolate cake near me,https://numnumsbakery.com.au/blog/eggless-cakes-riverstone,0,2,0,26
eggless chocolate cake near me,https://numnumsbakery.com.au/blog/eggless-cakes-schofields,0,3,0,28.3
eggless chocolate cake near me,https://numnumsbakery.com.au/cakes,0,1,0,19
eggless chocolate mud cake,https://numnumsbakery.com.au/,0,1,0,5
eggless cookies,https://numnumsbakery.com.au/,0,1,0,3
eggless cookies,https://numnumsbakery.com.au/cakes,0,1,0,3
eggless cookies near me,https://numnumsbakery.com.au/blog/best-eggless-cake-shops-sydney-2026,0,4,0,6
eggless cookies near me,https://numnumsbakery.com.au/blog/eggless-cakes-dean-park,0,1,0,12
eggless croissant near me,https://numnumsbakery.com.au/,0,2,0,4.5
eggless croissant near me,https://numnumsbakery.com.au/cakes,0,1,0,1
eggless cupcake,https://numnumsbakery.com.au/,0,2,0,1.5
eggless cupcake near me,https://numnumsbakery.com.au/,0,1,0,6
eggless cupcake near me,https://numnumsbakery.com.au/blog/best-eggless-cake-shops-sydney-2026,0,1,0,10
eggless cupcake near me,https://numnumsbakery.com.au/blog/eggless-cakes-dean-park,0,1,0,5
eggless cupcakes,https://numnumsbakery.com.au/,0,7,0,8
eggless cupcakes,https://numnumsbakery.com.au/cakes,0,1,0,11
eggless cupcakes near me,https://numnumsbakery.com.au/blog/best-eggless-cake-shops-sydney-2026,0,45,0,8.4
eggless cupcakes near me,https://numnumsbakery.com.au/blog/eggless-cakes-dean-park,0,9,0,14.1
eggless cupcakes near me,https://numnumsbakery.com.au/blog/eggless-cakes-doonside,0,5,0,8.6
eggless cupcakes near me,https://numnumsbakery.com.au/blog/eggless-cakes-plumpton,0,1,0,6
eggless cupcakes near me,https://numnumsbakery.com.au/blog/eggless-cakes-schofields,0,2,0,42.5
eggless cupcakes near me,https://numnumsbakery.com.au/cakes,0,2,0,1
eggless custom cake,https://numnumsbakery.com.au/blog/best-eggless-cake-shops-sydney-2026,0,3,0,5.3
eggless dessert,https://numnumsbakery.com.au/,0,1,0,11
eggless dessert cafe,https://numnumsbakery.com.au/blog/best-eggless-cake-shops-sydney-2026,0,4,0,17.5
eggless dessert near me,https://numnumsbakery.com.au/blog/best-eggless-cake-shops-sydney-2026,0,1,0,6
eggless dessert near me,https://numnumsbakery.com.au/blog/eggless-cake-bakery-harris-park-riverstone-sydney,0,1,0,1
eggless dessert places near me,https://numnumsbakery.com.au/,0,1,0,1
eggless dessert places near me,https://numnumsbakery.com.au/blog/best-eggless-cake-shops-sydney-2026,0,1,0,8
eggless desserts,https://numnumsbakery.com.au/,0,3,0,6
eggless desserts near me,https://numnumsbakery.com.au/,0,4,0,9.5
eggless desserts near me,https://numnumsbakery.com.au/blog/best-eggless-cake-shops-sydney-2026,0,7,0,5.6
eggless dinner rolls,https://numnumsbakery.com.au/,0,2,0,5
eggless donuts,https://numnumsbakery.com.au/,0,1,0,6
eggless donuts near me,https://numnumsbakery.com.au/blog/eggless-cakes-pitt-town,0,1,0,1
eggless donuts near me,https://numnumsbakery.com.au/cakes,0,2,0,3.5
eggless doughnut,https://numnumsbakery.com.au/,0,2,0,3.5
eggless fruit cake near me,https://numnumsbakery.com.au/blog/eggless-cakes-schofields,0,2,0,5.5
eggless ice cream cake near me,https://numnumsbakery.com.au/blog/eggless-cakes-dean-park,0,1,0,10
eggless ice cream cake near me,https://numnumsbakery.com.au/blog/eggless-cakes-riverstone,0,1,0,31
eggless ice cream cake near me,https://numnumsbakery.com.au/blog/eggless-cakes-schofields,0,1,0,70
eggless indian cake near me,https://numnumsbakery.com.au/blog/best-eggless-cake-shops-sydney-2026,0,1,0,3
eggless indian cake near me,https://numnumsbakery.com.au/blog/eggless-cake-bakery-harris-park-riverstone-sydney,0,1,0,6
eggless ladyfingers for tiramisu,https://numnumsbakery.com.au/,0,1,0,2
eggless macarons near me,https://numnumsbakery.com.au/blog/best-eggless-cake-shops-sydney-2026,0,2,0,9.5
eggless mango cake,https://numnumsbakery.com.au/blog/eggless-cake-bakery-harris-park-riverstone-sydney,0,1,0,6
eggless mango cake near me,https://numnumsbakery.com.au/,0,1,0,4
eggless mango cake near me,https://numnumsbakery.com.au/cakes,0,1,0,10
eggless mawa cake recipe,https://numnumsbakery.com.au/blog/eggless-cake-egg-substitutes,0,1,0,2
eggless meaning in punjabi,https://numnumsbakery.com.au/blog/eggless-cakes-lohri-sydney,0,2,0,4
eggless means,https://numnumsbakery.com.au/blog/vegan-vs-eggless-cakes-difference,0,1,0,11
eggless menu,https://numnumsbakery.com.au/blog/best-eggless-cake-shops-sydney-2026,0,2,0,12.5
eggless menu,https://numnumsbakery.com.au/cakes,0,6,0,30.7
eggless moist cake,https://numnumsbakery.com.au/,0,1,0,1
eggless muffin near me,https://numnumsbakery.com.au/blog/best-eggless-cake-shops-sydney-2026,0,2,0,7
eggless muffin near me,https://numnumsbakery.com.au/blog/eggless-cake-bakery-harris-park-riverstone-sydney,0,1,0,3
eggless muffins near me,https://numnumsbakery.com.au/,0,6,0,7.2
eggless muffins near me,https://numnumsbakery.com.au/blog/best-eggless-cake-shops-sydney-2026,0,2,0,7
eggless muffins near me,https://numnumsbakery.com.au/blog/eggless-cake-bakery-harris-park-riverstone-sydney,0,5,0,5.2
eggless muffins near me,https://numnumsbakery.com.au/blog/eggless-cakes-dean-park,0,3,0,6.3
eggless muffins near me,https://numnumsbakery.com.au/blog/eggless-cakes-schofields,0,1,0,3
eggless near me,https://numnumsbakery.com.au/blog/best-eggless-cake-shops-sydney-2026,0,2,0,4
eggless near me,https://numnumsbakery.com.au/blog/eggless-cake-bakery-harris-park-riverstone-sydney,0,1,0,3
eggless near me,https://numnumsbakery.com.au/blog/eggless-cakes-cherrybrook,0,1,0,13
eggless near me,https://numnumsbakery.com.au/blog/eggless-cakes-lalor-park,0,1,0,13
eggless near me,https://numnumsbakery.com.au/blog/eggless-cakes-merrylands-west,0,1,0,13
eggless near me,https://numnumsbakery.com.au/blog/eggless-cakes-west-ryde,0,1,0,10
eggless near me,https://numnumsbakery.com.au/cakes,0,1,0,13
eggless nut free cake,https://numnumsbakery.com.au/blog/eggless-cake-nut-free-sydney,0,2,0,6.5
eggless nut free cake,https://numnumsbakery.com.au/blog/eggless-cakes-northwest-sydney,0,1,0,1
eggless nut free cake,https://numnumsbakery.com.au/blog/eggless-cakes-the-ponds,0,1,0,1
eggless oats cake recipe,https://numnumsbakery.com.au/blog/eggless-cake-egg-substitutes,0,1,0,6
eggless pastries,https://numnumsbakery.com.au/,0,1,0,8
eggless pastries near me,https://numnumsbakery.com.au/,0,2,0,2
eggless pastries near me,https://numnumsbakery.com.au/blog/best-eggless-cake-shops-sydney-2026,0,3,0,5
eggless pastries near me,https://numnumsbakery.com.au/blog/eggless-cake-bakery-harris-park-riverstone-sydney,0,2,0,3.5
eggless pastry near me,https://numnumsbakery.com.au/,0,7,0,2.9
eggless pastry near me,https://numnumsbakery.com.au/blog/best-eggless-cake-shops-sydney-2026,0,11,0,7.3
eggless pastry near me,https://numnumsbakery.com.au/blog/eggless-cakes-dean-park,0,2,0,8
eggless pastry near me,https://numnumsbakery.com.au/blog/eggless-cakes-schofields,0,2,0,3.5
eggless pastry near me,https://numnumsbakery.com.au/blog/eggless-cakes-west-ryde,0,3,0,2.3
eggless pav near me,https://numnumsbakery.com.au/,0,5,0,10.6
eggless pav near me,https://numnumsbakery.com.au/blog/best-eggless-cake-shops-sydney-2026,0,3,0,10.3
eggless rasmalai cake near me,https://numnumsbakery.com.au/,0,2,0,2.5
eggless rasmalai cake near me,https://numnumsbakery.com.au/blog/best-eggless-cake-shops-sydney-2026,0,3,0,4.7
eggless rasmalai cake near me,https://numnumsbakery.com.au/blog/eggless-cake-indian-flavours,0,1,0,11
eggless rasmalai cake near me,https://numnumsbakery.com.au/blog/eggless-cakes-schofields,0,3,0,4
eggless rasmalai cake near me,https://numnumsbakery.com.au/blog/rasmalai-cake-sydney,0,1,0,5
eggless red velvet cake near me,https://numnumsbakery.com.au/blog/eggless-cakes-northmead,0,1,0,10
eggless red velvet cake near me,https://numnumsbakery.com.au/blog/eggless-cakes-winston-hills,0,1,0,6
eggless sponge cake near me,https://numnumsbakery.com.au/,0,1,0,1
eggless sponge cake near me,https://numnumsbakery.com.au/blog/best-eggless-cake-shops-sydney-2026,0,1,0,6
eggless sponge cake near me,https://numnumsbakery.com.au/blog/eggless-cakes-dean-park,0,2,0,8.5
eggless sponge cake near me,https://numnumsbakery.com.au/blog/eggless-cakes-kenthurst,0,1,0,8
eggless sponge cake near me,https://numnumsbakery.com.au/cakes,0,1,0,1
eggless sugar free cake near me,https://numnumsbakery.com.au/blog/eggless-cake-bakery-harris-park-riverstone-sydney,0,1,0,33
eggless sugar free cake near me,https://numnumsbakery.com.au/blog/eggless-cake-for-vegetarians-sydney,0,1,0,79
eggless tiramisu cake near me,https://numnumsbakery.com.au/blog/eggless-cakes-bossley-park,0,1,0,7
eggless tiramisu cake near me,https://numnumsbakery.com.au/blog/eggless-cakes-west-pennant-hills,0,1,0,3
eggless tiramisu near me,https://numnumsbakery.com.au/,0,1,0,7
eggless tiramisu near me,https://numnumsbakery.com.au/blog/eggless-cake-bakery-harris-park-riverstone-sydney,0,1,0,6
eggless tiramisu near me,https://numnumsbakery.com.au/cakes,0,2,0,4.5
eggless tres leches cake near me,https://numnumsbakery.com.au/blog/best-eggless-cake-shops-sydney-2026,0,1,0,3
eggless vanilla cake calories per 100g,https://numnumsbakery.com.au/blog/eggless-cake-calories-guide-sydney,0,4,0,3
eggless vanilla cake calories per 100g nutrition,https://numnumsbakery.com.au/blog/eggless-cake-calories-guide-sydney,0,8,0,4.2
eggless vanilla sponge cake calories per 100g,https://numnumsbakery.com.au/blog/eggless-cake-calories-guide-sydney,0,1,0,2
eggless vanilla sponge cake calories per 100g nutrition,https://numnumsbakery.com.au/blog/eggless-cake-calories-guide-sydney,0,14,0,3.3
eggless vegetarian cake,https://numnumsbakery.com.au/,0,2,0,9
eggless version,https://numnumsbakery.com.au/cakes,0,1,0,2
egglesscake,https://numnumsbakery.com.au/blog/best-eggless-cake-shops-sydney-2026,0,1,0,13
egless cake,https://numnumsbakery.com.au/blog/best-eggless-cake-shops-sydney-2026,0,1,0,13
egless cake near me,https://numnumsbakery.com.au/blog/best-eggless-cake-shops-sydney-2026,0,1,0,4
egless cake near me,https://numnumsbakery.com.au/blog/eggless-cake-bakery-harris-park-riverstone-sydney,0,2,0,7
egless cake near me,https://numnumsbakery.com.au/blog/eggless-cakes-newington,0,1,0,6
egless cake shop,https://numnumsbakery.com.au/blog/best-eggless-cake-shops-sydney-2026,0,1,0,3
egless cake shop,https://numnumsbakery.com.au/blog/eggless-cake-bakery-harris-park-riverstone-sydney,0,2,0,6
egless cake shop,https://numnumsbakery.com.au/blog/eggless-cakes-dean-park,0,1,0,8
egless cakes,https://numnumsbakery.com.au/blog/best-eggless-cake-shops-sydney-2026,0,1,0,8
eid milad un nabi 2026 cake,https://numnumsbakery.com.au/blog/eggless-cakes-eid-milad-un-nabi-sydney,0,5,0,7.8
elmo birthday cake,https://numnumsbakery.com.au/,0,1,0,6
elsa birthday cake,https://numnumsbakery.com.au/,0,1,0,1
elsa cake,https://numnumsbakery.com.au/,0,1,0,6
emerton bakery,https://numnumsbakery.com.au/blog/eggless-cakes-emerton,0,2,0,11
endless eggless reviews,https://numnumsbakery.com.au/blog/eggless-cake-reviews-sydney,0,2,0,18
epping bakery,https://numnumsbakery.com.au/blog/eggless-cakes-epping,0,2,0,11
ever bakery,https://numnumsbakery.com.au/blog/best-dessert-shop-sydney,0,1,0,10
face cake near me,https://numnumsbakery.com.au/blog/photo-cake-sydney,0,1,0,29
face on cake,https://numnumsbakery.com.au/blog/photo-cake-sydney,0,9,0,7
face print cake,https://numnumsbakery.com.au/blog/photo-cake-sydney,0,2,0,11
face printed cake,https://numnumsbakery.com.au/blog/photo-cake-sydney,0,2,0,6.5
famous cake near me,https://numnumsbakery.com.au/,0,1,0,4
famous cake shop near me,https://numnumsbakery.com.au/,0,2,0,3.5
famous mango cake,https://numnumsbakery.com.au/,0,1,0,7
fancy cakes sydney,https://numnumsbakery.com.au/,0,1,0,23
fancy desserts near me,https://numnumsbakery.com.au/blog/best-dessert-shop-sydney,0,1,0,16
farewell cakes,https://numnumsbakery.com.au/blog/farewell-cake-sydney.html,0,3,0,4.3
farewell message on cake for colleague,https://numnumsbakery.com.au/blog/farewell-cake-sydney.html,0,1,0,11
fast day,https://numnumsbakery.com.au/blog/teej-sydney,0,1,0,2
fathers day cake,https://numnumsbakery.com.au/,0,2,0,13
fathers day cake near me,https://numnumsbakery.com.au/cakes,0,1,0,14
fathers day cakes delivered sydney,https://numnumsbakery.com.au/blog/eggless-cakes-fathers-day-sydney,0,115,0,12.7
fathers day cakes sydney,https://numnumsbakery.com.au/,0,2,0,77.5
fathers day cakes sydney,https://numnumsbakery.com.au/blog/eggless-cakes-fathers-day-sydney,0,155,0,9.9
ferrero rocher cake near me,https://numnumsbakery.com.au/,0,2,0,12
ferrero rocher purim,https://numnumsbakery.com.au/blog/eggless-cakes-purim-sydney,0,1,0,5
filter coffee near me,https://numnumsbakery.com.au/,0,2,0,17.5
finish bakery,https://numnumsbakery.com.au/blog/best-cake-sydney,0,1,0,8
first birthday birthday cake,https://numnumsbakery.com.au/blog/first-birthday-cake-sydney,0,1,0,13
first birthday cakes,https://numnumsbakery.com.au/blog/first-birthday-cake-sydney,0,8,0,11.1
first birthday cale,https://numnumsbakery.com.au/blog/first-birthday-cake-sydney,0,1,0,24
first birthday cales,https://numnumsbakery.com.au/blog/first-birthday-cake-sydney,0,1,0,6
first cake,https://numnumsbakery.com.au/blog/first-birthday-cake-sydney,0,1,0,11
first cakes,https://numnumsbakery.com.au/blog/first-birthday-cake-sydney,0,1,0,10
flavour in cake,https://numnumsbakery.com.au/blog/cake-flavour-guide-sydney,0,1,0,11
flavours bakery,https://numnumsbakery.com.au/blog/best-dessert-shop-sydney,0,1,0,10
flexitarian lychee recipe,https://numnumsbakery.com.au/blog/eggless-cakes-retirement-sydney,0,1,0,216
flour and stone cakes,https://numnumsbakery.com.au/,0,1,0,48
flour and stone woolloomooloo,https://numnumsbakery.com.au/,0,2,0,60
flourless bakery,https://numnumsbakery.com.au/,0,2,0,75
flourless bakery,https://numnumsbakery.com.au/blog/best-eggless-cake-shops-sydney-2026,0,2,0,24
flourless bakery,https://numnumsbakery.com.au/blog/eggless-cake-bakery-harris-park-riverstone-sydney,0,1,0,29
flourless cake near me,https://numnumsbakery.com.au/,0,4,0,83.5
flourless cake near me,https://numnumsbakery.com.au/blog/eggless-cake-bakery-harris-park-riverstone-sydney,0,3,0,28
flourless cake near me,https://numnumsbakery.com.au/blog/eggless-cakes-dean-park,0,1,0,60
flourless cake near me,https://numnumsbakery.com.au/blog/eggless-cakes-schofields,0,2,0,53.5
flourless chocolate cake near me,https://numnumsbakery.com.au/,0,3,0,62
flourless chocolate cake near me,https://numnumsbakery.com.au/blog/eggless-cakes-schofields,0,1,0,46
flower near me,https://numnumsbakery.com.au/,0,1,0,9
flower shop near me,https://numnumsbakery.com.au/,0,4,0,19.2
focaccia near me bakery,https://numnumsbakery.com.au/,0,1,0,28
food cake,https://numnumsbakery.com.au/,0,1,0,19
food harris park,https://numnumsbakery.com.au/,0,3,0,50
food in riverstone,https://numnumsbakery.com.au/,0,4,0,19
food places near me,https://numnumsbakery.com.au/,0,1,0,22
food riverstone,https://numnumsbakery.com.au/,0,15,0,22.6
food.near me,https://numnumsbakery.com.au/,0,1,0,62
football cake,https://numnumsbakery.com.au/,0,2,0,8
for cakes,https://numnumsbakery.com.au/cakes,0,1,0,16
for father’s day,https://numnumsbakery.com.au/blog/best-dessert-shop-sydney,0,1,0,2
franchise cake shop,https://numnumsbakery.com.au/,0,1,0,19
free smash cake near me,https://numnumsbakery.com.au/blog/first-birthday-cake-sydney,0,1,0,11
fresh baked cookies,https://numnumsbakery.com.au/,0,1,0,2
fresh bread near me,https://numnumsbakery.com.au/,0,1,0,1
fresh cake shop near me,https://numnumsbakery.com.au/,0,1,0,1
fresh cakes near me,https://numnumsbakery.com.au/,0,2,0,11.5
fresh cookies near me,https://numnumsbakery.com.au/,0,1,0,1
fresh cookies near me,https://numnumsbakery.com.au/cakes,0,1,0,1
fresh cookies near me open now,https://numnumsbakery.com.au/,0,1,0,1
fresh cream cake how long does it last,https://numnumsbakery.com.au/blog/eggless-cake-storage-freshness-guide,0,8,0,9.2
fresh cream cakes near me,https://numnumsbakery.com.au/,0,1,0,20
fresh cream sponge cake,https://numnumsbakery.com.au/,0,1,0,8
fresh cupcake,https://numnumsbakery.com.au/,0,2,0,12
fresh fruit cake sydney,https://numnumsbakery.com.au/blog/eggless-fruit-cake-sydney,0,1,0,11
fresh gulab jamun near me,https://numnumsbakery.com.au/indian-sweet,0,1,0,9
fresh indian sweets,https://numnumsbakery.com.au/indian-sweet,0,1,0,30
fresh indian sweets near me,https://numnumsbakery.com.au/indian-sweet,0,1,0,17
fresh kulcha near me,https://numnumsbakery.com.au/,0,2,0,1.5
fresh made,https://numnumsbakery.com.au/,0,1,0,6
fresh muffins,https://numnumsbakery.com.au/,0,1,0,19
fresh pie near me,https://numnumsbakery.com.au/,0,1,0,5
fresh rolls near me,https://numnumsbakery.com.au/,0,1,0,6
fresh sponge cake near me,https://numnumsbakery.com.au/,0,1,0,3
fresh strawberry cake,https://numnumsbakery.com.au/,0,1,0,53
freshly baked pretzels,https://numnumsbakery.com.au/,0,1,0,28
fried desserts near me,https://numnumsbakery.com.au/,0,1,0,3
fruit cake,https://numnumsbakery.com.au/,0,2,0,8.5
fruit cake delivery sydney,https://numnumsbakery.com.au/blog/eggless-fruit-cake-sydney,0,4,0,15.2
fruit cake near me,https://numnumsbakery.com.au/,0,1,0,6
fruit cake sydney,https://numnumsbakery.com.au/blog/eggless-fruit-cake-sydney,0,2,0,7.5
fruit cakes design,https://numnumsbakery.com.au/,0,1,0,18
fruit cakes sydney,https://numnumsbakery.com.au/blog/eggless-fruit-cake-sydney,0,10,0,10.4
fruit desserts near me,https://numnumsbakery.com.au/,0,1,0,8
fruit desserts near me,https://numnumsbakery.com.au/cakes,0,1,0,8
fruit flan cake,https://numnumsbakery.com.au/,0,1,0,9
fruit flan near me,https://numnumsbakery.com.au/,0,1,0,16
fruits dessert near me,https://numnumsbakery.com.au/,0,1,0,9
fruity cakes near me,https://numnumsbakery.com.au/,0,1,0,19
galston bakery,https://numnumsbakery.com.au/blog/eggless-cakes-galston,0,5,0,10
gender reveal cake,https://numnumsbakery.com.au/,0,3,0,9.7
gender reveal cake near me,https://numnumsbakery.com.au/,0,3,0,14.7
gender reveal cake near me,https://numnumsbakery.com.au/cakes,0,1,0,5
gender reveal cake sydney,https://numnumsbakery.com.au/blog/eggless-cakes-gender-reveal-sydney,0,2,0,8.5
gender reveal cakes near me,https://numnumsbakery.com.au/,0,2,0,16
george street parramatta,https://numnumsbakery.com.au/,0,1,0,2
german chocolate cake near me,https://numnumsbakery.com.au/,0,1,0,27
get together cake messages,https://numnumsbakery.com.au/blog/cake-message-ideas-sydney,0,2,0,5
ghee sweets near me,https://numnumsbakery.com.au/indian-sweet,0,1,0,21
ghewar in sydney,https://numnumsbakery.com.au/indian-sweet,0,1,0,37
gingerbread cookies near me,https://numnumsbakery.com.au/,0,1,0,15
give more,https://numnumsbakery.com.au/blog/best-dessert-shop-sydney,0,1,0,10
glenhaven bakery,https://numnumsbakery.com.au/blog/eggless-cakes-kenthurst,0,1,0,7
gluten free bakery,https://numnumsbakery.com.au/,0,2,0,12.5
gluten free bakery near my location,https://numnumsbakery.com.au/blog/eggless-cakes-the-ponds,0,1,0,1
gluten free bakery north sydney,https://numnumsbakery.com.au/,0,4,0,75.2
gluten free birthday cake near me,https://numnumsbakery.com.au/blog/eggless-cakes-northwest-sydney,0,1,0,1
gluten free brownies bakery,https://numnumsbakery.com.au/,0,1,0,6
gluten free cake,https://numnumsbakery.com.au/,0,6,0,9
gluten free cake near me,https://numnumsbakery.com.au/,0,2,0,12
gluten free cakes near me,https://numnumsbakery.com.au/blog/eggless-cakes-the-ponds,0,1,0,1
gluten free cakes near me,https://numnumsbakery.com.au/cakes,0,1,0,1
gluten free cakes parramatta,https://numnumsbakery.com.au/,0,2,0,77.5
gluten free cheesecake near me,https://numnumsbakery.com.au/,0,1,0,3
gluten free croissant,https://numnumsbakery.com.au/,0,1,0,10
gluten free croissant,https://numnumsbakery.com.au/cakes,0,1,0,10
gluten free cupcakes,https://numnumsbakery.com.au/,0,1,0,23
gluten free cupcakes near me,https://numnumsbakery.com.au/,0,2,0,12
gluten free cupcakes near me,https://numnumsbakery.com.au/cakes,0,1,0,9
gluten free desserts near me,https://numnumsbakery.com.au/,0,1,0,14
gluten free eggless cake,https://numnumsbakery.com.au/,0,1,0,13
gluten free eggless cake,https://numnumsbakery.com.au/blog/eggless-cakes-riverstone,0,1,0,1
gluten free mud cake,https://numnumsbakery.com.au/,0,1,0,9
gluten free pastries,https://numnumsbakery.com.au/,0,1,0,2
gluten free pastry,https://numnumsbakery.com.au/,0,1,0,2
gluten free pastry,https://numnumsbakery.com.au/cakes,0,1,0,2
gluten free roti near me,https://numnumsbakery.com.au/,0,1,0,4
gold sweets menu,https://numnumsbakery.com.au/indian-sweet,0,3,0,34.3
good bakery,https://numnumsbakery.com.au/,0,1,0,35
good bakery near me,https://numnumsbakery.com.au/,0,7,0,14.1
good cake,https://numnumsbakery.com.au/blog/best-cake-sydney,0,3,0,9.3
good cake for birthday,https://numnumsbakery.com.au/,0,1,0,6
good cake shop near me,https://numnumsbakery.com.au/,0,2,0,9
good cakes,https://numnumsbakery.com.au/blog/best-cake-sydney,0,6,0,17.2
good cakes in sydney,https://numnumsbakery.com.au/blog/best-cake-sydney,0,2,0,15
good cakes sydney,https://numnumsbakery.com.au/blog/best-cake-sydney,0,5,0,18
good coffee near me now,https://numnumsbakery.com.au/,0,1,0,6
good cookies near me,https://numnumsbakery.com.au/,0,1,0,1
good cookies near me,https://numnumsbakery.com.au/cakes,0,1,0,1
good desserts near me,https://numnumsbakery.com.au/,0,1,0,18
good food near me,https://numnumsbakery.com.au/,0,1,0,19
good pastries near me,https://numnumsbakery.com.au/,0,1,0,10
good pastry near me,https://numnumsbakery.com.au/,0,1,0,7
goodbye cake,https://numnumsbakery.com.au/blog/farewell-cake-sydney.html,0,2,0,3
goodbye cakes,https://numnumsbakery.com.au/blog/farewell-cake-sydney.html,0,1,0,8
gooey chocolate cake near me,https://numnumsbakery.com.au/,0,1,0,4
google bakery,https://numnumsbakery.com.au/,0,1,0,3
gourmet desserts near me,https://numnumsbakery.com.au/blog/best-dessert-shop-sydney,0,4,0,13
grand cake,https://numnumsbakery.com.au/blog/grand-final-party-cake-sydney,0,1,0,7
grandma moses bakery,https://numnumsbakery.com.au/,0,3,0,53.3
grandma moses bakery & cafe kensington,https://numnumsbakery.com.au/,0,3,0,65.3
grandma moses bakery menu,https://numnumsbakery.com.au/,0,1,0,57
grandma moses kensington,https://numnumsbakery.com.au/,0,1,0,74
granville cake shop,https://numnumsbakery.com.au/,0,1,0,28
great cakes,https://numnumsbakery.com.au/blog/best-cake-sydney,0,4,0,9.5
gujarati bakery near me,https://numnumsbakery.com.au/indian-sweet,0,1,0,12
gulab jaman near me,https://numnumsbakery.com.au/indian-sweet,0,2,0,26.5
gulab jamun cake near me,https://numnumsbakery.com.au/cakes,0,1,0,3
gulab jamun cake near me,https://numnumsbakery.com.au/indian-sweet,0,16,0,10.1
gulab jamun cheesecake near me,https://numnumsbakery.com.au/indian-sweet,0,1,0,39
gulab jamun near me,https://numnumsbakery.com.au/indian-sweet,0,8,0,11.5
gulab jamun rabdi near me,https://numnumsbakery.com.au/indian-sweet,0,1,0,12
guru nanak bakery near me,https://numnumsbakery.com.au/,0,1,0,14
guru sweets near me,https://numnumsbakery.com.au/indian-sweet,0,1,0,19
halal baked goods,https://numnumsbakery.com.au/blog/halal-friendly-cakes-eggless-sydney,0,2,0,10
halal bakeries,https://numnumsbakery.com.au/,0,1,0,36
halal bakeries,https://numnumsbakery.com.au/blog/halal-friendly-cakes-eggless-sydney,0,1,0,12
halal bakery near me,https://numnumsbakery.com.au/,0,6,0,12.2
halal bakery near me open now,https://numnumsbakery.com.au/,0,1,0,8
halal bakery sydney,https://numnumsbakery.com.au/,0,99,0,43.3
halal bakery sydney,https://numnumsbakery.com.au/about,0,1,0,1
halal bakery sydney,https://numnumsbakery.com.au/blog/halal-friendly-cakes-eggless-sydney,0,61,0,18.7
halal baking,https://numnumsbakery.com.au/blog/halal-friendly-cakes-eggless-sydney,0,1,0,24
halal birthday cake near me,https://numnumsbakery.com.au/,0,1,0,9
halal brownie,https://numnumsbakery.com.au/,0,1,0,3
halal brownies near me,https://numnumsbakery.com.au/,0,1,0,11
halal cake,https://numnumsbakery.com.au/blog/halal-friendly-cakes-eggless-sydney,0,42,0,28.9
halal cake meaning,https://numnumsbakery.com.au/blog/halal-friendly-cakes-eggless-sydney,0,5,0,7
halal cake near me,https://numnumsbakery.com.au/,0,5,0,16.4
halal cake shop,https://numnumsbakery.com.au/,0,16,0,38.8
halal cake shop,https://numnumsbakery.com.au/blog/halal-friendly-cakes-eggless-sydney,0,4,0,2.8
halal cake shop near me,https://numnumsbakery.com.au/,0,22,0,16.8
halal cake shop sydney,https://numnumsbakery.com.au/,0,83,0,51.6
halal cake shop sydney,https://numnumsbakery.com.au/blog/halal-friendly-cakes-eggless-sydney,0,47,0,24.9
halal cake shops,https://numnumsbakery.com.au/,0,5,0,13.4
halal cake shops near me,https://numnumsbakery.com.au/,0,3,0,21.7
halal cake sydney,https://numnumsbakery.com.au/,0,2,0,4.5
halal cake sydney,https://numnumsbakery.com.au/blog/halal-friendly-cakes-eggless-sydney,0,1,0,28
halal cakes,https://numnumsbakery.com.au/,0,5,0,13.8
halal cakes,https://numnumsbakery.com.au/blog/halal-friendly-cakes-eggless-sydney,0,39,0,26.9
halal cakes near me,https://numnumsbakery.com.au/cakes,0,3,0,5
halal cakes shop near me,https://numnumsbakery.com.au/,0,1,0,2
halal cakes sydney,https://numnumsbakery.com.au/,0,65,0,54.3
halal cakes sydney,https://numnumsbakery.com.au/blog/halal-friendly-cakes-eggless-sydney,0,46,0,20.8
halal cheesecake shop,https://numnumsbakery.com.au/,0,1,0,9
halal chocolate cake near me,https://numnumsbakery.com.au/,0,1,0,5
halal cupcakes,https://numnumsbakery.com.au/,0,3,0,13
halal cupcakes,https://numnumsbakery.com.au/blog/halal-friendly-cakes-eggless-sydney,0,4,0,33
halal cupcakes near me,https://numnumsbakery.com.au/,0,3,0,48
halal cupcakes near me,https://numnumsbakery.com.au/blog/best-dessert-shop-sydney,0,1,0,12
halal dessert near me,https://numnumsbakery.com.au/,0,2,0,21.5
halal desserts near me,https://numnumsbakery.com.au/,0,1,0,28
halal eggless cake,https://numnumsbakery.com.au/blog/halal-friendly-cakes-eggless-sydney,0,1,0,10
halal food near me,https://numnumsbakery.com.au/,0,4,0,40.5
halal pick n mix,https://numnumsbakery.com.au/,0,1,0,2
halal pies near me,https://numnumsbakery.com.au/,0,3,0,6.7
halal tiramisu sydney,https://numnumsbakery.com.au/,0,1,0,6
halal wedding cakes sydney,https://numnumsbakery.com.au/,0,2,0,41
half kg mix mithai price,https://numnumsbakery.com.au/indian-sweet,0,1,0,3
halwa puri near me,https://numnumsbakery.com.au/,0,1,0,43
happy birthday cookies near me,https://numnumsbakery.com.au/,0,1,0,10
happy birthday donuts,https://numnumsbakery.com.au/,0,2,0,16
happy work anniversary cake,https://numnumsbakery.com.au/blog/cake-for-work-anniversary-sydney,0,1,0,9
harris cake,https://numnumsbakery.com.au/,0,2,0,3.5
harris park bakery,https://numnumsbakery.com.au/,0,38,0,3.5
harris park bakery,https://numnumsbakery.com.au/about,0,2,0,19.5
harris park bakery,https://numnumsbakery.com.au/blog/best-dessert-shop-sydney,0,1,0,10
harris park bakery,https://numnumsbakery.com.au/blog/eggless-cake-bakery-harris-park-riverstone-sydney,0,90,0,7.1
harris park cake shop,https://numnumsbakery.com.au/blog/best-dessert-shop-sydney,0,1,0,27
harris park cake shop,https://numnumsbakery.com.au/blog/eggless-cake-bakery-harris-park-riverstone-sydney,0,183,0,7.4
harris park food,https://numnumsbakery.com.au/,0,11,0,50.8
harris park indian restaurant,https://numnumsbakery.com.au/,0,10,0,73.8
harris park pani puri,https://numnumsbakery.com.au/,0,1,0,2
harris park restaurant,https://numnumsbakery.com.au/,0,3,0,60.3
harris park shops,https://numnumsbakery.com.au/,0,12,0,20.8
harris park sweet shop,https://numnumsbakery.com.au/,0,18,0,8.4
harris park sweets,https://numnumsbakery.com.au/,0,2,0,9
hassall grove bakery,https://numnumsbakery.com.au/blog/eggless-cakes-hassall-grove,0,1,0,12
hassall grove cake shop,https://numnumsbakery.com.au/blog/eggless-cakes-hassall-grove,0,2,0,10.5
healthy cake near me,https://numnumsbakery.com.au/blog/eggless-cake-bakery-harris-park-riverstone-sydney,0,1,0,12
healthy dessert places near me,https://numnumsbakery.com.au/blog/best-dessert-shop-sydney,0,1,0,16
healthy desserts to buy near me,https://numnumsbakery.com.au/blog/best-dessert-shop-sydney,0,1,0,15
heart shape cake near me,https://numnumsbakery.com.au/,0,2,0,3
heart shaped birthday cake near me,https://numnumsbakery.com.au/,0,1,0,2
heart shaped cake near me,https://numnumsbakery.com.au/,0,1,0,2
hello kitty cake near me,https://numnumsbakery.com.au/,0,2,0,1
hello naomi,https://numnumsbakery.com.au/,0,2,0,40.5
hello naomi,https://numnumsbakery.com.au/cakes,0,6,0,47.2
high tea near me,https://numnumsbakery.com.au/,0,1,0,67
hill top bakery menu,https://numnumsbakery.com.au/blog/best-dessert-shop-sydney,0,1,0,27
hindu bakery,https://numnumsbakery.com.au/indian-sweet,0,1,0,10
hobnob bakery near me,https://numnumsbakery.com.au/,0,1,0,30
home made desserts near me,https://numnumsbakery.com.au/blog/best-dessert-shop-sydney,0,1,0,9
homebush cakes photos,https://numnumsbakery.com.au/blog/eggless-cakes-homebush,0,1,0,9
homemade cake near me,https://numnumsbakery.com.au/,0,3,0,13
homemade cupcakes near me,https://numnumsbakery.com.au/,0,1,0,20
homemade eggless cake,https://numnumsbakery.com.au/blog/eggless-cake-storage-freshness-guide,0,1,0,3
homemade eggless cake near me,https://numnumsbakery.com.au/blog/eggless-cakes-schofields,0,1,0,3
homm dessert chadstone,https://numnumsbakery.com.au/,0,1,0,63
honey cake near me,https://numnumsbakery.com.au/,0,2,0,5.5
hot brownie near me,https://numnumsbakery.com.au/,0,3,0,6.7
hot brownie near me,https://numnumsbakery.com.au/cakes,0,1,0,1
hot cakes near me,https://numnumsbakery.com.au/,0,1,0,11
hot chocolate,https://numnumsbakery.com.au/,0,1,0,23
hot chocolate near me,https://numnumsbakery.com.au/,0,6,0,12.5
hot chocolate near me within 400m,https://numnumsbakery.com.au/,0,2,0,5.5
hot chocolate near me within 400m,https://numnumsbakery.com.au/cakes,0,1,0,1
hot chocolate place,https://numnumsbakery.com.au/,0,1,0,23
hot cinnamon donuts,https://numnumsbakery.com.au/,0,1,0,25
how about in nsw,https://numnumsbakery.com.au/blog/eggless-cakes-eid-milad-un-nabi-sydney,0,1,0,6
how big is a 7 inch cake,https://numnumsbakery.com.au/blog/cake-serving-size-guide-sydney,0,1,0,11
how big is a standard cake,https://numnumsbakery.com.au/blog/cake-serving-size-guide-sydney,0,1,0,6
how far away is westfield from me,https://numnumsbakery.com.au/blog/eggless-cakes-girraween,0,1,0,1
how long can a cream cake last in the fridge,https://numnumsbakery.com.au/blog/eggless-cake-storage-freshness-guide,0,1,0,8
how long can a fresh cream cake last in the fridge,https://numnumsbakery.com.au/blog/eggless-cake-storage-freshness-guide,0,2,0,9.5
how long can cream cake last in the fridge,https://numnumsbakery.com.au/blog/eggless-cake-storage-freshness-guide,0,1,0,7
how long can cream cake stay out of the fridge,https://numnumsbakery.com.au/blog/eggless-cake-storage-freshness-guide,0,1,0,9
how long can fresh cream cake stay in the fridge,https://numnumsbakery.com.au/blog/eggless-cake-storage-freshness-guide,0,5,0,8.8
how long can fresh cream cake stay out of the fridge,https://numnumsbakery.com.au/blog/eggless-cake-storage-freshness-guide,0,3,0,5.7
how long can you keep a fresh cream cake in the fridge,https://numnumsbakery.com.au/blog/eggless-cake-storage-freshness-guide,0,1,0,9
how long can you keep fresh cream cake in the fridge,https://numnumsbakery.com.au/blog/eggless-cake-storage-freshness-guide,0,3,0,8.7
how long cream cake last in fridge,https://numnumsbakery.com.au/blog/eggless-cake-storage-freshness-guide,0,1,0,8
how long do cake box cakes last,https://numnumsbakery.com.au/blog/eggless-cake-storage-freshness-guide,0,4,0,16
how long do cake box cakes last in the fridge,https://numnumsbakery.com.au/blog/eggless-cake-storage-freshness-guide,0,2,0,19
how long do cream cakes last,https://numnumsbakery.com.au/blog/eggless-cake-storage-freshness-guide,0,2,0,9
how long do cream cakes last in the fridge,https://numnumsbakery.com.au/blog/eggless-cake-storage-freshness-guide,0,2,0,9
how long do fresh cream cakes last,https://numnumsbakery.com.au/blog/eggless-cake-storage-freshness-guide,0,10,0,10.5
how long do fresh cream cakes last in the fridge,https://numnumsbakery.com.au/blog/eggless-cake-storage-freshness-guide,0,11,0,7.8
how long do these last in the fridge,https://numnumsbakery.com.au/blog/eggless-cake-storage-freshness-guide,0,1,0,6
how long does a cake box cake last,https://numnumsbakery.com.au/blog/eggless-cake-storage-freshness-guide,0,2,0,15.5
how long does a cream cake last in the fridge,https://numnumsbakery.com.au/blog/eggless-cake-storage-freshness-guide,0,2,0,8.5
how long does a fresh cream cake last,https://numnumsbakery.com.au/blog/eggless-cake-storage-freshness-guide,0,9,0,7.3
how long does a fresh cream cake last in the fridge,https://numnumsbakery.com.au/blog/eggless-cake-storage-freshness-guide,0,17,0,7.9
how long does cake box cake last in the fridge,https://numnumsbakery.com.au/blog/eggless-cake-storage-freshness-guide,0,1,0,13
how long does cake box cakes last,https://numnumsbakery.com.au/blog/eggless-cake-storage-freshness-guide,0,2,0,20
how long does cream cake last in fridge,https://numnumsbakery.com.au/blog/eggless-cake-storage-freshness-guide,0,2,0,8.5
how long does cream cake last in the fridge,https://numnumsbakery.com.au/blog/eggless-cake-storage-freshness-guide,0,5,0,7.4
how long does fresh cream cake last,https://numnumsbakery.com.au/blog/eggless-cake-storage-freshness-guide,0,36,0,8.8
how long does fresh cream cake last in fridge,https://numnumsbakery.com.au/blog/eggless-cake-storage-freshness-guide,0,2,0,7.5
how long does fresh cream cake last in the fridge,https://numnumsbakery.com.au/blog/eggless-cake-storage-freshness-guide,0,11,0,7.4
how long does vegan cake last in the fridge,https://numnumsbakery.com.au/blog/eggless-cake-storage-freshness-guide,0,1,0,10
how long fresh cream cake last in fridge,https://numnumsbakery.com.au/blog/eggless-cake-storage-freshness-guide,0,4,0,9
how long is fresh cream cake good for,https://numnumsbakery.com.au/blog/eggless-cake-storage-freshness-guide,0,3,0,9.7
how long will a cream cake last in the fridge,https://numnumsbakery.com.au/blog/eggless-cake-storage-freshness-guide,0,2,0,9
how long will a fresh cream cake last in the fridge,https://numnumsbakery.com.au/blog/eggless-cake-storage-freshness-guide,0,8,0,8.4
how long will fresh cream cake last in the fridge,https://numnumsbakery.com.au/blog/eggless-cake-storage-freshness-guide,0,2,0,8
how many calories does a slice of cake have,https://numnumsbakery.com.au/blog/eggless-cake-calories-guide-sydney,0,1,0,11
how many calories in a cake,https://numnumsbakery.com.au/blog/eggless-cake-calories-guide-sydney,0,2,0,8.5
how many calories in a small piece of cake,https://numnumsbakery.com.au/blog/eggless-cake-calories-guide-sydney,0,1,0,2
how many calories in a small slice of cake,https://numnumsbakery.com.au/blog/eggless-cake-calories-guide-sydney,0,1,0,10
how many calories in cake,https://numnumsbakery.com.au/blog/eggless-cake-calories-guide-sydney,0,3,0,9.3
how many calories is in cake,https://numnumsbakery.com.au/blog/eggless-cake-calories-guide-sydney,0,1,0,7
how many people can eat 6 inch cake,https://numnumsbakery.com.au/blog/cake-serving-size-guide-sydney,0,1,0,5
how many people does a 12 inch cake feed,https://numnumsbakery.com.au/blog/cake-serving-size-guide-sydney,0,1,0,6
how many people does a 7 inch cake serve,https://numnumsbakery.com.au/blog/cake-serving-size-guide-sydney,0,1,0,10
how many people does a 7inch cake feed,https://numnumsbakery.com.au/blog/cake-serving-size-guide-sydney,0,1,0,7
how many people does a 9 inch round cake serve,https://numnumsbakery.com.au/blog/cake-serving-size-guide-sydney,0,1,0,7
how many people does an 8 inch 2 layer cake feed,https://numnumsbakery.com.au/blog/cake-serving-size-guide-sydney,0,1,0,4
how many people does an 8 inch cake feed,https://numnumsbakery.com.au/blog/cake-serving-size-guide-sydney,0,4,0,5
how many people for 8 inch cake,https://numnumsbakery.com.au/blog/cake-serving-size-guide-sydney,0,1,0,5
how many people will an 8 inch round cake feed,https://numnumsbakery.com.au/blog/cake-serving-size-guide-sydney,0,1,0,5
how many servings for 8 inch cake,https://numnumsbakery.com.au/blog/cake-serving-size-guide-sydney,0,1,0,6
how many servings in a 7 inch round cake,https://numnumsbakery.com.au/blog/cake-serving-size-guide-sydney,0,1,0,6
how many servings per cake,https://numnumsbakery.com.au/blog/cake-serving-size-guide-sydney,0,1,0,5
how much cake for 15 people,https://numnumsbakery.com.au/blog/cake-serving-size-guide-sydney,0,1,0,8
how much cake for 35 people,https://numnumsbakery.com.au/blog/cake-serving-size-guide-sydney,0,1,0,3
how much do cakes usually cost,https://numnumsbakery.com.au/blog/cake-price-guide-sydney,0,1,0,4
how much does a 12 inch cake feed,https://numnumsbakery.com.au/blog/cake-serving-size-guide-sydney,0,1,0,7
how much does a 4 layer 8 inch cake serve,https://numnumsbakery.com.au/blog/cake-serving-size-guide-sydney,0,1,0,8
how much does a 7 inch cake feed,https://numnumsbakery.com.au/blog/cake-serving-size-guide-sydney,0,1,0,5
how much does a cake cost,https://numnumsbakery.com.au/blog/cake-price-guide-sydney,0,1,0,1
how much for a custom cake,https://numnumsbakery.com.au/blog/cake-price-guide-sydney,0,1,0,5
how much is a cake with a picture on it,https://numnumsbakery.com.au/blog/photo-cake-sydney,0,1,0,7
how much is it,https://numnumsbakery.com.au/,0,1,0,2
how much is this cake?,https://numnumsbakery.com.au/cakes,0,1,0,30
how much would a 10 cake cost?,https://numnumsbakery.com.au/blog/cake-price-guide-sydney,0,1,0,4
how much would a cake like this cost,https://numnumsbakery.com.au/blog/cake-price-guide-sydney,0,5,0,6
how to design a birthday cake,https://numnumsbakery.com.au/blog/how-to-design-birthday-cake-sydney,0,1,0,6
how to get a cake with a picture on it,https://numnumsbakery.com.au/blog/photo-cake-sydney,0,2,0,9.5
how to get a photo on a cake,https://numnumsbakery.com.au/blog/photo-cake-sydney,0,5,0,8
how to get cake with picture on it,https://numnumsbakery.com.au/blog/photo-cake-sydney,0,1,0,1
how to identify eggless cake,https://numnumsbakery.com.au/blog/eggless-cakes-soft-moist-myths-vs-facts,0,1,0,11
how to know if cake has egg or not,https://numnumsbakery.com.au/blog/eggless-cake-troubleshooting,0,6,0,11.8
how to know if cake has egg or not,https://numnumsbakery.com.au/blog/eggless-cake-vs-sponge-cake,0,1,0,11
how to know if cake is eggless or not,https://numnumsbakery.com.au/blog/eggless-cake-troubleshooting,0,2,0,10.5
how to know if cake is eggless or not,https://numnumsbakery.com.au/blog/eggless-cakes-soft-moist-myths-vs-facts,0,1,0,12
how to make photo cake,https://numnumsbakery.com.au/blog/photo-cake-sydney,0,1,0,24
how to order a cake,https://numnumsbakery.com.au/blog/how-to-design-birthday-cake-sydney,0,1,0,30
how to order a cake,https://numnumsbakery.com.au/blog/how-to-order-cake-sydney,0,1,0,78
how to order a cake online,https://numnumsbakery.com.au/blog/how-to-order-cake-sydney,0,2,0,63
how to order a cake with a picture on it,https://numnumsbakery.com.au/blog/photo-cake-sydney,0,1,0,5
how to order birthday cake,https://numnumsbakery.com.au/blog/how-to-design-birthday-cake-sydney,0,1,0,25
how to order birthday cake,https://numnumsbakery.com.au/blog/how-to-order-cake-sydney,0,1,0,87
how to order birthday cake online,https://numnumsbakery.com.au/blog/how-to-order-cake-sydney,0,1,0,67
how to order cake online,https://numnumsbakery.com.au/blog/how-to-order-cake-sydney,0,1,0,56
how to order cake with picture on it,https://numnumsbakery.com.au/blog/photo-cake-sydney,0,2,0,8
how to print photo on cake,https://numnumsbakery.com.au/blog/photo-cake-sydney,0,3,0,8
hyderabadi bakery,https://numnumsbakery.com.au/,0,1,0,2
ice cake is egg or eggless,https://numnumsbakery.com.au/blog/eggless-cake-vs-ice-cream-cake-sydney,0,19,0,8.3
ice cream,https://numnumsbakery.com.au/,0,1,0,24
ice cream cake,https://numnumsbakery.com.au/,0,2,0,25.5
ice cream cake contains egg or not,https://numnumsbakery.com.au/blog/eggless-cake-vs-ice-cream-cake-sydney,0,8,0,6.1
ice cream cake egg or eggless,https://numnumsbakery.com.au/blog/eggless-cake-vs-ice-cream-cake-sydney,0,1,0,2
ice cream cake eggless,https://numnumsbakery.com.au/blog/eggless-cake-vs-ice-cream-cake-sydney,0,1,0,6
ice cream cake has egg or not,https://numnumsbakery.com.au/blog/eggless-cake-vs-ice-cream-cake-sydney,0,2,0,11
ice cream cake is egg or eggless,https://numnumsbakery.com.au/blog/eggless-cake-vs-ice-cream-cake-sydney,0,30,0,8
ice cream cake is eggless or not,https://numnumsbakery.com.au/blog/eggless-cake-vs-ice-cream-cake-sydney,0,2,0,10.5
ice cream cake near me,https://numnumsbakery.com.au/,0,4,0,13.5
ice cream cake roll where to buy,https://numnumsbakery.com.au/,0,1,0,17
ice cream near me,https://numnumsbakery.com.au/,0,3,0,19.7
ice cream rolls near me,https://numnumsbakery.com.au/,0,1,0,14
iced coffee near me,https://numnumsbakery.com.au/,0,1,0,15
icing printing near me,https://numnumsbakery.com.au/blog/photo-cake-sydney,0,1,0,11
image cake near me,https://numnumsbakery.com.au/blog/photo-cake-sydney,0,1,0,8
image cakes,https://numnumsbakery.com.au/blog/photo-cake-sydney,0,15,0,4.7
image cakes sydney,https://numnumsbakery.com.au/blog/photo-cake-sydney,0,2,0,3.5
image on cake near me,https://numnumsbakery.com.au/blog/photo-cake-sydney,0,2,0,16
image print cake,https://numnumsbakery.com.au/blog/photo-cake-sydney,0,2,0,8.5
image printed on cake,https://numnumsbakery.com.au/blog/photo-cake-sydney,0,3,0,6.7
imagine cake,https://numnumsbakery.com.au/blog/photo-cake-sydney,0,1,0,11
imarti sweet near me,https://numnumsbakery.com.au/indian-sweet,0,1,0,26
in australia,https://numnumsbakery.com.au/blog/cake-cutting-ceremony-sydney,0,1,0,7
in australia,https://numnumsbakery.com.au/blog/eggless-cakes-eid-milad-un-nabi-sydney,0,1,0,4
in nsw,https://numnumsbakery.com.au/blog/multicultural-celebration-cake-sydney,0,1,0,4
in sydney,https://numnumsbakery.com.au/blog/cake-price-guide-sydney,0,1,0,1
in sydney,https://numnumsbakery.com.au/blog/eggless-cakes-chuseok-sydney,0,1,0,7
in sydney,https://numnumsbakery.com.au/blog/eggless-cakes-eid-milad-un-nabi-sydney,0,2,0,5.5
in sydney,https://numnumsbakery.com.au/blog/eggless-cakes-mehendi-sydney,0,1,0,13
india bakery near me,https://numnumsbakery.com.au/indian-sweet,0,8,0,14.4
india cakes near me,https://numnumsbakery.com.au/indian-sweet,0,1,0,34
india sweets shop near me,https://numnumsbakery.com.au/indian-sweet,0,1,0,13
indian baker,https://numnumsbakery.com.au/indian-sweet,0,4,0,6
indian bakers,https://numnumsbakery.com.au/indian-sweet,0,1,0,8
indian bakery,https://numnumsbakery.com.au/,0,2,0,6
indian bakery,https://numnumsbakery.com.au/blog/best-eggless-cake-shops-sydney-2026,0,7,0,7
indian bakery,https://numnumsbakery.com.au/blog/eggless-cake-bakery-harris-park-riverstone-sydney,0,2,0,6.5
indian bakery,https://numnumsbakery.com.au/blog/eggless-cake-indian-flavours,0,4,0,7.2
indian bakery,https://numnumsbakery.com.au/indian-sweet,0,201,0,11.4
indian bakery near me,https://numnumsbakery.com.au/,0,10,0,11.6
indian bakery near me,https://numnumsbakery.com.au/blog/eggless-cake-bakery-harris-park-riverstone-sydney,0,2,0,4
indian birthday cake,https://numnumsbakery.com.au/,0,2,0,5.5
indian cake,https://numnumsbakery.com.au/blog/eggless-cake-indian-flavours,0,1,0,9
indian cake bakery near me,https://numnumsbakery.com.au/,0,4,0,2.2
indian cake bakery near me,https://numnumsbakery.com.au/blog/eggless-cake-bakery-harris-park-riverstone-sydney,0,2,0,4.5
indian cake bakery near me,https://numnumsbakery.com.au/blog/eggless-cakes-doonside,0,1,0,12
indian cake bakery near me,https://numnumsbakery.com.au/indian-sweet,0,2,0,10
indian cake flavours,https://numnumsbakery.com.au/blog/eggless-cake-indian-flavours,0,2,0,8.5
indian cake near me,https://numnumsbakery.com.au/,0,3,0,7.7
indian cake near me,https://numnumsbakery.com.au/blog/best-cake-sydney,0,1,0,16
indian cake near me,https://numnumsbakery.com.au/blog/best-eggless-cake-shops-sydney-2026,0,4,0,7.8
indian cake near me,https://numnumsbakery.com.au/blog/eggless-cake-bakery-harris-park-riverstone-sydney,0,6,0,5.7
indian cake near me,https://numnumsbakery.com.au/blog/eggless-cake-indian-flavours,0,2,0,19.5
indian cake near me,https://numnumsbakery.com.au/blog/eggless-cakes-schofields,0,1,0,7
indian cake near me,https://numnumsbakery.com.au/blog/multicultural-celebration-cake-sydney,0,1,0,26
indian cake near me,https://numnumsbakery.com.au/indian-sweet,0,2,0,25
indian cake shop,https://numnumsbakery.com.au/,0,5,0,9.2
indian cake shop,https://numnumsbakery.com.au/blog/best-eggless-cake-shops-sydney-2026,0,5,0,5
indian cake shop,https://numnumsbakery.com.au/blog/eggless-cake-bakery-harris-park-riverstone-sydney,0,3,0,6.7
indian cake shop,https://numnumsbakery.com.au/indian-sweet,0,5,0,14.2
indian cake shop near me,https://numnumsbakery.com.au/,0,12,0,6.2
indian cake shop near me,https://numnumsbakery.com.au/cakes,0,1,0,1
indian cake shop near me,https://numnumsbakery.com.au/indian-sweet,0,3,0,18.7
indian cake shops,https://numnumsbakery.com.au/,0,1,0,4
indian cake shops,https://numnumsbakery.com.au/indian-sweet,0,3,0,11
indian cake shops near me,https://numnumsbakery.com.au/,0,1,0,5
indian cake shops near me,https://numnumsbakery.com.au/blog/best-eggless-cake-shops-sydney-2026,0,1,0,8
indian cake shops near me,https://numnumsbakery.com.au/blog/eggless-cake-bakery-harris-park-riverstone-sydney,0,2,0,4
indian cake shops near me,https://numnumsbakery.com.au/indian-sweet,0,2,0,19
indian cakes,https://numnumsbakery.com.au/,0,1,0,10
indian cakes,https://numnumsbakery.com.au/blog/eggless-cake-indian-flavours,0,1,0,8
indian cakes,https://numnumsbakery.com.au/indian-sweet,0,2,0,8
indian cakes and nuts,https://numnumsbakery.com.au/indian-sweet,0,1,0,5
indian cakes near me,https://numnumsbakery.com.au/,0,10,0,11.8
indian cakes near me,https://numnumsbakery.com.au/blog,0,1,0,12
indian cakes near me,https://numnumsbakery.com.au/blog/eggless-cake-bakery-harris-park-riverstone-sydney,0,9,0,5.9
indian cakes near me,https://numnumsbakery.com.au/blog/eggless-cake-indian-flavours,0,2,0,8
indian cakes near me,https://numnumsbakery.com.au/indian-sweet,0,4,0,33.8
indian dessert near me,https://numnumsbakery.com.au/,0,1,0,12
indian dessert near me,https://numnumsbakery.com.au/indian-sweet,0,3,0,30.3
indian dessert shop,https://numnumsbakery.com.au/indian-sweet,0,1,0,31
indian dessert shop near me,https://numnumsbakery.com.au/indian-sweet,0,2,0,28.5
indian desserts near me,https://numnumsbakery.com.au/indian-sweet,0,4,0,27
indian eggless cake near me,https://numnumsbakery.com.au/,0,3,0,5
indian eggless cake near me,https://numnumsbakery.com.au/blog/best-eggless-cake-shops-sydney-2026,0,1,0,2
indian eggless cake near me,https://numnumsbakery.com.au/blog/eggless-cake-bakery-harris-park-riverstone-sydney,0,1,0,11
indian eggless cake near me,https://numnumsbakery.com.au/blog/eggless-cake-indian-flavours,0,1,0,6
indian eggless cake near me,https://numnumsbakery.com.au/blog/eggless-cakes-doonside,0,1,0,13
indian flavor ice cream near me,https://numnumsbakery.com.au/indian-sweet,0,1,0,52
indian food harris park,https://numnumsbakery.com.au/,0,5,0,67.8
indian food parcel cabramatta,https://numnumsbakery.com.au/blog/tet-vietnamese-new-year-sydney,0,1,0,86
indian ice cream near me,https://numnumsbakery.com.au/indian-sweet,0,4,0,44
indian kulfi near me,https://numnumsbakery.com.au/indian-sweet,0,1,0,44
indian milk cake near me,https://numnumsbakery.com.au/indian-sweet,0,3,0,10
indian mithai near me,https://numnumsbakery.com.au/indian-sweet,0,4,0,17.8
indian pastries near me,https://numnumsbakery.com.au/,0,1,0,2
indian pastries near me,https://numnumsbakery.com.au/indian-sweet,0,2,0,17
indian pastry,https://numnumsbakery.com.au/indian-sweet,0,4,0,1
indian restaurant harris park,https://numnumsbakery.com.au/,0,8,0,73.9
indian style cake near me,https://numnumsbakery.com.au/blog/best-eggless-cake-shops-sydney-2026,0,5,0,3.8
indian style cake near me,https://numnumsbakery.com.au/blog/eggless-cake-bakery-harris-park-riverstone-sydney,0,1,0,10
indian style cakes near me,https://numnumsbakery.com.au/,0,1,0,1
indian style cakes near me,https://numnumsbakery.com.au/blog/eggless-cake-indian-flavours,0,1,0,1
indian sweet near me,https://numnumsbakery.com.au/indian-sweet,0,2,0,19
indian sweet online,https://numnumsbakery.com.au/indian-sweet,0,2,0,14
indian sweet online order,https://numnumsbakery.com.au/indian-sweet,0,1,0,12
indian sweet shop,https://numnumsbakery.com.au/indian-sweet,0,2,0,40.5
indian sweet shop near me,https://numnumsbakery.com.au/indian-sweet,0,4,0,23.8
indian sweet shop near me open now,https://numnumsbakery.com.au/indian-sweet,0,1,0,22
indian sweet shop nearby,https://numnumsbakery.com.au/indian-sweet,0,1,0,18
indian sweet shop sydney,https://numnumsbakery.com.au/indian-sweet,0,23,0,20.8
indian sweet shops,https://numnumsbakery.com.au/indian-sweet,0,1,0,29
indian sweet shops near me,https://numnumsbakery.com.au/indian-sweet,0,1,0,20
indian sweets delivery near me,https://numnumsbakery.com.au/indian-sweet,0,1,0,16
indian sweets delivery sydney,https://numnumsbakery.com.au/indian-sweet,0,4,0,11
indian sweets home delivery,https://numnumsbakery.com.au/indian-sweet,0,1,0,37
indian sweets in sydney,https://numnumsbakery.com.au/indian-sweet,0,10,0,17
indian sweets liverpool,https://numnumsbakery.com.au/indian-sweet,0,1,0,32
indian sweets menu,https://numnumsbakery.com.au/indian-sweet,0,1,0,18
indian sweets mithai,https://numnumsbakery.com.au/indian-sweet,0,7,0,36.6
indian sweets near me,https://numnumsbakery.com.au/,0,1,0,20
indian sweets near me,https://numnumsbakery.com.au/indian-sweet,0,4,0,19.5
indian sweets near me now,https://numnumsbakery.com.au/indian-sweet,0,2,0,16
indian sweets near me open now,https://numnumsbakery.com.au/indian-sweet,0,2,0,20.5
indian sweets nearby,https://numnumsbakery.com.au/indian-sweet,0,3,0,17.7
indian sweets online,https://numnumsbakery.com.au/indian-sweet,0,8,0,13.1
indian sweets online australia,https://numnumsbakery.com.au/indian-sweet,0,1,0,6
indian sweets online order,https://numnumsbakery.com.au/indian-sweet,0,1,0,13
indian sweets order online,https://numnumsbakery.com.au/indian-sweet,0,4,0,15
indian sweets parramatta,https://numnumsbakery.com.au/blog/indian-sweets-harris-park-riverstone-sydney,0,1,0,4
indian sweets price list,https://numnumsbakery.com.au/indian-sweet,0,2,0,17.5
indian sweets price per kg,https://numnumsbakery.com.au/indian-sweet,0,2,0,5.5
indian sweets shop,https://numnumsbakery.com.au/indian-sweet,0,2,0,26
indian sweets shop near me,https://numnumsbakery.com.au/indian-sweet,0,6,0,20
indian sweets shops,https://numnumsbakery.com.au/indian-sweet,0,1,0,35
indian sweets sydney,https://numnumsbakery.com.au/indian-sweet,0,44,0,19.4
indian sweets sydney cbd,https://numnumsbakery.com.au/indian-sweet,0,1,0,27
infinity bakery harris farm,https://numnumsbakery.com.au/,0,2,0,53.5
is a pavlova a cake,https://numnumsbakery.com.au/blog/eggless-cake-vs-pavlova,0,1,0,11
is any bakery open near me,https://numnumsbakery.com.au/,0,1,0,3
is cake halal,https://numnumsbakery.com.au/blog/halal-friendly-cakes-eggless-sydney,0,1,0,8
is cake vegetarian,https://numnumsbakery.com.au/blog/vegan-vs-eggless-cakes-difference,0,1,0,9
is cheesecake egg free,https://numnumsbakery.com.au/blog/eggless-cake-vs-cheesecake-sydney,0,1,0,9
is cheesecake eggless,https://numnumsbakery.com.au/blog/eggless-cake-vs-cheesecake-sydney,0,1,0,6
is eggless cake more expensive,https://numnumsbakery.com.au/blog/best-eggless-cake-shops-sydney-2026,0,1,0,7
is eggless cake more expensive,https://numnumsbakery.com.au/blog/eggless-cake-vs-supermarket-cake,0,4,0,10
is eggless cake vegan,https://numnumsbakery.com.au/blog/vegan-vs-eggless-cakes-difference,0,2,0,9.5
is ice cream cake eggless,https://numnumsbakery.com.au/blog/eggless-cake-vs-ice-cream-cake-sydney,0,1,0,2
is pavlova a cake,https://numnumsbakery.com.au/blog/eggless-cake-vs-pavlova,0,1,0,12
is there egg in cheese cake,https://numnumsbakery.com.au/blog/eggless-cake-vs-cheesecake-sydney,0,1,0,7
islamic bakery,https://numnumsbakery.com.au/blog/multicultural-celebration-cake-sydney,0,1,0,4
island rum cake,https://numnumsbakery.com.au/,0,1,0,6
it didn't rise,https://numnumsbakery.com.au/blog/eggless-cake-troubleshooting,0,1,0,3
ivory bakery,https://numnumsbakery.com.au/cakes,0,1,0,34
jaggery sweets near me,https://numnumsbakery.com.au/indian-sweet,0,1,0,28
jain bakery,https://numnumsbakery.com.au/,0,1,0,1
jain cake,https://numnumsbakery.com.au/,0,1,0,1
jain sweets,https://numnumsbakery.com.au/,0,1,0,5
jalebi near me,https://numnumsbakery.com.au/,0,3,0,16.3
jamun near me,https://numnumsbakery.com.au/,0,1,0,8
juices near me,https://numnumsbakery.com.au/,0,1,0,43
kabhi b bakery near me,https://numnumsbakery.com.au/,0,1,0,1
kabhi bhi bakery near me,https://numnumsbakery.com.au/,0,1,0,1
kachori,https://numnumsbakery.com.au/,0,1,0,19
kadhai doodh near me,https://numnumsbakery.com.au/indian-sweet,0,1,0,11
kaju barfi near me,https://numnumsbakery.com.au/indian-sweet,0,3,0,3.3
kaju katli,https://numnumsbakery.com.au/,0,1,0,20
kaju katli near me,https://numnumsbakery.com.au/indian-sweet,0,16,0,12.9
kaju katli online delivery,https://numnumsbakery.com.au/indian-sweet,0,1,0,51
kaju pista roll near me,https://numnumsbakery.com.au/indian-sweet,0,1,0,11
kaju roll price,https://numnumsbakery.com.au/indian-sweet,0,1,0,14
kaju shake near me,https://numnumsbakery.com.au/indian-sweet,0,1,0,9
kaju special,https://numnumsbakery.com.au/indian-sweet,0,1,0,3
kalakand near me,https://numnumsbakery.com.au/,0,2,0,14
kalakand sweet near me,https://numnumsbakery.com.au/indian-sweet,0,2,0,10.5
kalymnos bakery,https://numnumsbakery.com.au/,0,1,0,48
kalymnos pastries menu,https://numnumsbakery.com.au/,0,1,0,48
kalymnos pastry,https://numnumsbakery.com.au/,0,1,0,60
kandi pedha near me,https://numnumsbakery.com.au/indian-sweet,0,1,0,7
kannan sweets,https://numnumsbakery.com.au/indian-sweet,0,1,0,11
kanti sweets near me,https://numnumsbakery.com.au/indian-sweet,0,1,0,27
karwa chauth 2026 sydney,https://numnumsbakery.com.au/blog/eggless-cakes-karwa-chauth-sydney,0,1,0,4
kellyville cakes,https://numnumsbakery.com.au/,0,1,0,44
keto baker,https://numnumsbakery.com.au/blog/eggless-cake-keto-low-carb-sydney,0,1,0,8
keto bakery,https://numnumsbakery.com.au/blog/eggless-cake-keto-low-carb-sydney,0,3,0,8.3
keto bakery sydney,https://numnumsbakery.com.au/blog/eggless-cake-keto-low-carb-sydney,0,1,0,9
keto cake sydney,https://numnumsbakery.com.au/blog/eggless-cake-keto-low-carb-sydney,0,1,0,11
keto cakes sydney,https://numnumsbakery.com.au/blog/eggless-cake-keto-low-carb-sydney,0,1,0,7
khaja mithai near me,https://numnumsbakery.com.au/indian-sweet,0,1,0,13
khaja sweet near me,https://numnumsbakery.com.au/indian-sweet,0,1,0,23
khanom house,https://numnumsbakery.com.au/,0,5,0,62.4
khanom house by the baking lists,https://numnumsbakery.com.au/,0,2,0,46
khanom house by the baking lists menu,https://numnumsbakery.com.au/,0,1,0,43
khanom house chippendale,https://numnumsbakery.com.au/,0,1,0,64
khanom house sydney,https://numnumsbakery.com.au/,0,1,0,50
kheer kadam near me,https://numnumsbakery.com.au/indian-sweet,0,1,0,31
kheer mohan near me,https://numnumsbakery.com.au/indian-sweet,0,1,0,42
khoya kulfi near me,https://numnumsbakery.com.au/indian-sweet,0,2,0,66.5
kids bakery,https://numnumsbakery.com.au/blog/kids-birthday-cake-north-west-sydney,0,1,0,11
kids bakery,https://numnumsbakery.com.au/blog/kids-birthday-cake-sydney,0,1,0,5
kids bday cakes,https://numnumsbakery.com.au/blog/kids-birthday-cake-sydney,0,1,0,8
kids birthday cake,https://numnumsbakery.com.au/,0,1,0,7
kids birthday cake near me,https://numnumsbakery.com.au/,0,3,0,16
kids birthday cake sydney,https://numnumsbakery.com.au/blog/kids-birthday-cake-north-west-sydney,0,5,0,15
kids birthday cake sydney,https://numnumsbakery.com.au/blog/kids-birthday-cake-sydney,0,25,0,17.9
kids birthday cakes,https://numnumsbakery.com.au/blog/kids-birthday-cake-north-west-sydney,0,2,0,10
kids birthday cakes,https://numnumsbakery.com.au/blog/kids-birthday-cake-sydney,0,90,0,15.2
kids birthday cakes near me,https://numnumsbakery.com.au/,0,2,0,28.5
kids birthday cakes sydney,https://numnumsbakery.com.au/blog/kids-birthday-cake-north-west-sydney,0,4,0,17.8
kids birthday cakes sydney,https://numnumsbakery.com.au/blog/kids-birthday-cake-sydney,0,93,0,18.2
kids birthday cales,https://numnumsbakery.com.au/blog/kids-birthday-cake-sydney,0,1,0,8
kids birthday party cakes,https://numnumsbakery.com.au/blog/kids-birthday-cake-sydney,0,1,0,15
kids cake sydney,https://numnumsbakery.com.au/blog/first-birthday-cake-sydney,0,3,0,3
kids cake sydney,https://numnumsbakery.com.au/blog/kids-birthday-cake-north-west-sydney,0,13,0,20.9
kids cake sydney,https://numnumsbakery.com.au/blog/kids-birthday-cake-sydney,0,127,0,17.9
kids cake sydney,https://numnumsbakery.com.au/cakes,0,1,0,28
kids cakes,https://numnumsbakery.com.au/blog/kids-birthday-cake-sydney,0,8,0,32.1
kids cakes,https://numnumsbakery.com.au/cakes,0,1,0,38
kids cakes near me,https://numnumsbakery.com.au/,0,1,0,47
kids cakes sydney,https://numnumsbakery.com.au/blog/first-birthday-cake-sydney,0,5,0,2.6
kids cakes sydney,https://numnumsbakery.com.au/blog/kids-birthday-cake-north-west-sydney,0,1,0,16
kids cakes sydney,https://numnumsbakery.com.au/blog/kids-birthday-cake-sydney,0,79,0,18.7
"kids cakes sydney,",https://numnumsbakery.com.au/blog/kids-birthday-cake-north-west-sydney,0,1,0,8
"kids cakes sydney,",https://numnumsbakery.com.au/blog/kids-birthday-cake-sydney,0,11,0,14.5
kids party cakes,https://numnumsbakery.com.au/blog/kids-birthday-cake-sydney,0,1,0,11
kids photo cake,https://numnumsbakery.com.au/blog/photo-cake-sydney,0,1,0,5
kincumber bakery,https://numnumsbakery.com.au/,0,2,0,55.5
king of sweets greenacre,https://numnumsbakery.com.au/indian-sweet,0,1,0,33
kitchens pemulwuy,https://numnumsbakery.com.au/blog/eggless-cakes-pemulwuy,0,2,0,30.5
korean bakery near me,https://numnumsbakery.com.au/,0,2,0,13.5
kosher cakes sydney,https://numnumsbakery.com.au/blog/eggless-cakes-bar-mitzvah-sydney,0,1,0,18
kosher cakes sydney,https://numnumsbakery.com.au/blog/eggless-cakes-purim-sydney,0,2,0,10
kpop cake near me,https://numnumsbakery.com.au/,0,1,0,16
kulcha bakery near me,https://numnumsbakery.com.au/,0,1,0,7
kulcha bread,https://numnumsbakery.com.au/,0,1,0,6
kulcha near me,https://numnumsbakery.com.au/,0,3,0,37
kulcha near me bakery,https://numnumsbakery.com.au/,0,1,0,1
kulcha shop near me,https://numnumsbakery.com.au/,0,1,0,28
kulfi falooda near me,https://numnumsbakery.com.au/indian-sweet,0,2,0,44
kulfi ice cream near me,https://numnumsbakery.com.au/indian-sweet,0,1,0,63
kulfi near me,https://numnumsbakery.com.au/indian-sweet,0,3,0,74.7
kumar sweets near me,https://numnumsbakery.com.au/indian-sweet,0,2,0,38
lactose free desserts,https://numnumsbakery.com.au/,0,1,0,1
laddoo near me,https://numnumsbakery.com.au/indian-sweet,0,1,0,10
laddoos near me,https://numnumsbakery.com.au/indian-sweet,0,3,0,7.3
laddu near me,https://numnumsbakery.com.au/indian-sweet,0,9,0,9.8
lalor park post code,https://numnumsbakery.com.au/blog/eggless-cakes-lalor-park,0,2,0,11.5
large sheet cakes,https://numnumsbakery.com.au/blog/sheet-cake-sydney,0,1,0,7
late night desserts near me,https://numnumsbakery.com.au/,0,1,0,8
lava cake near me,https://numnumsbakery.com.au/,0,1,0,10
layered cake near me,https://numnumsbakery.com.au/,0,1,0,12
lead time,https://numnumsbakery.com.au/blog/best-eggless-cake-shops-sydney-2026,0,1,0,7
lebanese bakery near me,https://numnumsbakery.com.au/,0,3,0,5
lemon bakery,https://numnumsbakery.com.au/,0,6,0,54.8
lemon birthday cake near me,https://numnumsbakery.com.au/,0,1,0,41
lemon cake bakery,https://numnumsbakery.com.au/,0,8,0,87.8
lemon cake near me,https://numnumsbakery.com.au/,0,4,0,39.8
lemon cake sydney,https://numnumsbakery.com.au/,0,5,0,77.8
lemon cake sydney,https://numnumsbakery.com.au/cakes,0,1,0,81
lemon drizzle cake near me,https://numnumsbakery.com.au/,0,4,0,68
lemon drizzle cake sydney,https://numnumsbakery.com.au/,0,1,0,88
lemon meringue cake sydney,https://numnumsbakery.com.au/cakes,0,2,0,74.5
leopard print cake near me,https://numnumsbakery.com.au/blog/photo-cake-sydney,0,1,0,8
lgbtq bakery near me,https://numnumsbakery.com.au/,0,1,0,36
like on the street,https://numnumsbakery.com.au/,0,1,0,4
like on the street,https://numnumsbakery.com.au/blog/eggless-cakes-ryde,0,1,0,5
live cakes,https://numnumsbakery.com.au/blog/best-cake-sydney,0,1,0,10
liverpool deliver cake,https://numnumsbakery.com.au/,0,7,0,69.9
local bakery,https://numnumsbakery.com.au/blog/eggless-cake-bakery-harris-park-riverstone-sydney,0,1,0,34
local bakery near me,https://numnumsbakery.com.au/,0,2,0,7.5
local cake makers near me,https://numnumsbakery.com.au/blog/eggless-cakes-schofields,0,1,0,2
local cake shops near me,https://numnumsbakery.com.au/,0,1,0,8
local cake shops near me,https://numnumsbakery.com.au/blog/eggless-cake-bakery-harris-park-riverstone-sydney,0,1,0,8
local pastry shops,https://numnumsbakery.com.au/,0,1,0,6
local pickup,https://numnumsbakery.com.au/,0,1,0,2
local pickup,https://numnumsbakery.com.au/cakes,0,1,0,5
lotus biscoff cake near me,https://numnumsbakery.com.au/,0,2,0,2
lotus biscoff cake near me,https://numnumsbakery.com.au/cakes,0,1,0,1
low calorie cake near me,https://numnumsbakery.com.au/blog/best-dessert-shop-sydney,0,1,0,17
low calorie desserts near me,https://numnumsbakery.com.au/blog/best-dessert-shop-sydney,0,3,0,20.7
low fodmap cake,https://numnumsbakery.com.au/blog/eggless-cake-low-fodmap-sydney,0,5,0,18.4
low fodmap cakes,https://numnumsbakery.com.au/blog/eggless-cake-low-fodmap-sydney,0,1,0,24
low sugar cake near me,https://numnumsbakery.com.au/blog/best-dessert-shop-sydney,0,2,0,9
low sugar cakes near me,https://numnumsbakery.com.au/blog/best-dessert-shop-sydney,0,1,0,9
lugarno bakery,https://numnumsbakery.com.au/,0,1,0,36
lumos bakery mckinnon,https://numnumsbakery.com.au/,0,1,0,51
lumos cafe north sydney,https://numnumsbakery.com.au/,0,1,0,68
lumos north sydney,https://numnumsbakery.com.au/,0,2,0,74.5
lunch near me,https://numnumsbakery.com.au/,0,2,0,45.5
lunch spots near me,https://numnumsbakery.com.au/,0,1,0,38
lychee cake,https://numnumsbakery.com.au/,0,1,0,7
m and m bakery,https://numnumsbakery.com.au/,0,3,0,58.7
macquarie centre cakes,https://numnumsbakery.com.au/,0,1,0,60
magnolia bakery,https://numnumsbakery.com.au/,0,3,0,45.3
magnolia bakery near me,https://numnumsbakery.com.au/,0,3,0,31.7
magnolia cakes and cupcakes,https://numnumsbakery.com.au/,0,1,0,43
magnolia patisserie bankstown,https://numnumsbakery.com.au/,0,1,0,59
magnolia's bakery,https://numnumsbakery.com.au/,0,3,0,43
make your own cake,https://numnumsbakery.com.au/blog/how-to-design-birthday-cake-sydney,0,1,0,10
malai kulfi,https://numnumsbakery.com.au/,0,1,0,43
malai kulfi ice cream near me,https://numnumsbakery.com.au/indian-sweet,0,1,0,55
malai kulfi near me,https://numnumsbakery.com.au/indian-sweet,0,1,0,51
mango cake,https://numnumsbakery.com.au/,0,6,0,9.3
mango cake bakery,https://numnumsbakery.com.au/,0,1,0,11
mango cake near me,https://numnumsbakery.com.au/,0,5,0,2.4
mango cake near me,https://numnumsbakery.com.au/cakes,0,2,0,1.5
mango cake slice,https://numnumsbakery.com.au/,0,1,0,9
mango cake slices,https://numnumsbakery.com.au/,0,1,0,14
mango cake slices,https://numnumsbakery.com.au/cakes,0,1,0,15
mango cake sydney,https://numnumsbakery.com.au/,0,2,0,17
mango cakw,https://numnumsbakery.com.au/,0,1,0,1
mango cakw,https://numnumsbakery.com.au/cakes,0,1,0,1
mango cream cake,https://numnumsbakery.com.au/,0,2,0,7.5
mango tres leches cake near me,https://numnumsbakery.com.au/,0,1,0,7
mangoes,https://numnumsbakery.com.au/,0,1,0,1
mangos,https://numnumsbakery.com.au/,0,1,0,5
mangos,https://numnumsbakery.com.au/cakes,0,1,0,5
manjots baking,https://numnumsbakery.com.au/,0,2,0,38.5
manning bakery,https://numnumsbakery.com.au/,0,2,0,23.5
mannino's bakery menu and prices,https://numnumsbakery.com.au/,0,1,0,3
mannum bakery,https://numnumsbakery.com.au/,0,5,0,23.4
mannum bakery,https://numnumsbakery.com.au/order,0,1,0,63
manu bakery,https://numnumsbakery.com.au/,0,1,0,35
maraylya postcode,https://numnumsbakery.com.au/blog/eggless-cakes-maraylya,0,1,0,11
marayong bakery,https://numnumsbakery.com.au/blog/eggless-cakes-marayong,0,1,0,10
maridale park bakery,https://numnumsbakery.com.au/,0,1,0,36
marsden park bakery,https://numnumsbakery.com.au/,0,8,0,9.1
marsden park bakery,https://numnumsbakery.com.au/blog/best-dessert-shop-sydney,0,16,0,10.1
marsden park bakery,https://numnumsbakery.com.au/cakes,0,1,0,13
marsden park cake shop,https://numnumsbakery.com.au/cakes,0,1,0,8
marsfield chinese kitchen menu,https://numnumsbakery.com.au/blog/eggless-cakes-marsfield,0,1,0,22
mathura peda near me,https://numnumsbakery.com.au/indian-sweet,0,1,0,3
matilda cake near me,https://numnumsbakery.com.au/,0,2,0,5
matka kulfi near me,https://numnumsbakery.com.au/indian-sweet,0,2,0,57
mawa kulfi near me,https://numnumsbakery.com.au/indian-sweet,0,1,0,73
mawson bakery,https://numnumsbakery.com.au/,0,1,0,8
mckinnon bakery,https://numnumsbakery.com.au/,0,1,0,55
mckinnon village bakery,https://numnumsbakery.com.au/,0,2,0,46.5
meadowbank cake,https://numnumsbakery.com.au/blog/eggless-cakes-meadowbank,0,1,0,11
meadowbank cake shop,https://numnumsbakery.com.au/blog/eggless-cakes-meadowbank,0,3,0,11
meat pie near me,https://numnumsbakery.com.au/,0,1,0,17
meat pie shop near me,https://numnumsbakery.com.au/,0,1,0,20
meat pies near me,https://numnumsbakery.com.au/,0,3,0,13.3
melrose bakery,https://numnumsbakery.com.au/blog/eggless-cakes-melrose-park,0,1,0,8
men's birthday cakes,https://numnumsbakery.com.au/blog/birthday-cake-for-men-sydney,0,1,0,11
mermaid cake,https://numnumsbakery.com.au/,0,1,0,4
mermaid cake near me,https://numnumsbakery.com.au/,0,1,0,64
merrylands bakery,https://numnumsbakery.com.au/,0,1,0,59
merrylands cake,https://numnumsbakery.com.au/,0,2,0,29.5
merrylands cake,https://numnumsbakery.com.au/blog/eggless-cakes-merrylands,0,1,0,7
merrylands cake shop,https://numnumsbakery.com.au/,0,8,0,30.9
milad bakery,https://numnumsbakery.com.au/blog/eggless-cakes-eid-milad-un-nabi-sydney,0,1,0,9
milk cake,https://numnumsbakery.com.au/,0,4,0,17.5
milk cake indian near me,https://numnumsbakery.com.au/indian-sweet,0,3,0,9
milk cake indian sweet near me,https://numnumsbakery.com.au/indian-sweet,0,1,0,12
milk cake near me,https://numnumsbakery.com.au/,0,6,0,17.8
milk cake sydney,https://numnumsbakery.com.au/,0,1,0,14
milk peda near me,https://numnumsbakery.com.au/indian-sweet,0,1,0,5
millstone bakery,https://numnumsbakery.com.au/,0,2,0,25.5
millstone patisserie,https://numnumsbakery.com.au/,0,3,0,32.3
milton bakery,https://numnumsbakery.com.au/,0,7,0,47
milton bakery nsw,https://numnumsbakery.com.au/,0,2,0,44
milton cake,https://numnumsbakery.com.au/,0,1,0,27
milton cake shop,https://numnumsbakery.com.au/,0,2,0,27.5
milton patisserie,https://numnumsbakery.com.au/,0,1,0,61
mimo desserts,https://numnumsbakery.com.au/,0,1,0,34
min bakery,https://numnumsbakery.com.au/blog/best-dessert-shop-sydney,0,4,0,9.2
min bakery,https://numnumsbakery.com.au/blog/best-eggless-cake-shops-sydney-2026,0,1,0,10
min bakery,https://numnumsbakery.com.au/blog/birthday-cake-near-me-sydney-suburbs,0,2,0,9
min bakery,https://numnumsbakery.com.au/blog/eggless-cake-bakery-harris-park-riverstone-sydney,0,4,0,9.5
min bakery,https://numnumsbakery.com.au/blog/eggless-cakes-old-guildford,0,1,0,8
min bakery,https://numnumsbakery.com.au/blog/eggless-cakes-riverstone,0,1,0,8
min bakery,https://numnumsbakery.com.au/blog/eggless-cakes-schofields,0,1,0,10
min bakery,https://numnumsbakery.com.au/blog/eggless-cakes-sydney-olympic-park,0,1,0,7
min bakery,https://numnumsbakery.com.au/blog/eggless-cakes-villawood,0,1,0,8
min's bakery,https://numnumsbakery.com.au/blog/eggless-cakes-schofields,0,1,0,11
mince and cheese pie near me,https://numnumsbakery.com.au/,0,1,0,10
mince and double cheese pie near me,https://numnumsbakery.com.au/,0,1,0,4
minchinbury bakery,https://numnumsbakery.com.au/blog/eggless-cakes-minchinbury,0,4,0,13
minchinbury postcode,https://numnumsbakery.com.au/blog/eggless-cakes-minchinbury,0,1,0,5
mini cake,https://numnumsbakery.com.au/,0,6,0,13.2
mini cake near me,https://numnumsbakery.com.au/,0,1,0,18
mini cake shop near me,https://numnumsbakery.com.au/,0,2,0,2
mini cake sydney,https://numnumsbakery.com.au/,0,4,0,47.5
mini cake sydney,https://numnumsbakery.com.au/cakes,0,1,0,67
mini cakes,https://numnumsbakery.com.au/,0,3,0,12.3
mini cakes near me,https://numnumsbakery.com.au/,0,2,0,3
mini cakes sydney,https://numnumsbakery.com.au/,0,2,0,4
mini carrot cake near me,https://numnumsbakery.com.au/,0,2,0,3
mini cup cake,https://numnumsbakery.com.au/,0,1,0,5
mini cup cakes,https://numnumsbakery.com.au/,0,2,0,2
mini cupcakes,https://numnumsbakery.com.au/,0,15,0,4.9
mini desserts near me,https://numnumsbakery.com.au/blog/best-dessert-shop-sydney,0,2,0,25
mini desserts to buy near me,https://numnumsbakery.com.au/blog/best-dessert-shop-sydney,0,1,0,21
mini donuts near me,https://numnumsbakery.com.au/,0,1,0,11
mini eggless cake,https://numnumsbakery.com.au/blog/eggless-cakes-northwest-sydney,0,1,0,1
mini photo cake,https://numnumsbakery.com.au/blog/photo-cake-sydney,0,1,0,7
mini red velvet cake,https://numnumsbakery.com.au/,0,1,0,9
minion cake,https://numnumsbakery.com.au/,0,1,0,2
minnion cake,https://numnumsbakery.com.au/,0,1,0,2
minto bakery,https://numnumsbakery.com.au/,0,2,0,54.5
minto cake shop,https://numnumsbakery.com.au/,0,1,0,48
minute bakery,https://numnumsbakery.com.au/blog/eggless-cakes-schofields,0,1,0,4
mio nonno pasticceria,https://numnumsbakery.com.au/,0,2,0,51.5
mishti sweets near me,https://numnumsbakery.com.au/indian-sweet,0,1,0,22
miss cake sydney,https://numnumsbakery.com.au/blog/best-eggless-cake-shops-sydney-2026,0,5,0,11
miss cake sydney,https://numnumsbakery.com.au/blog/eggless-cake-bakery-harris-park-riverstone-sydney,0,2,0,11
mithai bakery,https://numnumsbakery.com.au/indian-sweet,0,1,0,7
mithai cake shop,https://numnumsbakery.com.au/indian-sweet,0,1,0,10
mithai cakes,https://numnumsbakery.com.au/indian-sweet,0,1,0,9
mithai delivery,https://numnumsbakery.com.au/indian-sweet,0,2,0,31.5
mithai indian,https://numnumsbakery.com.au/indian-sweet,0,7,0,20
mithai indian sweets,https://numnumsbakery.com.au/indian-sweet,0,5,0,30.6
mithai indian sweets near me,https://numnumsbakery.com.au/indian-sweet,0,1,0,15
mithai near me,https://numnumsbakery.com.au/,0,1,0,20
mithai near me,https://numnumsbakery.com.au/indian-sweet,0,6,0,18
mithai online,https://numnumsbakery.com.au/indian-sweet,0,1,0,17
mithai online delivery,https://numnumsbakery.com.au/indian-sweet,0,1,0,33
mithai pasal near me,https://numnumsbakery.com.au/indian-sweet,0,9,0,9.7
mithai price,https://numnumsbakery.com.au/indian-sweet,0,3,0,9.3
mithai price per kg,https://numnumsbakery.com.au/indian-sweet,0,5,0,8.6
mithai prices,https://numnumsbakery.com.au/indian-sweet,0,1,0,9
mithai shop near me,https://numnumsbakery.com.au/indian-sweet,0,2,0,22.5
mithai shops near me,https://numnumsbakery.com.au/,0,1,0,7
mithai sweets,https://numnumsbakery.com.au/indian-sweet,0,1,0,26
mithais,https://numnumsbakery.com.au/indian-sweet,0,3,0,31
mixed fruits cake,https://numnumsbakery.com.au/,0,1,0,4
mmm num nums,https://numnumsbakery.com.au/,0,1,0,8
mnm bakery,https://numnumsbakery.com.au/,0,3,0,11.7
modak peda near me,https://numnumsbakery.com.au/indian-sweet,0,1,0,11
mohit?,https://numnumsbakery.com.au/blog/best-eggless-cake-shops-sydney-2026,0,1,0,8
mohit?,https://numnumsbakery.com.au/blog/eggless-cakes-prairiewood,0,1,0,7
mon cakes,https://numnumsbakery.com.au/blog/multicultural-celebration-cake-sydney,0,1,0,6
mona lisa cakes,https://numnumsbakery.com.au/cakes,0,1,0,41
mona vale bakery,https://numnumsbakery.com.au/,0,7,0,53.9
mona's bakehouse,https://numnumsbakery.com.au/,0,1,0,46
monas bakehouse,https://numnumsbakery.com.au/,0,1,0,43
mongolia bakery,https://numnumsbakery.com.au/,0,1,0,43
monsur sweets,https://numnumsbakery.com.au/,0,1,0,13
moon cake,https://numnumsbakery.com.au/,0,1,0,21
mooncakes halal,https://numnumsbakery.com.au/,0,1,0,2
more,https://numnumsbakery.com.au/blog/multicultural-celebration-cake-sydney,0,1,0,7
morning pastries,https://numnumsbakery.com.au/,0,1,0,1
most beautiful cake images,https://numnumsbakery.com.au/blog/first-birthday-cake-sydney,0,1,0,11
mothers day cakes sydney,https://numnumsbakery.com.au/,0,18,0,76.8
motichoor ladoo near me,https://numnumsbakery.com.au/,0,4,0,5.8
motichoor ladoo near me,https://numnumsbakery.com.au/indian-sweet,0,2,0,25
mount druitt cake shop,https://numnumsbakery.com.au/blog/eggless-cakes-mount-druitt,0,3,0,10.7
mousse cake near me,https://numnumsbakery.com.au/,0,2,0,71
mousse cake near me,https://numnumsbakery.com.au/blog/best-dessert-shop-sydney,0,2,0,23
mousse cakes near me,https://numnumsbakery.com.au/,0,1,0,63
mousse cakes near me,https://numnumsbakery.com.au/blog/best-dessert-shop-sydney,0,3,0,24
moxons bakery,https://numnumsbakery.com.au/,0,1,0,36
moxons bakery armidale,https://numnumsbakery.com.au/,0,1,0,49
mr kipling cakes near me,https://numnumsbakery.com.au/,0,1,0,55
mud cake near me,https://numnumsbakery.com.au/,0,3,0,10
mud cake vs normal cake,https://numnumsbakery.com.au/blog/eggless-cake-vs-mud-cake,0,2,0,9.5
mud cake vs sponge cake,https://numnumsbakery.com.au/blog/eggless-cake-vs-mud-cake,0,9,0,4.2
mudcake near me,https://numnumsbakery.com.au/,0,1,0,7
muffin near me,https://numnumsbakery.com.au/,0,4,0,2.5
muffins near me,https://numnumsbakery.com.au/,0,1,0,16
muffins near ne,https://numnumsbakery.com.au/,0,1,0,18
mum bakery,https://numnumsbakery.com.au/,0,1,0,17
mum's bakery,https://numnumsbakery.com.au/,0,2,0,25.5
mums bakehouse,https://numnumsbakery.com.au/,0,1,0,46
mums baking,https://numnumsbakery.com.au/,0,2,0,30.5
mums buns,https://numnumsbakery.com.au/,0,3,0,61
mums cakes,https://numnumsbakery.com.au/,0,1,0,85
mums cakes,https://numnumsbakery.com.au/blog,0,1,0,14
mums cakes,https://numnumsbakery.com.au/blog/eggless-cake-bakery-harris-park-riverstone-sydney,0,1,0,64
mums cakes,https://numnumsbakery.com.au/cakes,0,1,0,95
mumunest cake shop,https://numnumsbakery.com.au/about,0,1,0,11
munja bakehouse,https://numnumsbakery.com.au/,0,2,0,55.5
mysore pak near me,https://numnumsbakery.com.au/indian-sweet,0,1,0,40
n & n the cake shop,https://numnumsbakery.com.au/,0,1,0,22
n and n cakes,https://numnumsbakery.com.au/,0,2,0,7
n&n cakes,https://numnumsbakery.com.au/,0,2,0,38
n&n cakes,https://numnumsbakery.com.au/cakes,0,2,0,38
naan bakery near me,https://numnumsbakery.com.au/indian-sweet,0,1,0,72
naan bread near me,https://numnumsbakery.com.au/,0,4,0,13.2
nahoum's bakery,https://numnumsbakery.com.au/,0,1,0,2
nahoum's bakery,https://numnumsbakery.com.au/cakes,0,1,0,2
nahoums,https://numnumsbakery.com.au/,0,1,0,2
naked cake sydney,https://numnumsbakery.com.au/blog/semi-naked-cake-sydney,0,1,0,7
nam bakery,https://numnumsbakery.com.au/blog/best-eggless-cake-shops-sydney-2026,0,4,0,7.2
nam nam bakery,https://numnumsbakery.com.au/about,0,7,0,4.1
nam nam bakery,https://numnumsbakery.com.au/blog/best-eggless-cake-shops-sydney-2026,0,2,0,10
nam nam bakery,https://numnumsbakery.com.au/blog/eggless-cake-bakery-harris-park-riverstone-sydney,0,3,0,8
nam nam bakery,https://numnumsbakery.com.au/blog/eggless-cakes-dean-park,0,1,0,6
nam nam bakery,https://numnumsbakery.com.au/cakes,0,13,0,4.5
nam nam bakery,https://numnumsbakery.com.au/order,0,22,0,4.5
nam nam cake,https://numnumsbakery.com.au/,0,1,0,3
nam nam cake,https://numnumsbakery.com.au/cakes,0,1,0,10
nam's eggless bakes,https://numnumsbakery.com.au/,0,15,0,7.8
nam's eggless bakes,https://numnumsbakery.com.au/cakes,0,8,0,10.2
naman bakery,https://numnumsbakery.com.au/,0,1,0,1
nams bakery,https://numnumsbakery.com.au/,0,2,0,7.5
nams cake,https://numnumsbakery.com.au/,0,1,0,43
nan butter,https://numnumsbakery.com.au/,0,1,0,7
nanak bakery cakes,https://numnumsbakery.com.au/cakes,0,1,0,25
nanak bakery near me,https://numnumsbakery.com.au/,0,1,0,22
nanas bakery,https://numnumsbakery.com.au/,0,1,0,1
nanna bakery,https://numnumsbakery.com.au/,0,1,0,30
nannos bakery,https://numnumsbakery.com.au/,0,1,0,3
nano bakery,https://numnumsbakery.com.au/,0,1,0,5
nano's bakery,https://numnumsbakery.com.au/,0,1,0,6
naomi cakes,https://numnumsbakery.com.au/cakes,0,1,0,28
narayan bakery,https://numnumsbakery.com.au/,0,2,0,1.5
narooma bakery,https://numnumsbakery.com.au/,0,2,0,58.5
natsukis cupcakes,https://numnumsbakery.com.au/,0,1,0,3
natsukis cupcakes,https://numnumsbakery.com.au/cakes,0,1,0,3
natural bakery,https://numnumsbakery.com.au/blog/eggless-cakes-northwest-sydney,0,1,0,1
nc bakery,https://numnumsbakery.com.au/,0,1,0,3
nc bakery,https://numnumsbakery.com.au/cakes,0,1,0,3
near birthday cake shop,https://numnumsbakery.com.au/,0,1,0,4
near cake shop,https://numnumsbakery.com.au/,0,2,0,10.5
near me cake shop,https://numnumsbakery.com.au/,0,1,0,10
near me cake shop,https://numnumsbakery.com.au/blog/best-cake-sydney,0,1,0,6
near me cake shops,https://numnumsbakery.com.au/blog/eggless-cakes-riverstone,0,1,0,2
near to me,https://numnumsbakery.com.au/blog/eggless-cake-bakery-harris-park-riverstone-sydney,0,1,0,8
near train station,https://numnumsbakery.com.au/blog/eggless-cake-bakery-harris-park-riverstone-sydney,0,1,0,12
nearby bakery,https://numnumsbakery.com.au/,0,1,0,7
nearby cake shop,https://numnumsbakery.com.au/,0,1,0,2
nearby indian sweet shop,https://numnumsbakery.com.au/indian-sweet,0,1,0,21
nearest bakery,https://numnumsbakery.com.au/blog/eggless-cake-bakery-harris-park-riverstone-sydney,0,1,0,12
nearest bakery,https://numnumsbakery.com.au/blog/eggless-cakes-schofields,0,2,0,18
nearest bakery shop near me,https://numnumsbakery.com.au/blog/best-cake-sydney,0,1,0,5
nearest cake shop,https://numnumsbakery.com.au/,0,2,0,1
nearest cake shop near me,https://numnumsbakery.com.au/blog/eggless-cake-bakery-harris-park-riverstone-sydney,0,1,0,13
nearest cake shop near me,https://numnumsbakery.com.au/blog/eggless-cakes-schofields,0,1,0,31
nearest cookies,https://numnumsbakery.com.au/,0,1,0,10
neelam's eggless bakery menu,https://numnumsbakery.com.au/blog/eggless-cake-storage-freshness-guide,0,1,0,8
nemo's cake,https://numnumsbakery.com.au/,0,2,0,55.5
nemo's cake where to buy,https://numnumsbakery.com.au/,0,1,0,26
nemos cake,https://numnumsbakery.com.au/,0,1,0,43
nemos cake near me,https://numnumsbakery.com.au/,0,1,0,13
nemos cake near me,https://numnumsbakery.com.au/cakes,0,1,0,14
nepali cake shop near me,https://numnumsbakery.com.au/,0,1,0,1
new south wales,https://numnumsbakery.com.au/,0,1,0,3
newborn cakes,https://numnumsbakery.com.au/,0,1,0,16
nice bakeries near me,https://numnumsbakery.com.au/,0,1,0,65
nice cake,https://numnumsbakery.com.au/blog/best-cake-sydney,0,2,0,25
nice cake near me,https://numnumsbakery.com.au/,0,1,0,15
nice cakes,https://numnumsbakery.com.au/blog/best-cake-sydney,0,1,0,23
nice dinner spots near me,https://numnumsbakery.com.au/,0,1,0,188
nice place to eat near me,https://numnumsbakery.com.au/,0,1,0,49
niche deserts,https://numnumsbakery.com.au/blog/best-dessert-shop-sydney,0,6,0,1
niche dessert,https://numnumsbakery.com.au/blog/best-dessert-shop-sydney,0,1,0,1
niche desserts,https://numnumsbakery.com.au/blog/best-dessert-shop-sydney,0,2,0,1
nikos cakes prices,https://numnumsbakery.com.au/blog/cake-price-guide-sydney,0,1,0,8
nim num,https://numnumsbakery.com.au/,0,6,0,3.8
nim nums,https://numnumsbakery.com.au/,0,1,0,2
nim nums,https://numnumsbakery.com.au/order,0,1,0,9
nimbus bakery,https://numnumsbakery.com.au/,0,1,0,5
nimitabel bakery,https://numnumsbakery.com.au/blog/eggless-cakes-pitt-town,0,1,0,61
nimmitabel bakery,https://numnumsbakery.com.au/,0,6,0,44.3
nimmitabel bakery jindabyne,https://numnumsbakery.com.au/,0,4,0,48.5
nisa bakery,https://numnumsbakery.com.au/,0,1,0,9
no bakery,https://numnumsbakery.com.au/,0,3,0,8.3
no egg,https://numnumsbakery.com.au/,0,3,0,1
no egg,https://numnumsbakery.com.au/blog/eggless-cake-storage-freshness-guide,0,1,0,3
no egg bakery,https://numnumsbakery.com.au/blog/best-eggless-cake-shops-sydney-2026,0,1,0,6
no egg bakery near me,https://numnumsbakery.com.au/blog/best-eggless-cake-shops-sydney-2026,0,2,0,2
no egg cake near me,https://numnumsbakery.com.au/blog/best-eggless-cake-shops-sydney-2026,0,9,0,5.9
no egg cake near me,https://numnumsbakery.com.au/blog/eggless-cake-bakery-harris-park-riverstone-sydney,0,5,0,4.4
no egg cake near me,https://numnumsbakery.com.au/blog/eggless-cakes-dean-park,0,1,0,11
no egg cake shop,https://numnumsbakery.com.au/blog/best-eggless-cake-shops-sydney-2026,0,1,0,3
no egg cakes near me,https://numnumsbakery.com.au/blog/eggless-cakes-winston-hills,0,1,0,10
no egg funnel cake recipe,https://numnumsbakery.com.au/blog/vegan-vs-eggless-cakes-difference,0,1,0,3
no egg?,https://numnumsbakery.com.au/,0,1,0,2
no name bakery,https://numnumsbakery.com.au/,0,1,0,30
no nut cake,https://numnumsbakery.com.au/blog/eggless-cake-nut-free-sydney,0,1,0,10
no nuts cake,https://numnumsbakery.com.au/,0,1,0,2
no sugar cake,https://numnumsbakery.com.au/,0,1,0,10
no sugar desserts near me,https://numnumsbakery.com.au/blog/best-dessert-shop-sydney,0,1,0,12
noah bakery,https://numnumsbakery.com.au/,0,1,0,26
noah's bakery,https://numnumsbakery.com.au/,0,1,0,42
noams,https://numnumsbakery.com.au/,0,4,0,58.8
noams,https://numnumsbakery.com.au/order,0,1,0,71
noble park bakery,https://numnumsbakery.com.au/,0,2,0,41.5
nogas cakes,https://numnumsbakery.com.au/,0,4,0,35
nom bakery,https://numnumsbakery.com.au/,0,4,0,3.2
nom bakery,https://numnumsbakery.com.au/about,0,1,0,9
nom bakes,https://numnumsbakery.com.au/,0,1,0,2
nom nom,https://numnumsbakery.com.au/,0,1,0,2
nom nom bakery,https://numnumsbakery.com.au/cakes,0,4,0,1
nom nom bakery,https://numnumsbakery.com.au/order,0,3,0,7.3
nom nom bakery hamilton,https://numnumsbakery.com.au/,0,6,0,8
nom nom bubble tea and dessert cafe,https://numnumsbakery.com.au/,0,1,0,51
nom nom cake,https://numnumsbakery.com.au/,0,5,0,6.8
nom nom cake,https://numnumsbakery.com.au/cakes,0,2,0,4
nom nom dessert,https://numnumsbakery.com.au/,0,2,0,19.5
nom noms,https://numnumsbakery.com.au/,0,12,0,1.2
noma bakery,https://numnumsbakery.com.au/,0,1,0,3
nommi blackberry rolls,https://numnumsbakery.com.au/,0,1,0,5
nommi blackberry rolls,https://numnumsbakery.com.au/cakes,0,1,0,5
nomnom,https://numnumsbakery.com.au/,0,7,0,3.1
nomnom cake,https://numnumsbakery.com.au/cakes,0,13,0,10.5
nomnom cake,https://numnumsbakery.com.au/indian-sweet,0,1,0,75
nomnom cake,https://numnumsbakery.com.au/order,0,2,0,54.5
nomnom cookies,https://numnumsbakery.com.au/,0,1,0,1
nomnom dessert,https://numnumsbakery.com.au/,0,7,0,8.1
nomnom shop,https://numnumsbakery.com.au/,0,1,0,13
noms bakery,https://numnumsbakery.com.au/,0,1,0,1
noms near me,https://numnumsbakery.com.au/,0,1,0,40
non bakery,https://numnumsbakery.com.au/blog/best-dessert-shop-sydney,0,1,0,6
non sugar cake near me,https://numnumsbakery.com.au/blog/eggless-cakes-dean-park,0,2,0,8
nong cake,https://numnumsbakery.com.au/,0,2,0,1.5
nong cake,https://numnumsbakery.com.au/cakes,0,2,0,5.5
nonna bakery,https://numnumsbakery.com.au/,0,2,0,39.5
nonna's bakery,https://numnumsbakery.com.au/,0,3,0,42
nonnas bakery,https://numnumsbakery.com.au/,0,2,0,42.5
nonno's bakery menu,https://numnumsbakery.com.au/,0,2,0,24
nonos bakery,https://numnumsbakery.com.au/,0,1,0,2
nonos menu,https://numnumsbakery.com.au/,0,1,0,51
noon bakery,https://numnumsbakery.com.au/,0,8,0,5.5
noon khamei near me,https://numnumsbakery.com.au/,0,2,0,11
noras cakes and sweets,https://numnumsbakery.com.au/,0,2,0,2.5
normal size cake,https://numnumsbakery.com.au/blog/cake-serving-size-guide-sydney,0,1,0,11
normal size of cake,https://numnumsbakery.com.au/blog/cake-serving-size-guide-sydney,0,1,0,8
norman cakes,https://numnumsbakery.com.au/,0,1,0,6
north indian sweet shop near me,https://numnumsbakery.com.au/indian-sweet,0,1,0,19
north indian sweets near me,https://numnumsbakery.com.au/indian-sweet,0,1,0,21
north melbourne cake,https://numnumsbakery.com.au/,0,3,0,63.3
north parramatta bakery,https://numnumsbakery.com.au/,0,3,0,58
north parramatta bakery,https://numnumsbakery.com.au/blog/eggless-cake-bakery-harris-park-riverstone-sydney,0,1,0,16
north parramatta bakery,https://numnumsbakery.com.au/blog/eggless-cakes-northmead,0,3,0,11
north richmond bakery,https://numnumsbakery.com.au/blog/eggless-cakes-north-richmond,0,2,0,10
north ryde bakery,https://numnumsbakery.com.au/,0,1,0,59
north sydney bakery,https://numnumsbakery.com.au/,0,5,0,53.6
north sydney cake,https://numnumsbakery.com.au/,0,3,0,59.7
north sydney cake,https://numnumsbakery.com.au/cakes,0,1,0,86
north sydney cakes,https://numnumsbakery.com.au/,0,6,0,52.2
north sydney cakes,https://numnumsbakery.com.au/blog/best-eggless-cake-shops-sydney-2026,0,1,0,24
north sydney cakes,https://numnumsbakery.com.au/blog/eggless-cake-bakery-harris-park-riverstone-sydney,0,10,0,26.1
north sydney cakes,https://numnumsbakery.com.au/cakes,0,2,0,90
north sydney dessert,https://numnumsbakery.com.au/,0,1,0,70
north sydney dessert,https://numnumsbakery.com.au/blog/best-dessert-shop-sydney,0,1,0,16
north turramurra bakery,https://numnumsbakery.com.au/,0,2,0,60.5
north west cake,https://numnumsbakery.com.au/blog/multicultural-celebration-cake-sydney,0,1,0,11
northern bakery,https://numnumsbakery.com.au/,0,2,0,34
northern beaches cakes,https://numnumsbakery.com.au/,0,1,0,76
northmead bakery,https://numnumsbakery.com.au/,0,1,0,9
northmead cake shop,https://numnumsbakery.com.au/blog/eggless-cakes-northmead,0,3,0,7
northmead cakes,https://numnumsbakery.com.au/blog/eggless-cakes-northmead,0,1,0,7
northwest bakery,https://numnumsbakery.com.au/,0,1,0,7
northwest bakery,https://numnumsbakery.com.au/about,0,1,0,4
northwest bakery,https://numnumsbakery.com.au/blog/best-dessert-shop-sydney,0,1,0,9
northwest bakery,https://numnumsbakery.com.au/blog/eggless-cake-bakery-harris-park-riverstone-sydney,0,2,0,9
nos bakehouse,https://numnumsbakery.com.au/,0,1,0,78
nos bakery,https://numnumsbakery.com.au/,0,4,0,42.8
nosh cake,https://numnumsbakery.com.au/,0,1,0,22
not an option bakery,https://numnumsbakery.com.au/blog/best-dessert-shop-sydney,0,2,0,10.5
not an option bakery,https://numnumsbakery.com.au/blog/eggless-cake-bakery-harris-park-riverstone-sydney,0,3,0,10.3
not an option bakery,https://numnumsbakery.com.au/blog/eggless-cake-for-vegetarians-sydney,0,1,0,10
not bakery,https://numnumsbakery.com.au/blog/eggless-cakes-chester-hill,0,2,0,11
not wrapped,https://numnumsbakery.com.au/blog/eggless-cake-storage-freshness-guide,0,1,0,1
nova cake,https://numnumsbakery.com.au/cakes,0,2,0,25
novelty cake meaning,https://numnumsbakery.com.au/blog/novelty-sculpted-cake-designs-sydney,0,1,0,8
novelty cakes sydney,https://numnumsbakery.com.au/blog/novelty-sculpted-cake-designs-sydney,0,2,0,27
np carousel cake shop,https://numnumsbakery.com.au/,0,2,0,35
nrl birthday cakes,https://numnumsbakery.com.au/,0,1,0,3
nu m,https://numnumsbakery.com.au/,0,1,0,15
num,https://numnumsbakery.com.au/,0,163,0,6.1
num bakery,https://numnumsbakery.com.au/,0,6,0,14
num bakery,https://numnumsbakery.com.au/about,0,2,0,8.5
num bakery,https://numnumsbakery.com.au/blog/eggless-cake-storage-freshness-guide,0,2,0,8.5
num bakery,https://numnumsbakery.com.au/blog/eggless-cakes-eastwood,0,1,0,29
num gourmet desserts,https://numnumsbakery.com.au/,0,2,0,47.5
num moms,https://numnumsbakery.com.au/,0,1,0,11
num mums,https://numnumsbakery.com.au/,0,3,0,5.7
num nam,https://numnumsbakery.com.au/,0,1,0,4
num no.s,https://numnumsbakery.com.au/,0,11,0,6.3
num noms cake,https://numnumsbakery.com.au/,0,31,0,16.5
num noms cake,https://numnumsbakery.com.au/cakes,0,14,0,31.2
num noms cake,https://numnumsbakery.com.au/order,0,6,0,27.2
num nu,https://numnumsbakery.com.au/,0,2,0,6
num num,https://numnumsbakery.com.au/about,0,1,0,1
num num,https://numnumsbakery.com.au/cakes,0,5,0,1.2
num num,https://numnumsbakery.com.au/order,0,2,0,9.5
num num bakery,https://numnumsbakery.com.au/blog,0,20,0,2.8
num num bakery,https://numnumsbakery.com.au/blog/afternoon-tea-cakes-sydney,0,2,0,1.5
num num bakery,https://numnumsbakery.com.au/blog/autumn-cake-sydney,0,1,0,2
num num bakery,https://numnumsbakery.com.au/blog/best-cake-sydney,0,8,0,1.9
num num bakery,https://numnumsbakery.com.au/blog/best-dessert-shop-sydney,0,21,0,2.2
num num bakery,https://numnumsbakery.com.au/blog/best-eggless-cake-shops-sydney-2026,0,12,0,2
num num bakery,https://numnumsbakery.com.au/blog/birthday-cake-for-men-sydney,0,1,0,4
num num bakery,https://numnumsbakery.com.au/blog/birthday-cake-near-me-sydney-suburbs,0,41,0,2.0
num num bakery,https://numnumsbakery.com.au/blog/cake-consultation-sydney,0,1,0,2
num num bakery,https://numnumsbakery.com.au/blog/cake-flavour-guide-sydney,0,33,0,1.8
num num bakery,https://numnumsbakery.com.au/blog/cake-price-guide-sydney,0,33,0,1.9
num num bakery,https://numnumsbakery.com.au/blog/cake-shop-western-sydney,0,12,0,2.1
num num bakery,https://numnumsbakery.com.au/blog/eggless-cake-bakery-harris-park-riverstone-sydney,0,411,0,1.9
num num bakery,https://numnumsbakery.com.au/blog/eggless-cake-delivery-sydney,0,43,0,1.9
num num bakery,https://numnumsbakery.com.au/blog/eggless-cake-for-seniors-sydney,0,3,0,2
num num bakery,https://numnumsbakery.com.au/blog/eggless-cake-for-vegetarians-sydney,0,14,0,1.9
num num bakery,https://numnumsbakery.com.au/blog/eggless-cake-gifting-guide-sydney,0,3,0,2
num num bakery,https://numnumsbakery.com.au/blog/eggless-cake-ingredients-sydney,0,1,0,2
num num bakery,https://numnumsbakery.com.au/blog/eggless-cake-nut-free-sydney,0,4,0,1.8
num num bakery,https://numnumsbakery.com.au/blog/eggless-cake-ordering-mistakes,0,1,0,2
num num bakery,https://numnumsbakery.com.au/blog/eggless-cake-school-celebration-sydney,0,1,0,2
num num bakery,https://numnumsbakery.com.au/blog/eggless-cakes-auburn,0,22,0,2.2
num num bakery,https://numnumsbakery.com.au/blog/eggless-cakes-beecroft,0,2,0,2.5
num num bakery,https://numnumsbakery.com.au/blog/eggless-cakes-berala.html,0,2,0,2
num num bakery,https://numnumsbakery.com.au/blog/eggless-cakes-berkshire-park,0,3,0,2
num num bakery,https://numnumsbakery.com.au/blog/eggless-cakes-birrong,0,9,0,2
num num bakery,https://numnumsbakery.com.au/blog/eggless-cakes-bligh-park,0,6,0,2
num num bakery,https://numnumsbakery.com.au/blog/eggless-cakes-bonnyrigg,0,14,0,2.1
num num bakery,https://numnumsbakery.com.au/blog/eggless-cakes-bossley-park,0,9,0,2.1
num num bakery,https://numnumsbakery.com.au/blog/eggless-cakes-cabramatta,0,15,0,1.9
num num bakery,https://numnumsbakery.com.au/blog/eggless-cakes-carlingford,0,1,0,2
num num bakery,https://numnumsbakery.com.au/blog/eggless-cakes-cattai,0,5,0,2.2
num num bakery,https://numnumsbakery.com.au/blog/eggless-cakes-cherrybrook,0,2,0,2
num num bakery,https://numnumsbakery.com.au/blog/eggless-cakes-chester-hill,0,3,0,2
num num bakery,https://numnumsbakery.com.au/blog/eggless-cakes-constitution-hill,0,9,0,2.6
num num bakery,https://numnumsbakery.com.au/blog/eggless-cakes-dean-park,0,197,0,1.9
num num bakery,https://numnumsbakery.com.au/blog/eggless-cakes-denistone,0,2,0,2
num num bakery,https://numnumsbakery.com.au/blog/eggless-cakes-dussehra-sydney,0,1,0,6
num num bakery,https://numnumsbakery.com.au/blog/eggless-cakes-glendenning,0,8,0,1.9
num num bakery,https://numnumsbakery.com.au/blog/eggless-cakes-glenorie,0,1,0,2
num num bakery,https://numnumsbakery.com.au/blog/eggless-cakes-greystanes,0,2,0,2
num num bakery,https://numnumsbakery.com.au/blog/eggless-cakes-harris-park,0,11,0,1.9
num num bakery,https://numnumsbakery.com.au/blog/eggless-cakes-hassall-grove,0,25,0,1.8
num num bakery,https://numnumsbakery.com.au/blog/eggless-cakes-hebersham,0,28,0,2.0
num num bakery,https://numnumsbakery.com.au/blog/eggless-cakes-homebush,0,4,0,1.8
num num bakery,https://numnumsbakery.com.au/blog/eggless-cakes-kenthurst,0,9,0,2.6
num num bakery,https://numnumsbakery.com.au/blog/eggless-cakes-lalor-park,0,29,0,1.9
num num bakery,https://numnumsbakery.com.au/blog/eggless-cakes-lidcombe,0,3,0,1.7
num num bakery,https://numnumsbakery.com.au/blog/eggless-cakes-maraylya,0,5,0,2
num num bakery,https://numnumsbakery.com.au/blog/eggless-cakes-marsfield,0,28,0,2.0
num num bakery,https://numnumsbakery.com.au/blog/eggless-cakes-meadowbank,0,2,0,2
num num bakery,https://numnumsbakery.com.au/blog/eggless-cakes-melrose-park,0,1,0,2
num num bakery,https://numnumsbakery.com.au/blog/eggless-cakes-merrylands-west,0,9,0,1.8
num num bakery,https://numnumsbakery.com.au/blog/eggless-cakes-minchinbury,0,25,0,2.0
num num bakery,https://numnumsbakery.com.au/blog/eggless-cakes-mount-druitt,0,23,0,2.0
num num bakery,https://numnumsbakery.com.au/blog/eggless-cakes-newington,0,41,0,1.9
num num bakery,https://numnumsbakery.com.au/blog/eggless-cakes-north-kellyville,0,12,0,2
num num bakery,https://numnumsbakery.com.au/blog/eggless-cakes-north-richmond,0,2,0,1.5
num num bakery,https://numnumsbakery.com.au/blog/eggless-cakes-northmead,0,4,0,3.8
num num bakery,https://numnumsbakery.com.au/blog/eggless-cakes-oakhurst,0,8,0,2
num num bakery,https://numnumsbakery.com.au/blog/eggless-cakes-old-guildford,0,3,0,2
num num bakery,https://numnumsbakery.com.au/blog/eggless-cakes-old-toongabbie,0,9,0,2
num num bakery,https://numnumsbakery.com.au/blog/eggless-cakes-pennant-hills,0,8,0,2
num num bakery,https://numnumsbakery.com.au/blog/eggless-cakes-pitt-town,0,25,0,2
num num bakery,https://numnumsbakery.com.au/blog/eggless-cakes-plumpton,0,4,0,2
num num bakery,https://numnumsbakery.com.au/blog/eggless-cakes-prairiewood,0,3,0,2.3
num num bakery,https://numnumsbakery.com.au/blog/eggless-cakes-prospect,0,8,0,2
num num bakery,https://numnumsbakery.com.au/blog/eggless-cakes-quakers-hill,0,2,0,2
num num bakery,https://numnumsbakery.com.au/blog/eggless-cakes-riverstone,0,4,0,7.8
num num bakery,https://numnumsbakery.com.au/blog/eggless-cakes-rooty-hill,0,7,0,1.9
num num bakery,https://numnumsbakery.com.au/blog/eggless-cakes-ryde,0,21,0,1.9
num num bakery,https://numnumsbakery.com.au/blog/eggless-cakes-sefton,0,2,0,2
num num bakery,https://numnumsbakery.com.au/blog/eggless-cakes-shanes-park,0,40,0,1.9
num num bakery,https://numnumsbakery.com.au/blog/eggless-cakes-silverwater,0,3,0,2
num num bakery,https://numnumsbakery.com.au/blog/eggless-cakes-sinhala-tamil-new-year-sydney,0,1,0,2
num num bakery,https://numnumsbakery.com.au/blog/eggless-cakes-south-granville.html,0,6,0,2
num num bakery,https://numnumsbakery.com.au/blog/eggless-cakes-south-windsor,0,2,0,2
num num bakery,https://numnumsbakery.com.au/blog/eggless-cakes-strathfield,0,5,0,1.8
num num bakery,https://numnumsbakery.com.au/blog/eggless-cakes-sweet-16-sydney,0,2,0,2
num num bakery,https://numnumsbakery.com.au/blog/eggless-cakes-sydney-olympic-park,0,109,0,1.9
num num bakery,https://numnumsbakery.com.au/blog/eggless-cakes-wentworth-point,0,3,0,1.7
num num bakery,https://numnumsbakery.com.au/blog/eggless-cakes-west-pennant-hills,0,4,0,2
num num bakery,https://numnumsbakery.com.au/blog/eggless-cakes-west-ryde,0,5,0,2
num num bakery,https://numnumsbakery.com.au/blog/eggless-cakes-wetherill-park,0,1,0,2
num num bakery,https://numnumsbakery.com.au/blog/eggless-cakes-wilberforce,0,1,0,2
num num bakery,https://numnumsbakery.com.au/blog/eggless-cakes-willmot,0,1,0,2
num num bakery,https://numnumsbakery.com.au/blog/eggless-cakes-winston-hills,0,5,0,2
num num bakery,https://numnumsbakery.com.au/blog/eggless-cakes-yagoona,0,8,0,1.9
num num bakery,https://numnumsbakery.com.au/blog/eggless-cakes-yennora,0,8,0,1.8
num num bakery,https://numnumsbakery.com.au/blog/first-birthday-cake-sydney,0,2,0,2
num num bakery,https://numnumsbakery.com.au/blog/how-to-design-birthday-cake-sydney,0,2,0,2
num num bakery,https://numnumsbakery.com.au/blog/how-to-order-cake-sydney,0,2,0,2
num num bakery,https://numnumsbakery.com.au/blog/hsc-results-day-cake-sydney,0,4,0,2
num num bakery,https://numnumsbakery.com.au/blog/luxury-cake-sydney,0,2,0,2
num num bakery,https://numnumsbakery.com.au/blog/novelty-sculpted-cake-designs-sydney,0,10,0,2
num num bakery,https://numnumsbakery.com.au/blog/photo-cake-sydney,0,3,0,2
num num bakery,https://numnumsbakery.com.au/blog/push-present-cake-sydney,0,1,0,2
num num bakery,https://numnumsbakery.com.au/blog/summer-cake-sydney,0,1,0,2
num num bakery,https://numnumsbakery.com.au/blog/unique-birthday-cake-ideas-sydney,0,12,0,1.9
num num bakery,https://numnumsbakery.com.au/indian-sweet,0,34,0,1.9
num num bakery harris park,https://numnumsbakery.com.au/blog,0,32,0,1.9
num num bakery harris park,https://numnumsbakery.com.au/blog/best-dessert-shop-sydney,0,12,0,2
num num bakery harris park,https://numnumsbakery.com.au/blog/best-eggless-cake-shops-sydney-2026,0,2,0,2
num num bakery harris park,https://numnumsbakery.com.au/blog/birthday-cake-near-me-sydney-suburbs,0,4,0,2
num num bakery harris park,https://numnumsbakery.com.au/blog/eggless-cake-bakery-harris-park-riverstone-sydney,0,122,0,2.1
num num bakery harris park,https://numnumsbakery.com.au/blog/eggless-cake-delivery-sydney,0,3,0,2
num num bakery harris park,https://numnumsbakery.com.au/blog/eggless-cake-for-vegetarians-sydney,0,4,0,2
num num bakery harris park,https://numnumsbakery.com.au/blog/eggless-cakes-auburn,0,3,0,2
num num bakery harris park,https://numnumsbakery.com.au/blog/eggless-cakes-birrong,0,9,0,2
num num bakery harris park,https://numnumsbakery.com.au/blog/eggless-cakes-bonnyrigg,0,5,0,2
num num bakery harris park,https://numnumsbakery.com.au/blog/eggless-cakes-bossley-park,0,7,0,2
num num bakery harris park,https://numnumsbakery.com.au/blog/eggless-cakes-chester-hill,0,1,0,2
num num bakery harris park,https://numnumsbakery.com.au/blog/eggless-cakes-constitution-hill,0,3,0,2
num num bakery harris park,https://numnumsbakery.com.au/blog/eggless-cakes-dean-park,0,7,0,2
num num bakery harris park,https://numnumsbakery.com.au/blog/eggless-cakes-denistone,0,2,0,2
num num bakery harris park,https://numnumsbakery.com.au/blog/eggless-cakes-dundas,0,4,0,2
num num bakery harris park,https://numnumsbakery.com.au/blog/eggless-cakes-eastwood,0,1,0,2
num num bakery harris park,https://numnumsbakery.com.au/blog/eggless-cakes-girraween,0,1,0,2
num num bakery harris park,https://numnumsbakery.com.au/blog/eggless-cakes-greystanes,0,1,0,2
num num bakery harris park,https://numnumsbakery.com.au/blog/eggless-cakes-harris-park,0,1,0,7
num num bakery harris park,https://numnumsbakery.com.au/blog/eggless-cakes-homebush,0,1,0,2
num num bakery harris park,https://numnumsbakery.com.au/blog/eggless-cakes-lidcombe,0,1,0,2
num num bakery harris park,https://numnumsbakery.com.au/blog/eggless-cakes-marsfield,0,17,0,2
num num bakery harris park,https://numnumsbakery.com.au/blog/eggless-cakes-merrylands-west,0,2,0,2
num num bakery harris park,https://numnumsbakery.com.au/blog/eggless-cakes-newington,0,6,0,2
num num bakery harris park,https://numnumsbakery.com.au/blog/eggless-cakes-northmead,0,2,0,2
num num bakery harris park,https://numnumsbakery.com.au/blog/eggless-cakes-old-guildford,0,1,0,2
num num bakery harris park,https://numnumsbakery.com.au/blog/eggless-cakes-old-toongabbie,0,2,0,2
num num bakery harris park,https://numnumsbakery.com.au/blog/eggless-cakes-pennant-hills,0,4,0,2
num num bakery harris park,https://numnumsbakery.com.au/blog/eggless-cakes-prairiewood,0,18,0,2
num num bakery harris park,https://numnumsbakery.com.au/blog/eggless-cakes-prospect,0,3,0,2
num num bakery harris park,https://numnumsbakery.com.au/blog/eggless-cakes-ryde,0,11,0,2
num num bakery harris park,https://numnumsbakery.com.au/blog/eggless-cakes-sefton,0,8,0,2
num num bakery harris park,https://numnumsbakery.com.au/blog/eggless-cakes-silverwater,0,2,0,2
num num bakery harris park,https://numnumsbakery.com.au/blog/eggless-cakes-south-granville.html,0,2,0,7.5
num num bakery harris park,https://numnumsbakery.com.au/blog/eggless-cakes-sydney-olympic-park,0,20,0,2.5
num num bakery harris park,https://numnumsbakery.com.au/blog/eggless-cakes-telopea,0,2,0,2
num num bakery harris park,https://numnumsbakery.com.au/blog/eggless-cakes-villawood,0,5,0,2
num num bakery harris park,https://numnumsbakery.com.au/blog/eggless-cakes-west-ryde,0,2,0,2
num num bakery harris park,https://numnumsbakery.com.au/blog/eggless-cakes-wetherill-park,0,3,0,2
num num bakery harris park,https://numnumsbakery.com.au/blog/eggless-cakes-winston-hills,0,1,0,2
num num bakery harris park,https://numnumsbakery.com.au/blog/eggless-cakes-yagoona,0,5,0,2
num num bakery harris park,https://numnumsbakery.com.au/blog/eggless-cakes-yennora,0,3,0,2
num num bakery harris park,https://numnumsbakery.com.au/blog/first-birthday-cake-sydney,0,1,0,2
num num bakery harris park,https://numnumsbakery.com.au/blog/kids-birthday-cake-sydney,0,1,0,2
num num bakery harris park,https://numnumsbakery.com.au/cakes,0,63,0,2.0
num num bakery harris park,https://numnumsbakery.com.au/indian-sweet,0,2,0,2
num num bakery riverstone,https://numnumsbakery.com.au/about,0,2,0,6.5
num num bakery riverstone,https://numnumsbakery.com.au/blog,0,3,0,9
num num bakery riverstone,https://numnumsbakery.com.au/blog/best-dessert-shop-sydney,0,10,0,9
num num bakery riverstone,https://numnumsbakery.com.au/blog/best-eggless-cake-shops-sydney-2026,0,2,0,9.5
num num bakery riverstone,https://numnumsbakery.com.au/blog/eggless-cake-bakery-harris-park-riverstone-sydney,0,159,0,2.8
num num bakery riverstone,https://numnumsbakery.com.au/blog/eggless-cakes-dean-park,0,24,0,4.8
num num bakery riverstone,https://numnumsbakery.com.au/blog/eggless-cakes-grantham-farm,0,2,0,23
num num bakery riverstone,https://numnumsbakery.com.au/blog/eggless-cakes-lalor-park,0,5,0,2
num num bakery riverstone,https://numnumsbakery.com.au/blog/eggless-cakes-minchinbury,0,2,0,2
num num bakery riverstone,https://numnumsbakery.com.au/blog/eggless-cakes-pitt-town,0,7,0,9
num num bakery riverstone,https://numnumsbakery.com.au/blog/eggless-cakes-quakers-hill,0,2,0,7
num num bakery riverstone,https://numnumsbakery.com.au/blog/eggless-cakes-schofields,0,29,0,1.8
num num bakery riverstone,https://numnumsbakery.com.au/blog/eggless-cakes-shanes-park,0,12,0,1.9
num num bakery riverstone,https://numnumsbakery.com.au/indian-sweet,0,1,0,54
num num bakery wentworthville,https://numnumsbakery.com.au/about,0,61,0,9.3
num num bakery wentworthville,https://numnumsbakery.com.au/blog,0,95,0,7.5
num num bakery wentworthville,https://numnumsbakery.com.au/blog/birthday-cake-near-me-sydney-suburbs,0,4,0,7.2
num num bakery wentworthville,https://numnumsbakery.com.au/blog/cake-delivery-areas-sydney,0,2,0,8.5
num num bakery wentworthville,https://numnumsbakery.com.au/blog/cake-shop-western-sydney,0,1,0,6
num num bakery wentworthville,https://numnumsbakery.com.au/blog/eggless-cakes-constitution-hill,0,7,0,7.7
num num bakery wentworthville,https://numnumsbakery.com.au/blog/eggless-cakes-dean-park,0,4,0,13.5
num num bakery wentworthville,https://numnumsbakery.com.au/blog/eggless-cakes-doonside,0,1,0,11
num num bakery wentworthville,https://numnumsbakery.com.au/blog/eggless-cakes-dundas-valley.html,0,2,0,11
num num bakery wentworthville,https://numnumsbakery.com.au/blog/eggless-cakes-greystanes,0,1,0,8
num num bakery wentworthville,https://numnumsbakery.com.au/blog/eggless-cakes-harris-park,0,1,0,10
num num bakery wentworthville,https://numnumsbakery.com.au/blog/eggless-cakes-mays-hill,0,7,0,7.6
num num bakery wentworthville,https://numnumsbakery.com.au/blog/eggless-cakes-minchinbury,0,1,0,11
num num bakery wentworthville,https://numnumsbakery.com.au/blog/eggless-cakes-northmead,0,4,0,10
num num bakery wentworthville,https://numnumsbakery.com.au/blog/eggless-cakes-wentworth-point,0,5,0,6.8
num num bakery wentworthville,https://numnumsbakery.com.au/cakes,0,3,0,27
num num bakery wentworthville,https://numnumsbakery.com.au/indian-sweet,0,11,0,12.1
num num bakery wentworthville,https://numnumsbakery.com.au/order,0,70,0,9.2
num num bakery wentworthville,https://numnumsbakery.com.au/services/,0,1,0,22
num num cake,https://numnumsbakery.com.au/,0,48,0,9.4
num num cake,https://numnumsbakery.com.au/blog/eggless-cake-reviews-sydney,0,1,0,2
num num cake,https://numnumsbakery.com.au/cakes,0,3,0,1.3
num num cake,https://numnumsbakery.com.au/order,0,2,0,1
num num cake wentworthville,https://numnumsbakery.com.au/,0,69,0,4.4
num num cake wentworthville,https://numnumsbakery.com.au/blog,0,6,0,7.7
num num cake wentworthville,https://numnumsbakery.com.au/blog/eggless-cakes-constitution-hill,0,3,0,7
num num cake wentworthville,https://numnumsbakery.com.au/order,0,30,0,9.6
num num cakes,https://numnumsbakery.com.au/blog/autumn-cake-sydney,0,5,0,2
num num cakes,https://numnumsbakery.com.au/blog/best-cake-sydney,0,20,0,1.9
num num cakes,https://numnumsbakery.com.au/blog/best-dessert-shop-sydney,0,5,0,2.4
num num cakes,https://numnumsbakery.com.au/blog/birthday-cake-for-men-sydney,0,1,0,2
num num cakes,https://numnumsbakery.com.au/blog/birthday-cake-near-me-sydney-suburbs,0,1,0,2
num num cakes,https://numnumsbakery.com.au/blog/cake-consultation-sydney,0,2,0,2
num num cakes,https://numnumsbakery.com.au/blog/cake-flavour-guide-sydney,0,1,0,2
num num cakes,https://numnumsbakery.com.au/blog/cake-price-guide-sydney,0,5,0,2
num num cakes,https://numnumsbakery.com.au/blog/eggless-cake-bakery-harris-park-riverstone-sydney,0,9,0,2
num num cakes,https://numnumsbakery.com.au/blog/eggless-cake-delivery-sydney,0,4,0,2
num num cakes,https://numnumsbakery.com.au/blog/eggless-cake-for-vegetarians-sydney,0,2,0,2
num num cakes,https://numnumsbakery.com.au/blog/eggless-cake-lower-sugar-options-sydney,0,2,0,2
num num cakes,https://numnumsbakery.com.au/blog/eggless-cake-nut-free-sydney,0,4,0,2
num num cakes,https://numnumsbakery.com.au/blog/eggless-cake-reviews-sydney,0,3,0,2
num num cakes,https://numnumsbakery.com.au/blog/eggless-cake-vs-tart-sydney,0,2,0,2
num num cakes,https://numnumsbakery.com.au/blog/eggless-cakes-anniversary-sydney,0,3,0,2
num num cakes,https://numnumsbakery.com.au/blog/eggless-cakes-cabramatta,0,2,0,2
num num cakes,https://numnumsbakery.com.au/blog/eggless-cakes-chester-hill,0,1,0,2
num num cakes,https://numnumsbakery.com.au/blog/eggless-cakes-filipino-debut-sydney,0,1,0,2
num num cakes,https://numnumsbakery.com.au/blog/eggless-cakes-hassall-grove,0,1,0,2
num num cakes,https://numnumsbakery.com.au/blog/eggless-cakes-hebersham,0,1,0,2
num num cakes,https://numnumsbakery.com.au/blog/eggless-cakes-homebush,0,1,0,2
num num cakes,https://numnumsbakery.com.au/blog/eggless-cakes-lalor-park,0,1,0,2
num num cakes,https://numnumsbakery.com.au/blog/eggless-cakes-lidcombe,0,1,0,2
num num cakes,https://numnumsbakery.com.au/blog/eggless-cakes-minchinbury,0,1,0,2
num num cakes,https://numnumsbakery.com.au/blog/eggless-cakes-mount-druitt,0,1,0,2
num num cakes,https://numnumsbakery.com.au/blog/eggless-cakes-newington,0,1,0,2
num num cakes,https://numnumsbakery.com.au/blog/eggless-cakes-north-kellyville,0,1,0,2
num num cakes,https://numnumsbakery.com.au/blog/eggless-cakes-old-guildford,0,1,0,2
num num cakes,https://numnumsbakery.com.au/blog/eggless-cakes-pennant-hills,0,1,0,2
num num cakes,https://numnumsbakery.com.au/blog/eggless-cakes-rooty-hill,0,1,0,2
num num cakes,https://numnumsbakery.com.au/blog/eggless-cakes-schofields,0,13,0,1.8
num num cakes,https://numnumsbakery.com.au/blog/eggless-cakes-west-pennant-hills,0,1,0,2
num num cakes,https://numnumsbakery.com.au/blog/eggless-cakes-yagoona,0,1,0,2
num num cakes,https://numnumsbakery.com.au/blog/first-birthday-cake-sydney,0,6,0,2
num num cakes,https://numnumsbakery.com.au/blog/novelty-sculpted-cake-designs-sydney,0,1,0,2
num num cakes,https://numnumsbakery.com.au/blog/photo-cake-sydney,0,8,0,2
num num cakes,https://numnumsbakery.com.au/blog/push-present-cake-sydney,0,1,0,2
num num cakes,https://numnumsbakery.com.au/blog/reunion-cake-sydney,0,1,0,2
num num cakes,https://numnumsbakery.com.au/blog/summer-cake-sydney,0,3,0,2
num num cakes,https://numnumsbakery.com.au/blog/unique-birthday-cake-ideas-sydney,0,5,0,2
num num dessert studio,https://numnumsbakery.com.au/,0,3,0,37
num num harris park,https://numnumsbakery.com.au/blog,0,14,0,2
num num harris park,https://numnumsbakery.com.au/blog/best-dessert-shop-sydney,0,1,0,2
num num harris park,https://numnumsbakery.com.au/blog/cake-shop-western-sydney,0,2,0,2
num num harris park,https://numnumsbakery.com.au/blog/eggless-cake-bakery-harris-park-riverstone-sydney,0,65,0,2.0
num num harris park,https://numnumsbakery.com.au/blog/eggless-cakes-birrong,0,21,0,2
num num harris park,https://numnumsbakery.com.au/blog/eggless-cakes-cabramatta,0,1,0,7
num num harris park,https://numnumsbakery.com.au/blog/eggless-cakes-constitution-hill,0,1,0,2
num num harris park,https://numnumsbakery.com.au/blog/eggless-cakes-dundas,0,13,0,2
num num harris park,https://numnumsbakery.com.au/blog/eggless-cakes-eastwood,0,4,0,2
num num harris park,https://numnumsbakery.com.au/blog/eggless-cakes-merrylands-west,0,11,0,2
num num harris park,https://numnumsbakery.com.au/blog/eggless-cakes-newington,0,4,0,2
num num harris park,https://numnumsbakery.com.au/blog/eggless-cakes-northmead,0,2,0,2
num num harris park,https://numnumsbakery.com.au/blog/eggless-cakes-old-guildford,0,1,0,2
num num harris park,https://numnumsbakery.com.au/blog/eggless-cakes-sefton,0,4,0,2
num num harris park,https://numnumsbakery.com.au/blog/eggless-cakes-silverwater,0,1,0,2
num num harris park,https://numnumsbakery.com.au/blog/eggless-cakes-sydney-olympic-park,0,1,0,12
num num harris park,https://numnumsbakery.com.au/blog/eggless-cakes-villawood,0,15,0,2
num num harris park,https://numnumsbakery.com.au/blog/eggless-cakes-yagoona,0,4,0,2
num num harris park,https://numnumsbakery.com.au/blog/eggless-cakes-yennora,0,1,0,2
num num harris park,https://numnumsbakery.com.au/cakes,0,17,0,2
num num harris park,https://numnumsbakery.com.au/indian-sweet,0,2,0,2
num num hunger bees,https://numnumsbakery.com.au/,0,5,0,9
num num menu,https://numnumsbakery.com.au/blog/best-dessert-shop-sydney,0,1,0,3
num num menu,https://numnumsbakery.com.au/indian-sweet,0,1,0,9
num num near me,https://numnumsbakery.com.au/blog/best-dessert-shop-sydney,0,1,0,6
num num near me,https://numnumsbakery.com.au/blog/eggless-cake-bakery-harris-park-riverstone-sydney,0,2,0,8
num num near me,https://numnumsbakery.com.au/blog/eggless-cakes-winston-hills,0,1,0,6
num num num num num,https://numnumsbakery.com.au/,0,1,0,10
num num num num num num num,https://numnumsbakery.com.au/,0,1,0,10
num num nums,https://numnumsbakery.com.au/,0,1,0,9
num num riverstone,https://numnumsbakery.com.au/about,0,3,0,2
num num riverstone,https://numnumsbakery.com.au/blog,0,5,0,10.2
num num riverstone,https://numnumsbakery.com.au/blog/best-dessert-shop-sydney,0,4,0,8.5
num num riverstone,https://numnumsbakery.com.au/blog/cake-shop-western-sydney,0,2,0,2
num num riverstone,https://numnumsbakery.com.au/blog/eggless-cake-bakery-harris-park-riverstone-sydney,0,97,0,3.8
num num riverstone,https://numnumsbakery.com.au/blog/eggless-cakes-dean-park,0,45,0,3.2
num num riverstone,https://numnumsbakery.com.au/blog/eggless-cakes-doonside,0,2,0,2
num num riverstone,https://numnumsbakery.com.au/blog/eggless-cakes-kings-park,0,3,0,2
num num riverstone,https://numnumsbakery.com.au/blog/eggless-cakes-lalor-park,0,5,0,5
num num riverstone,https://numnumsbakery.com.au/blog/eggless-cakes-mount-druitt,0,1,0,2
num num riverstone,https://numnumsbakery.com.au/blog/eggless-cakes-north-kellyville,0,2,0,2
num num riverstone,https://numnumsbakery.com.au/blog/eggless-cakes-riverstone,0,42,0,2.0
num num riverstone,https://numnumsbakery.com.au/blog/eggless-cakes-schofields,0,22,0,2.2
num num riverstone,https://numnumsbakery.com.au/blog/eggless-cakes-shanes-park,0,2,0,2
num num riverstone,https://numnumsbakery.com.au/blog/eggless-cakes-south-windsor,0,1,0,10
num num riverstone,https://numnumsbakery.com.au/blog/eggless-cakes-woodcroft,0,2,0,2
num num riverstone,https://numnumsbakery.com.au/indian-sweet,0,1,0,2
num num riverstone,https://numnumsbakery.com.au/order,0,59,0,3.7
num num street,https://numnumsbakery.com.au/about,0,1,0,24
num num sweets,https://numnumsbakery.com.au/,0,6,0,5.7
num num sweets,https://numnumsbakery.com.au/indian-sweet,0,1,0,7
num num wentworthville,https://numnumsbakery.com.au/,0,48,0,6.9
num num wentworthville,https://numnumsbakery.com.au/blog,0,4,0,11.2
num num wentworthville,https://numnumsbakery.com.au/indian-sweet,0,3,0,47.7
num num wentworthville,https://numnumsbakery.com.au/order,0,2,0,32.5
num numbs,https://numnumsbakery.com.au/,0,1,0,6
num nums,https://numnumsbakery.com.au/cakes,0,6,0,1.3
num nums,https://numnumsbakery.com.au/order,0,1,0,7
num nums bakery,https://numnumsbakery.com.au/about,0,99,0,2.6
num nums bakery,https://numnumsbakery.com.au/blog,0,7,0,3.3
num nums bakery,https://numnumsbakery.com.au/blog/best-cake-sydney,0,1,0,2
num nums bakery,https://numnumsbakery.com.au/blog/best-dessert-shop-sydney,0,4,0,8.5
num nums bakery,https://numnumsbakery.com.au/blog/birthday-cake-near-me-sydney-suburbs,0,11,0,2.3
num nums bakery,https://numnumsbakery.com.au/blog/eggless-cake-bakery-harris-park-riverstone-sydney,0,58,0,4.8
num nums bakery,https://numnumsbakery.com.au/blog/eggless-cake-for-vegetarians-sydney,0,5,0,11.2
num nums bakery,https://numnumsbakery.com.au/blog/eggless-cake-reviews-sydney,0,1,0,2
num nums bakery,https://numnumsbakery.com.au/blog/eggless-cake-vs-tart-sydney,0,1,0,2
num nums bakery,https://numnumsbakery.com.au/blog/eggless-cakes-anniversary-sydney,0,2,0,10.5
num nums bakery,https://numnumsbakery.com.au/blog/eggless-cakes-auburn,0,2,0,9
num nums bakery,https://numnumsbakery.com.au/blog/eggless-cakes-berala.html,0,5,0,8.4
num nums bakery,https://numnumsbakery.com.au/blog/eggless-cakes-dean-park,0,23,0,2.3
num nums bakery,https://numnumsbakery.com.au/blog/eggless-cakes-doonside,0,1,0,2
num nums bakery,https://numnumsbakery.com.au/blog/eggless-cakes-epping,0,1,0,2
num nums bakery,https://numnumsbakery.com.au/blog/eggless-cakes-greystanes,0,5,0,7.6
num nums bakery,https://numnumsbakery.com.au/blog/eggless-cakes-hassall-grove,0,1,0,2
num nums bakery,https://numnumsbakery.com.au/blog/eggless-cakes-lalor-park,0,2,0,2
num nums bakery,https://numnumsbakery.com.au/blog/eggless-cakes-merrylands-west,0,2,0,2
num nums bakery,https://numnumsbakery.com.au/blog/eggless-cakes-north-kellyville,0,1,0,2
num nums bakery,https://numnumsbakery.com.au/blog/eggless-cakes-northmead,0,1,0,10
num nums bakery,https://numnumsbakery.com.au/blog/eggless-cakes-old-guildford,0,2,0,2
num nums bakery,https://numnumsbakery.com.au/blog/eggless-cakes-old-toongabbie,0,2,0,9
num nums bakery,https://numnumsbakery.com.au/blog/eggless-cakes-pitt-town,0,2,0,2
num nums bakery,https://numnumsbakery.com.au/blog/eggless-cakes-prairiewood,0,2,0,2
num nums bakery,https://numnumsbakery.com.au/blog/eggless-cakes-prospect,0,1,0,11
num nums bakery,https://numnumsbakery.com.au/blog/eggless-cakes-quakers-hill,0,2,0,6
num nums bakery,https://numnumsbakery.com.au/blog/eggless-cakes-riverstone,0,1,0,8
num nums bakery,https://numnumsbakery.com.au/blog/eggless-cakes-schofields,0,42,0,3.4
num nums bakery,https://numnumsbakery.com.au/blog/eggless-cakes-sydney-olympic-park,0,13,0,2
num nums bakery,https://numnumsbakery.com.au/blog/eggless-cakes-telopea.html,0,1,0,16
num nums bakery,https://numnumsbakery.com.au/blog/eggless-cakes-villawood,0,3,0,2
num nums bakery,https://numnumsbakery.com.au/blog/eggless-cakes-winston-hills,0,3,0,9
num nums bakery,https://numnumsbakery.com.au/blog/how-to-order-cake-sydney,0,2,0,2
num nums bakery,https://numnumsbakery.com.au/cakes,0,184,0,1.9
num nums bakery,https://numnumsbakery.com.au/portfolio/baby-shower-cake/,0,1,0,82
num nums bakery,https://numnumsbakery.com.au/portfolio/berry-cupcaces/,0,1,0,79
num nums bakery,https://numnumsbakery.com.au/portfolio/tiramisu-cake/,0,1,0,84
num nums bakery,https://numnumsbakery.com.au/portfolio/vanilla-cake/,0,1,0,75
num nums bakery harris park,https://numnumsbakery.com.au/about,0,49,0,1.9
num nums bakery harris park,https://numnumsbakery.com.au/blog,0,27,0,2
num nums bakery harris park,https://numnumsbakery.com.au/blog/best-dessert-shop-sydney,0,4,0,2
num nums bakery harris park,https://numnumsbakery.com.au/blog/birthday-cake-near-me-sydney-suburbs,0,1,0,2
num nums bakery harris park,https://numnumsbakery.com.au/blog/eggless-cake-bakery-harris-park-riverstone-sydney,0,72,0,2.0
num nums bakery harris park,https://numnumsbakery.com.au/blog/eggless-cakes-birrong,0,3,0,2
num nums bakery harris park,https://numnumsbakery.com.au/blog/eggless-cakes-bossley-park,0,3,0,2
num nums bakery harris park,https://numnumsbakery.com.au/blog/eggless-cakes-eastwood,0,3,0,2
num nums bakery harris park,https://numnumsbakery.com.au/blog/eggless-cakes-marsfield,0,4,0,2
num nums bakery harris park,https://numnumsbakery.com.au/blog/eggless-cakes-merrylands-west,0,2,0,2
num nums bakery harris park,https://numnumsbakery.com.au/blog/eggless-cakes-newington,0,5,0,1.8
num nums bakery harris park,https://numnumsbakery.com.au/blog/eggless-cakes-pennant-hills,0,1,0,2
num nums bakery harris park,https://numnumsbakery.com.au/blog/eggless-cakes-prairiewood,0,3,0,2
num nums bakery harris park,https://numnumsbakery.com.au/blog/eggless-cakes-ryde,0,2,0,2
num nums bakery harris park,https://numnumsbakery.com.au/blog/eggless-cakes-schofields,0,1,0,2
num nums bakery harris park,https://numnumsbakery.com.au/blog/eggless-cakes-sefton,0,1,0,2
num nums bakery harris park,https://numnumsbakery.com.au/blog/eggless-cakes-silverwater,0,1,0,1
num nums bakery harris park,https://numnumsbakery.com.au/blog/eggless-cakes-sydney-olympic-park,0,6,0,1.8
num nums bakery harris park,https://numnumsbakery.com.au/blog/eggless-cakes-telopea,0,11,0,2
num nums bakery harris park,https://numnumsbakery.com.au/blog/eggless-cakes-villawood,0,3,0,2
num nums bakery harris park,https://numnumsbakery.com.au/blog/eggless-cakes-west-ryde,0,1,0,2
num nums bakery harris park,https://numnumsbakery.com.au/blog/eggless-cakes-wetherill-park,0,2,0,2
num nums bakery harris park,https://numnumsbakery.com.au/blog/eggless-cakes-yennora,0,2,0,2
num nums bakery harris park,https://numnumsbakery.com.au/blog/summer-cake-sydney,0,1,0,2
num nums bakery harris park,https://numnumsbakery.com.au/cakes,0,29,0,2.0
num nums bakery menu,https://numnumsbakery.com.au/about,0,2,0,32.5
num nums bakery menu,https://numnumsbakery.com.au/blog,0,34,0,10.5
num nums bakery menu,https://numnumsbakery.com.au/blog/best-dessert-shop-sydney,0,12,0,9.3
num nums bakery menu,https://numnumsbakery.com.au/blog/best-eggless-cake-shops-sydney-2026,0,2,0,8
num nums bakery menu,https://numnumsbakery.com.au/blog/eggless-cake-bakery-harris-park-riverstone-sydney,0,20,0,9.4
num nums bakery menu,https://numnumsbakery.com.au/blog/eggless-cake-delivery-sydney,0,1,0,11
num nums bakery menu,https://numnumsbakery.com.au/blog/eggless-cake-for-seniors-sydney,0,2,0,9.5
num nums bakery menu,https://numnumsbakery.com.au/blog/eggless-cake-indian-flavours,0,2,0,11
num nums bakery menu,https://numnumsbakery.com.au/blog/eggless-cakes-anniversary-sydney,0,1,0,10
num nums bakery menu,https://numnumsbakery.com.au/blog/eggless-cakes-auburn,0,4,0,9.5
num nums bakery menu,https://numnumsbakery.com.au/blog/eggless-cakes-bossley-park,0,3,0,10.7
num nums bakery menu,https://numnumsbakery.com.au/blog/eggless-cakes-chester-hill,0,1,0,8
num nums bakery menu,https://numnumsbakery.com.au/blog/eggless-cakes-constitution-hill,0,5,0,7.8
num nums bakery menu,https://numnumsbakery.com.au/blog/eggless-cakes-dean-park,0,9,0,9.9
num nums bakery menu,https://numnumsbakery.com.au/blog/eggless-cakes-dundas,0,4,0,10.5
num nums bakery menu,https://numnumsbakery.com.au/blog/eggless-cakes-dundas-valley.html,0,3,0,8.3
num nums bakery menu,https://numnumsbakery.com.au/blog/eggless-cakes-dussehra-sydney,0,2,0,11
num nums bakery menu,https://numnumsbakery.com.au/blog/eggless-cakes-guildford,0,1,0,7
num nums bakery menu,https://numnumsbakery.com.au/blog/eggless-cakes-homebush,0,1,0,12
num nums bakery menu,https://numnumsbakery.com.au/blog/eggless-cakes-marsfield,0,2,0,7.5
num nums bakery menu,https://numnumsbakery.com.au/blog/eggless-cakes-melrose-park,0,2,0,6
num nums bakery menu,https://numnumsbakery.com.au/blog/eggless-cakes-merrylands-west,0,7,0,6.6
num nums bakery menu,https://numnumsbakery.com.au/blog/eggless-cakes-newington,0,6,0,8.5
num nums bakery menu,https://numnumsbakery.com.au/blog/eggless-cakes-northmead,0,3,0,11.3
num nums bakery menu,https://numnumsbakery.com.au/blog/eggless-cakes-prairiewood,0,6,0,7
num nums bakery menu,https://numnumsbakery.com.au/blog/eggless-cakes-prospect,0,5,0,7.6
num nums bakery menu,https://numnumsbakery.com.au/blog/eggless-cakes-ryde,0,2,0,8
num nums bakery menu,https://numnumsbakery.com.au/blog/eggless-cakes-silverwater,0,4,0,11
num nums bakery menu,https://numnumsbakery.com.au/blog/eggless-cakes-sweet-16-sydney,0,1,0,7
num nums bakery menu,https://numnumsbakery.com.au/blog/eggless-cakes-sydney-olympic-park,0,8,0,8
num nums bakery menu,https://numnumsbakery.com.au/blog/eggless-cakes-telopea,0,1,0,8
num nums bakery menu,https://numnumsbakery.com.au/blog/eggless-cakes-villawood,0,6,0,9.2
num nums bakery menu,https://numnumsbakery.com.au/blog/eggless-cakes-winston-hills,0,3,0,7.3
num nums bakery menu,https://numnumsbakery.com.au/blog/eggless-cakes-yagoona,0,1,0,9
num nums bakery menu,https://numnumsbakery.com.au/cakes,0,9,0,7.7
num nums bakery menu,https://numnumsbakery.com.au/indian-sweet,0,2,0,20
num nums bakery menu,https://numnumsbakery.com.au/order,0,30,0,8.4
num nums bakery photos,https://numnumsbakery.com.au/about,0,30,0,10.1
num nums bakery photos,https://numnumsbakery.com.au/blog,0,38,0,8.7
num nums bakery photos,https://numnumsbakery.com.au/blog/autumn-cake-sydney,0,2,0,9.5
num nums bakery photos,https://numnumsbakery.com.au/blog/best-dessert-shop-sydney,0,2,0,9.5
num nums bakery photos,https://numnumsbakery.com.au/blog/cake-flavour-guide-sydney,0,1,0,27
num nums bakery photos,https://numnumsbakery.com.au/blog/eggless-cake-bakery-harris-park-riverstone-sydney,0,1,0,16
num nums bakery photos,https://numnumsbakery.com.au/blog/eggless-cakes-auburn,0,6,0,7.7
num nums bakery photos,https://numnumsbakery.com.au/blog/eggless-cakes-birrong,0,1,0,9
num nums bakery photos,https://numnumsbakery.com.au/blog/eggless-cakes-constitution-hill,0,3,0,6
num nums bakery photos,https://numnumsbakery.com.au/blog/eggless-cakes-dean-park,0,4,0,10
num nums bakery photos,https://numnumsbakery.com.au/blog/eggless-cakes-dundas-valley.html,0,1,0,8
num nums bakery photos,https://numnumsbakery.com.au/blog/eggless-cakes-dussehra-sydney,0,1,0,7
num nums bakery photos,https://numnumsbakery.com.au/blog/eggless-cakes-greystanes,0,1,0,7
num nums bakery photos,https://numnumsbakery.com.au/blog/eggless-cakes-harris-park,0,1,0,8
num nums bakery photos,https://numnumsbakery.com.au/blog/eggless-cakes-homebush,0,1,0,9
num nums bakery photos,https://numnumsbakery.com.au/blog/eggless-cakes-newington,0,1,0,10
num nums bakery photos,https://numnumsbakery.com.au/blog/eggless-cakes-prospect,0,2,0,7
num nums bakery photos,https://numnumsbakery.com.au/blog/eggless-cakes-riverstone,0,2,0,11
num nums bakery photos,https://numnumsbakery.com.au/blog/eggless-cakes-south-granville.html,0,1,0,11
num nums bakery photos,https://numnumsbakery.com.au/blog/eggless-cakes-sweet-16-sydney,0,1,0,11
num nums bakery photos,https://numnumsbakery.com.au/blog/eggless-cakes-telopea,0,2,0,5.5
num nums bakery photos,https://numnumsbakery.com.au/blog/eggless-cakes-winston-hills,0,2,0,5
num nums bakery photos,https://numnumsbakery.com.au/blog/novelty-sculpted-cake-designs-sydney,0,2,0,6
num nums bakery photos,https://numnumsbakery.com.au/blog/photo-cake-sydney,0,5,0,6
num nums bakery photos,https://numnumsbakery.com.au/cakes,0,5,0,11.2
num nums bakery photos,https://numnumsbakery.com.au/indian-sweet,0,2,0,32
num nums bakery photos,https://numnumsbakery.com.au/order,0,26,0,7.9
num nums bakery reviews,https://numnumsbakery.com.au/about,0,1,0,10
num nums bakery reviews,https://numnumsbakery.com.au/blog/best-dessert-shop-sydney,0,3,0,11.3
num nums bakery reviews,https://numnumsbakery.com.au/blog/eggless-cake-bakery-harris-park-riverstone-sydney,0,7,0,10.6
num nums bakery reviews,https://numnumsbakery.com.au/blog/eggless-cake-reviews-sydney,0,42,0,9.0
num nums bakery reviews,https://numnumsbakery.com.au/order,0,32,0,9.2
num nums bakery riverstone,https://numnumsbakery.com.au/about,0,1,0,9
num nums bakery riverstone,https://numnumsbakery.com.au/blog/eggless-cake-bakery-harris-park-riverstone-sydney,0,30,0,3.4
num nums bakery riverstone,https://numnumsbakery.com.au/blog/eggless-cake-for-vegetarians-sydney,0,1,0,11
num nums bakery riverstone,https://numnumsbakery.com.au/blog/eggless-cakes-dean-park,0,35,0,2.6
num nums bakery riverstone,https://numnumsbakery.com.au/blog/eggless-cakes-glendenning,0,1,0,9
num nums bakery riverstone,https://numnumsbakery.com.au/blog/eggless-cakes-grantham-farm,0,2,0,10.5
num nums bakery riverstone,https://numnumsbakery.com.au/blog/eggless-cakes-minchinbury,0,4,0,2.8
num nums bakery riverstone,https://numnumsbakery.com.au/blog/eggless-cakes-pitt-town,0,3,0,8.7
num nums bakery riverstone,https://numnumsbakery.com.au/blog/eggless-cakes-riverstone,0,37,0,2.0
num nums bakery riverstone,https://numnumsbakery.com.au/blog/eggless-cakes-schofields,0,11,0,2.5
num nums bakery riverstone,https://numnumsbakery.com.au/blog/eggless-cakes-shanes-park,0,2,0,2
num nums bakery riverstone,https://numnumsbakery.com.au/blog/eggless-cakes-south-windsor,0,1,0,10
num nums bakery riverstone,https://numnumsbakery.com.au/blog/eggless-cakes-woodcroft,0,3,0,3.7
num nums bakery riverstone,https://numnumsbakery.com.au/cakes,0,65,0,2.3
num nums bakery riverstone,https://numnumsbakery.com.au/order,0,33,0,2.7
num nums bakery riverstone menu,https://numnumsbakery.com.au/about,0,1,0,12
num nums bakery riverstone menu,https://numnumsbakery.com.au/blog/best-cake-sydney,0,2,0,9.5
num nums bakery riverstone menu,https://numnumsbakery.com.au/blog/eggless-cake-bakery-harris-park-riverstone-sydney,0,50,0,8.9
num nums bakery riverstone menu,https://numnumsbakery.com.au/blog/eggless-cake-for-pregnancy-sydney,0,3,0,11.3
num nums bakery riverstone menu,https://numnumsbakery.com.au/blog/eggless-cake-for-vegetarians-sydney,0,13,0,10.1
num nums bakery riverstone menu,https://numnumsbakery.com.au/blog/eggless-cake-lower-sugar-options-sydney,0,1,0,12
num nums bakery riverstone menu,https://numnumsbakery.com.au/blog/eggless-cakes-annangrove,0,1,0,11
num nums bakery riverstone menu,https://numnumsbakery.com.au/blog/eggless-cakes-cattai,0,3,0,8.3
num nums bakery riverstone menu,https://numnumsbakery.com.au/blog/eggless-cakes-doonside,0,4,0,7
num nums bakery riverstone menu,https://numnumsbakery.com.au/blog/eggless-cakes-dussehra-sydney,0,3,0,10.7
num nums bakery riverstone menu,https://numnumsbakery.com.au/blog/eggless-cakes-first-communion-sydney,0,1,0,12
num nums bakery riverstone menu,https://numnumsbakery.com.au/blog/eggless-cakes-glendenning,0,6,0,10
num nums bakery riverstone menu,https://numnumsbakery.com.au/blog/eggless-cakes-grantham-farm,0,3,0,11.3
num nums bakery riverstone menu,https://numnumsbakery.com.au/blog/eggless-cakes-hebersham,0,2,0,10
num nums bakery riverstone menu,https://numnumsbakery.com.au/blog/eggless-cakes-kenthurst,0,4,0,8.5
num nums bakery riverstone menu,https://numnumsbakery.com.au/blog/eggless-cakes-kings-park,0,1,0,7
num nums bakery riverstone menu,https://numnumsbakery.com.au/blog/eggless-cakes-mcgraths-hill,0,14,0,9.6
num nums bakery riverstone menu,https://numnumsbakery.com.au/blog/eggless-cakes-minchinbury,0,12,0,6.8
num nums bakery riverstone menu,https://numnumsbakery.com.au/blog/eggless-cakes-mount-druitt,0,2,0,10
num nums bakery riverstone menu,https://numnumsbakery.com.au/blog/eggless-cakes-oakhurst,0,6,0,9
num nums bakery riverstone menu,https://numnumsbakery.com.au/blog/eggless-cakes-pitt-town,0,1,0,12
num nums bakery riverstone menu,https://numnumsbakery.com.au/blog/eggless-cakes-plumpton,0,1,0,10
num nums bakery riverstone menu,https://numnumsbakery.com.au/blog/eggless-cakes-rooty-hill,0,4,0,4.8
num nums bakery riverstone menu,https://numnumsbakery.com.au/blog/eggless-cakes-schofields,0,10,0,10.4
num nums bakery riverstone menu,https://numnumsbakery.com.au/blog/eggless-cakes-shanes-park,0,2,0,8.5
num nums bakery riverstone menu,https://numnumsbakery.com.au/blog/eggless-cakes-woodcroft,0,13,0,4.5
num nums bakery riverstone menu,https://numnumsbakery.com.au/blog/multicultural-celebration-cake-sydney,0,2,0,11
num nums bakery riverstone menu,https://numnumsbakery.com.au/blog/unique-birthday-cake-ideas-sydney,0,2,0,11
num nums bakery riverstone menu,https://numnumsbakery.com.au/cakes,0,17,0,2.5
num nums bakery riverstone menu,https://numnumsbakery.com.au/indian-sweet,0,25,0,8.5
num nums bakery riverstone menu,https://numnumsbakery.com.au/order,0,11,0,10.3
num nums barry,https://numnumsbakery.com.au/,0,1,0,26
num nums food,https://numnumsbakery.com.au/,0,4,0,14.2
num nums hunger bees,https://numnumsbakery.com.au/,0,28,0,7.5
num nums hunger bees,https://numnumsbakery.com.au/about,0,5,0,60.2
num nums hunger bees,https://numnumsbakery.com.au/blog,0,5,0,57.4
num nums hunger bees,https://numnumsbakery.com.au/blog/best-dessert-shop-sydney,0,1,0,78
num nums hunger bees,https://numnumsbakery.com.au/blog/eggless-cake-bakery-harris-park-riverstone-sydney,0,3,0,75.7
num nums hunger bees,https://numnumsbakery.com.au/blog/eggless-cakes-dean-park,0,1,0,65
num nums hunger bees,https://numnumsbakery.com.au/cakes,0,7,0,66.7
num nums hunger bees,https://numnumsbakery.com.au/indian-sweet,0,4,0,71.2
num nums hunger bees,https://numnumsbakery.com.au/order,0,7,0,19
num nums hunger bees,https://numnumsbakery.com.au/services/,0,2,0,56
num nums hunger bees menu,https://numnumsbakery.com.au/,0,12,0,8.2
num nums kik,https://numnumsbakery.com.au/,0,2,0,4
num nums sweet shop,https://numnumsbakery.com.au/,0,1,0,8
num nums sweet shop,https://numnumsbakery.com.au/order,0,1,0,30
num nums website,https://numnumsbakery.com.au/,0,4,0,4.8
num yums,https://numnumsbakery.com.au/,0,4,0,9
num yums,https://numnumsbakery.com.au/order,0,1,0,7
num-num,https://numnumsbakery.com.au/,0,2,0,4.5
num-nums,https://numnumsbakery.com.au/,0,1,0,4
num-nums-bakery-test.netlify.app,https://numnumsbakery.com.au/,0,2,0,1
num.noms,https://numnumsbakery.com.au/,0,1,0,6
num.num,https://numnumsbakery.com.au/,0,2,0,2.5
num.nums,https://numnumsbakery.com.au/,0,3,0,7.3
number birthday cakes near me,https://numnumsbakery.com.au/,0,1,0,61
number cake near me,https://numnumsbakery.com.au/,0,3,0,35.7
number cake prices near me,https://numnumsbakery.com.au/,0,1,0,37
number cake sydney,https://numnumsbakery.com.au/,0,85,0,64.1
number cake sydney,https://numnumsbakery.com.au/blog/how-to-order-cake-sydney,0,1,0,44
number cake sydney,https://numnumsbakery.com.au/blog/photo-cake-sydney,0,2,0,4.5
number cake sydney,https://numnumsbakery.com.au/cakes,0,26,0,77.0
number cake sydney,https://numnumsbakery.com.au/order,0,9,0,90.4
number cakes,https://numnumsbakery.com.au/,0,1,0,27
number cakes near me,https://numnumsbakery.com.au/,0,2,0,70
number cakes prices,https://numnumsbakery.com.au/order,0,1,0,70
number cakes sydney,https://numnumsbakery.com.au/,0,88,0,76.1
number cakes sydney,https://numnumsbakery.com.au/blog/cake-shop-western-sydney,0,1,0,59
number cakes sydney,https://numnumsbakery.com.au/blog/first-birthday-cake-sydney,0,11,0,9.4
number cakes sydney,https://numnumsbakery.com.au/blog/how-to-order-cake-sydney,0,1,0,50
number cakes sydney,https://numnumsbakery.com.au/blog/photo-cake-sydney,0,1,0,5
number cakes sydney,https://numnumsbakery.com.au/cakes,0,69,0,72.4
number cakes sydney,https://numnumsbakery.com.au/order,0,2,0,58
number cakes to order,https://numnumsbakery.com.au/blog/how-to-order-cake-sydney,0,1,0,44
number cupcakes near me,https://numnumsbakery.com.au/,0,1,0,34
number one cakes,https://numnumsbakery.com.au/blog/first-birthday-cake-sydney,0,1,0,7
numlocation,https://numnumsbakery.com.au/blog/eggless-cakes-parramatta,0,1,0,2
numm,https://numnumsbakery.com.au/,0,1,0,12
numm numm,https://numnumsbakery.com.au/,0,2,0,7
nummies,https://numnumsbakery.com.au/,0,1,0,2
nummus,https://numnumsbakery.com.au/,0,2,0,9
nummus,https://numnumsbakery.com.au/cakes,0,1,0,5
numnum,https://numnumsbakery.com.au/,0,24,0,3.2
numnum,https://numnumsbakery.com.au/blog/best-dessert-shop-sydney,0,1,0,1
numnum bakery,https://numnumsbakery.com.au/about,0,97,0,1.7
numnum bakery,https://numnumsbakery.com.au/blog/best-cake-sydney,0,1,0,1
numnum bakery,https://numnumsbakery.com.au/blog/best-dessert-shop-sydney,0,2,0,3.5
numnum bakery,https://numnumsbakery.com.au/blog/best-eggless-cake-shops-sydney-2026,0,3,0,1.7
numnum bakery,https://numnumsbakery.com.au/blog/birthday-cake-near-me-sydney-suburbs,0,13,0,1.8
numnum bakery,https://numnumsbakery.com.au/blog/eggless-cake-bakery-harris-park-riverstone-sydney,0,20,0,1.8
numnum bakery,https://numnumsbakery.com.au/blog/eggless-cake-gifting-guide-sydney,0,1,0,12
numnum bakery,https://numnumsbakery.com.au/blog/eggless-cakes-bossley-park,0,2,0,3.5
numnum bakery,https://numnumsbakery.com.au/blog/eggless-cakes-cabramatta,0,1,0,2
numnum bakery,https://numnumsbakery.com.au/blog/eggless-cakes-dean-park,0,7,0,1.7
numnum bakery,https://numnumsbakery.com.au/blog/eggless-cakes-doonside,0,1,0,1
numnum bakery,https://numnumsbakery.com.au/blog/eggless-cakes-hassall-grove,0,1,0,1
numnum bakery,https://numnumsbakery.com.au/blog/eggless-cakes-kenthurst,0,2,0,2.5
numnum bakery,https://numnumsbakery.com.au/blog/eggless-cakes-marsfield,0,1,0,1
numnum bakery,https://numnumsbakery.com.au/blog/eggless-cakes-north-kellyville,0,1,0,1
numnum bakery,https://numnumsbakery.com.au/blog/eggless-cakes-northmead,0,1,0,2
numnum bakery,https://numnumsbakery.com.au/blog/eggless-cakes-pitt-town,0,2,0,1.5
numnum bakery,https://numnumsbakery.com.au/blog/eggless-cakes-riverstone,0,3,0,2.7
numnum bakery,https://numnumsbakery.com.au/blog/eggless-cakes-ryde,0,1,0,1
numnum bakery,https://numnumsbakery.com.au/blog/eggless-cakes-schofields,0,26,0,1.7
numnum bakery,https://numnumsbakery.com.au/blog/eggless-cakes-winston-hills,0,2,0,2.5
numnum bakery,https://numnumsbakery.com.au/indian-sweet,0,5,0,2
numnum cake,https://numnumsbakery.com.au/cakes,0,5,0,1.8
numnum cake,https://numnumsbakery.com.au/order,0,5,0,2
numnums,https://numnumsbakery.com.au/cakes,0,3,0,1
numnums,https://numnumsbakery.com.au/order,0,2,0,11
numnums bakery,https://numnumsbakery.com.au/about,0,9,0,10.3
numnums bakery,https://numnumsbakery.com.au/blog,0,1,0,63
numnums bakery,https://numnumsbakery.com.au/blog/best-dessert-shop-sydney,0,1,0,55
numnums bakery,https://numnumsbakery.com.au/blog/eggless-cake-bakery-harris-park-riverstone-sydney,0,45,0,9.3
numnums bakery,https://numnumsbakery.com.au/blog/eggless-cakes-greystanes,0,1,0,78
numnums bakery,https://numnumsbakery.com.au/blog/eggless-cakes-kenthurst,0,1,0,3
numnums bakery,https://numnumsbakery.com.au/blog/eggless-cakes-schofields,0,1,0,75
numnums bakery,https://numnumsbakery.com.au/blog/eggless-cakes-south-granville.html,0,1,0,15
numnums bakery,https://numnumsbakery.com.au/blog/eggless-cakes-telopea.html,0,1,0,74
numnums bakery,https://numnumsbakery.com.au/cakes,0,55,0,2.8
numnums bakery,https://numnumsbakery.com.au/indian-sweet,0,1,0,82
numnums bakery,https://numnumsbakery.com.au/portfolio/vanilla-cake/,0,1,0,80
nums,https://numnumsbakery.com.au/,0,85,0,5.9
nums,https://numnumsbakery.com.au/order,0,1,0,75
nums nums,https://numnumsbakery.com.au/,0,37,0,8.6
nums nums bakery,https://numnumsbakery.com.au/about,0,13,0,2.5
nums nums bakery,https://numnumsbakery.com.au/blog/best-dessert-shop-sydney,0,2,0,9
nums nums bakery,https://numnumsbakery.com.au/blog/cake-consultation-sydney,0,1,0,2
nums nums bakery,https://numnumsbakery.com.au/blog/cake-price-guide-sydney,0,1,0,2
nums nums bakery,https://numnumsbakery.com.au/blog/eggless-cake-bakery-harris-park-riverstone-sydney,0,6,0,6.3
nums nums bakery,https://numnumsbakery.com.au/blog/eggless-cake-for-seniors-sydney,0,1,0,10
nums nums bakery,https://numnumsbakery.com.au/blog/eggless-cakes-dean-park,0,1,0,11
nums nums bakery,https://numnumsbakery.com.au/blog/eggless-cakes-doonside,0,1,0,8
nums nums bakery,https://numnumsbakery.com.au/blog/eggless-cakes-hassall-grove,0,1,0,9
nums nums bakery,https://numnumsbakery.com.au/blog/eggless-cakes-schofields,0,1,0,7
nums nums bakery,https://numnumsbakery.com.au/blog/eggless-cakes-shanes-park,0,1,0,11
nums nums bakery,https://numnumsbakery.com.au/cakes,0,6,0,2.3
numu,https://numnumsbakery.com.au/,0,2,0,3
numus,https://numnumsbakery.com.au/,0,4,0,44.8
nun nums,https://numnumsbakery.com.au/,0,4,0,7.5
nunu cakes,https://numnumsbakery.com.au/,0,2,0,5.5
nunu cakes,https://numnumsbakery.com.au/cakes,0,1,0,3
nut bakery,https://numnumsbakery.com.au/blog/eggless-cake-nut-free-sydney,0,1,0,6
nut free bakery,https://numnumsbakery.com.au/blog/eggless-cake-nut-free-sydney,0,1,0,5
nut free birthday cake,https://numnumsbakery.com.au/blog/eggless-cake-nut-free-sydney,0,1,0,7
nut free birthday cake,https://numnumsbakery.com.au/blog/kids-birthday-cake-sydney,0,1,0,25
nut free birthday cakes,https://numnumsbakery.com.au/blog/eggless-cake-nut-free-sydney,0,1,0,9
nut free birthday cakes near me,https://numnumsbakery.com.au/,0,2,0,38
nut free cake,https://numnumsbakery.com.au/blog/eggless-cake-nut-free-sydney,0,25,0,8.5
nut free cake,https://numnumsbakery.com.au/cakes,0,1,0,10
nut free cake bakery near me,https://numnumsbakery.com.au/,0,1,0,50
nut free cake near me,https://numnumsbakery.com.au/,0,2,0,49
nut free cakes,https://numnumsbakery.com.au/,0,2,0,83.5
nut free cakes,https://numnumsbakery.com.au/blog/eggless-cake-nut-free-sydney,0,35,0,10.4
nut free cakes castle hill,https://numnumsbakery.com.au/,0,5,0,66.4
nut free cakes castle hill,https://numnumsbakery.com.au/blog/best-eggless-cake-shops-sydney-2026,0,1,0,9
nut free cakes castle hill,https://numnumsbakery.com.au/blog/eggless-cake-nut-free-sydney,0,2,0,19.5
nut free cakes cherrybrook,https://numnumsbakery.com.au/,0,21,0,81.5
nut free cakes cherrybrook,https://numnumsbakery.com.au/blog/eggless-cakes-cherrybrook,0,8,0,5.6
nut free cakes mount druitt,https://numnumsbakery.com.au/blog/eggless-cake-nut-free-sydney,0,5,0,14.4
nut free cakes mount druitt,https://numnumsbakery.com.au/blog/eggless-cakes-minchinbury,0,1,0,12
nut free cakes near me,https://numnumsbakery.com.au/,0,3,0,22.7
nut free cakes parramatta,https://numnumsbakery.com.au/,0,13,0,65.2
nut free cakes parramatta,https://numnumsbakery.com.au/blog/best-eggless-cake-shops-sydney-2026,0,1,0,39
nut free cakes parramatta,https://numnumsbakery.com.au/blog/eggless-cake-bakery-harris-park-riverstone-sydney,0,8,0,44.1
nut free cakes parramatta,https://numnumsbakery.com.au/blog/eggless-cakes-near-me-sydney,0,5,0,62.4
nut free cakes sydney,https://numnumsbakery.com.au/,0,3,0,67.3
nut free cakes sydney,https://numnumsbakery.com.au/blog/best-eggless-cake-shops-sydney-2026,0,88,0,21.2
nut free cakes sydney,https://numnumsbakery.com.au/blog/eggless-cake-for-vegetarians-sydney,0,3,0,56
nut free cakes sydney,https://numnumsbakery.com.au/blog/eggless-cake-nut-free-sydney,0,50,0,12.4
nut free cakes sydney,https://numnumsbakery.com.au/blog/eggless-cakes-northwest-sydney,0,1,0,4
nut free cookies near me,https://numnumsbakery.com.au/,0,1,0,65
nut free cupcakes,https://numnumsbakery.com.au/,0,1,0,14
nut free cupcakes for school,https://numnumsbakery.com.au/,0,1,0,8
nut free cupcakes near me,https://numnumsbakery.com.au/,0,1,0,46
nut free dessert near me,https://numnumsbakery.com.au/blog/eggless-cake-nut-free-sydney,0,1,0,8
nut free facility,https://numnumsbakery.com.au/blog/eggless-cake-nut-free-sydney,0,1,0,7
nut free ice cream cake near me,https://numnumsbakery.com.au/,0,1,0,61
nut free pastries,https://numnumsbakery.com.au/blog/eggless-cake-nut-free-sydney,0,1,0,14
nut-free bakery near me,https://numnumsbakery.com.au/blog/eggless-cake-nut-free-sydney,0,1,0,7
nutjob bakery,https://numnumsbakery.com.au/,0,2,0,26
nuts free cake,https://numnumsbakery.com.au/blog/eggless-cake-nut-free-sydney,0,3,0,7
oatley cake shop,https://numnumsbakery.com.au/,0,2,0,49
occasion cakes,https://numnumsbakery.com.au/blog/multicultural-celebration-cake-sydney,0,2,0,50.5
office cake delivery sydney,https://numnumsbakery.com.au/blog/eggless-cake-office-birthday-sydney,0,36,0,29.9
office cakes,https://numnumsbakery.com.au/blog/eggless-cake-office-birthday-sydney,0,4,0,7
office cakes sydney,https://numnumsbakery.com.au/blog/corporate-cake-sydney,0,63,0,12.9
office cakes sydney,https://numnumsbakery.com.au/blog/eggless-cake-office-birthday-sydney,0,44,0,30.9
ohoto cake,https://numnumsbakery.com.au/blog/photo-cake-sydney,0,1,0,6
olive oil cake near me,https://numnumsbakery.com.au/,0,1,0,56
olympic park postcode,https://numnumsbakery.com.au/blog/eggless-cakes-sydney-olympic-park,0,1,0,44
om nom bakery,https://numnumsbakery.com.au/,0,10,0,3.6
om sweets near me,https://numnumsbakery.com.au/indian-sweet,0,4,0,28
online bakery sydney,https://numnumsbakery.com.au/,0,2,0,66.5
online cake order near me,https://numnumsbakery.com.au/,0,1,0,11
online cake shops,https://numnumsbakery.com.au/,0,1,0,10
online cakes,https://numnumsbakery.com.au/,0,1,0,9
online eggless cake delivery near me,https://numnumsbakery.com.au/blog/best-eggless-cake-shops-sydney-2026,0,1,0,11
online eggless cake delivery near me,https://numnumsbakery.com.au/blog/eggless-cake-delivery-sydney,0,1,0,37
online food delivery near me,https://numnumsbakery.com.au/,0,1,0,45
online indian sweets delivery near me,https://numnumsbakery.com.au/indian-sweet,0,1,0,21
online mithai delivery,https://numnumsbakery.com.au/indian-sweet,0,2,0,36
online mithai shop,https://numnumsbakery.com.au/indian-sweet,0,1,0,14
onu cake,https://numnumsbakery.com.au/,0,1,0,40
open,https://numnumsbakery.com.au/,0,1,0,3
opera cake near me,https://numnumsbakery.com.au/,0,3,0,7
orange and poppy seed cake near me,https://numnumsbakery.com.au/,0,1,0,31
orange cake near me,https://numnumsbakery.com.au/,0,1,0,7
order a birthday cake near me,https://numnumsbakery.com.au/,0,1,0,8
order a cake with a picture on it,https://numnumsbakery.com.au/blog/photo-cake-sydney,0,2,0,8
order birthday cake near me,https://numnumsbakery.com.au/,0,2,0,24.5
order birthday cake sydney,https://numnumsbakery.com.au/blog/best-cake-sydney,0,1,0,10
order cake,https://numnumsbakery.com.au/blog/best-cake-sydney,0,2,0,92
order cake in sydney,https://numnumsbakery.com.au/,0,1,0,49
order cake online,https://numnumsbakery.com.au/cakes,0,1,0,1
order cake online with photo,https://numnumsbakery.com.au/blog/photo-cake-sydney,0,2,0,9.5
order cake with photo on it,https://numnumsbakery.com.au/blog/photo-cake-sydney,0,3,0,8.3
order cake with photo printed on it,https://numnumsbakery.com.au/blog/photo-cake-sydney,0,1,0,7
order cake with picture online,https://numnumsbakery.com.au/blog/photo-cake-sydney,0,1,0,9
order cakes,https://numnumsbakery.com.au/,0,1,0,5
order desert,https://numnumsbakery.com.au/blog/best-dessert-shop-sydney,0,1,0,8
order desserts,https://numnumsbakery.com.au/blog/best-dessert-shop-sydney,0,1,0,11
order eggless cake,https://numnumsbakery.com.au/,0,1,0,1
order eggless cake,https://numnumsbakery.com.au/blog/best-eggless-cake-shops-sydney-2026,0,6,0,8.2
order eggless cake,https://numnumsbakery.com.au/blog/eggless-cake-bakery-harris-park-riverstone-sydney,0,2,0,10.5
order eggless cake,https://numnumsbakery.com.au/blog/eggless-cake-for-vegetarians-sydney,0,1,0,7
order eggless cake,https://numnumsbakery.com.au/cakes,0,1,0,10
order eggless cake,https://numnumsbakery.com.au/order,0,1,0,5
order eggless cake near me,https://numnumsbakery.com.au/,0,1,0,46
order eggless cake near me,https://numnumsbakery.com.au/blog/best-eggless-cake-shops-sydney-2026,0,1,0,20
order eggless cake near me,https://numnumsbakery.com.au/blog/eggless-cake-bakery-harris-park-riverstone-sydney,0,2,0,5.5
order eggless cake near me,https://numnumsbakery.com.au/blog/eggless-cakes-winston-hills,0,1,0,9
order eggless cake online,https://numnumsbakery.com.au/blog/eggless-cake-bakery-harris-park-riverstone-sydney,0,1,0,4
order eggless cake online,https://numnumsbakery.com.au/order,0,2,0,4
order eggless cake online near me,https://numnumsbakery.com.au/,0,2,0,17.5
order eggless cake online near me,https://numnumsbakery.com.au/blog/eggless-cake-delivery-sydney,0,1,0,67
order mithai online,https://numnumsbakery.com.au/indian-sweet,0,1,0,23
order photo cake,https://numnumsbakery.com.au/blog/photo-cake-sydney,0,1,0,4
order photo cake online,https://numnumsbakery.com.au/blog/photo-cake-sydney,0,2,0,6.5
order picture cake online,https://numnumsbakery.com.au/blog/photo-cake-sydney,0,1,0,11
order strawberry cake,https://numnumsbakery.com.au/,0,1,0,1
oreo cake near me,https://numnumsbakery.com.au/,0,1,0,8
oreo cakes near me,https://numnumsbakery.com.au/cakes,0,1,0,18
organic birthday cakes,https://numnumsbakery.com.au/,0,1,0,62
organic cake shop near me,https://numnumsbakery.com.au/,0,6,0,45.8
organic cake shop sydney,https://numnumsbakery.com.au/blog/best-eggless-cake-shops-sydney-2026,0,1,0,34
organic neem cake in sydney,https://numnumsbakery.com.au/,0,188,0,58.8
organic neem cake in sydney,https://numnumsbakery.com.au/cakes,0,64,0,76.8
pac man donuts,https://numnumsbakery.com.au/,0,1,0,2
pain au chocolat near me,https://numnumsbakery.com.au/,0,1,0,10
pakistani sweets sydney,https://numnumsbakery.com.au/indian-sweet,0,6,0,25.8
pan near me,https://numnumsbakery.com.au/,0,2,0,7.5
pandan cake,https://numnumsbakery.com.au/,0,1,0,3
pandan cakes,https://numnumsbakery.com.au/,0,1,0,18
pandan chiffon cake,https://numnumsbakery.com.au/,0,1,0,7
pandan coconut cake near me,https://numnumsbakery.com.au/,0,1,0,30
pani puri near me,https://numnumsbakery.com.au/,0,1,0,56
parramatta bakeries,https://numnumsbakery.com.au/,0,6,0,19.3
parramatta bakery,https://numnumsbakery.com.au/,0,16,0,19.9
parramatta cake,https://numnumsbakery.com.au/,0,2,0,43.5
parramatta cake shop,https://numnumsbakery.com.au/,0,40,0,14.5
parramatta cake shops,https://numnumsbakery.com.au/,0,3,0,13.7
parramatta cakes,https://numnumsbakery.com.au/,0,11,0,19.5
parramatta dessert shop,https://numnumsbakery.com.au/blog/best-dessert-shop-sydney,0,3,0,11
parramatta pastry,https://numnumsbakery.com.au/,0,2,0,23.5
parramatta westfield cake shop,https://numnumsbakery.com.au/,0,1,0,26
pastisseria near me,https://numnumsbakery.com.au/,0,2,0,7
pastries,https://numnumsbakery.com.au/,0,1,0,7
pastries near me,https://numnumsbakery.com.au/,0,25,0,11.8
pastries near me,https://numnumsbakery.com.au/cakes,0,1,0,1
pastries parramatta,https://numnumsbakery.com.au/,0,1,0,57
pastry,https://numnumsbakery.com.au/,0,2,0,14.5
pastry bakery near me,https://numnumsbakery.com.au/,0,1,0,4
pastry bakery near me,https://numnumsbakery.com.au/cakes,0,1,0,4
pastry cake near me,https://numnumsbakery.com.au/,0,1,0,7
pastry catering,https://numnumsbakery.com.au/,0,1,0,7
pastry near by me,https://numnumsbakery.com.au/,0,1,0,9
pastry near me,https://numnumsbakery.com.au/,0,22,0,8.8
pastry near me,https://numnumsbakery.com.au/blog/birthday-cake-near-me-sydney-suburbs,0,1,0,12
pastry near me open now,https://numnumsbakery.com.au/,0,1,0,5
pastry places near me,https://numnumsbakery.com.au/,0,1,0,32
pastry shop,https://numnumsbakery.com.au/,0,1,0,10
pastry shop near me,https://numnumsbakery.com.au/cakes,0,3,0,4.3
pastry shop open near me,https://numnumsbakery.com.au/,0,1,0,6
pastry shops,https://numnumsbakery.com.au/,0,2,0,25.5
pastry shops near me,https://numnumsbakery.com.au/,0,1,0,7
pastry store near me,https://numnumsbakery.com.au/,0,1,0,9
pasty,https://numnumsbakery.com.au/,0,1,0,7
patisserie milton,https://numnumsbakery.com.au/,0,3,0,57.3
patisserie near me,https://numnumsbakery.com.au/,0,14,0,10.9
patisserie near me,https://numnumsbakery.com.au/blog/eggless-cakes-schofields,0,1,0,3
patisserie near me,https://numnumsbakery.com.au/cakes,0,1,0,4
patisserie north sydney,https://numnumsbakery.com.au/,0,3,0,67
patry near me,https://numnumsbakery.com.au/,0,1,0,1
peak bakery,https://numnumsbakery.com.au/blog/eggless-cake-bakery-harris-park-riverstone-sydney,0,1,0,12
peanut free cake,https://numnumsbakery.com.au/,0,1,0,3
peanut free cake,https://numnumsbakery.com.au/blog/eggless-cake-nut-free-sydney,0,1,0,3
peanuts bakery series,https://numnumsbakery.com.au/,0,1,0,10
peda near me,https://numnumsbakery.com.au/,0,1,0,12
peda near me,https://numnumsbakery.com.au/indian-sweet,0,3,0,5
peda shop near me,https://numnumsbakery.com.au/indian-sweet,0,1,0,4
pedha near me,https://numnumsbakery.com.au/indian-sweet,0,1,0,1
pennant hills cake delivery,https://numnumsbakery.com.au/blog/eggless-cakes-west-pennant-hills,0,1,0,11
per piece,https://numnumsbakery.com.au/indian-sweet,0,1,0,7
personalised cakes sydney,https://numnumsbakery.com.au/,0,1,0,6
personalised photo cake,https://numnumsbakery.com.au/blog/photo-cake-sydney,0,3,0,9.3
personalised picture cake,https://numnumsbakery.com.au/blog/photo-cake-sydney,0,1,0,4
personalized cake picture,https://numnumsbakery.com.au/blog/photo-cake-sydney,0,1,0,29
personalized photo cake,https://numnumsbakery.com.au/blog/photo-cake-sydney,0,1,0,8
phone shops near me,https://numnumsbakery.com.au/,0,1,0,58
photo ake,https://numnumsbakery.com.au/blog/photo-cake-sydney,0,1,0,7
photo birthday cake,https://numnumsbakery.com.au/blog/photo-cake-sydney,0,19,0,11.1
photo birthday cakes,https://numnumsbakery.com.au/blog/photo-cake-sydney,0,5,0,7.8
photo cake birthday,https://numnumsbakery.com.au/blog/photo-cake-sydney,0,2,0,8.5
photo cake delivery,https://numnumsbakery.com.au/blog/photo-cake-sydney,0,4,0,6.2
photo cake design,https://numnumsbakery.com.au/blog/photo-cake-sydney,0,2,0,9
photo cake designs,https://numnumsbakery.com.au/blog/photo-cake-sydney,0,1,0,16
photo cake designs for birthday,https://numnumsbakery.com.au/blog/photo-cake-sydney,0,1,0,1
photo cake images,https://numnumsbakery.com.au/blog/photo-cake-sydney,0,9,0,7.3
photo cake near me,https://numnumsbakery.com.au/blog/photo-cake-sydney,0,12,0,7.7
photo cake next day delivery,https://numnumsbakery.com.au/blog/photo-cake-sydney,0,1,0,9
photo cake online order,https://numnumsbakery.com.au/blog/photo-cake-sydney,0,1,0,6
photo cake order online,https://numnumsbakery.com.au/blog/photo-cake-sydney,0,1,0,4
photo cake price,https://numnumsbakery.com.au/blog/photo-cake-sydney,0,1,0,8
photo cake printer near me,https://numnumsbakery.com.au/blog/photo-cake-sydney,0,2,0,8.5
photo cake printing,https://numnumsbakery.com.au/blog/photo-cake-sydney,0,2,0,8
photo cake same day delivery,https://numnumsbakery.com.au/blog/photo-cake-sydney,0,3,0,10.3
photo cake sydney,https://numnumsbakery.com.au/,0,1,0,2
photo cakes,https://numnumsbakery.com.au/blog/photo-cake-sydney,0,30,0,6.7
photo cakes for birthday,https://numnumsbakery.com.au/blog/photo-cake-sydney,0,2,0,10.5
photo cakes near me,https://numnumsbakery.com.au/blog/photo-cake-sydney,0,25,0,8.8
photo cale,https://numnumsbakery.com.au/blog/photo-cake-sydney,0,2,0,8.5
photo cales,https://numnumsbakery.com.au/blog/photo-cake-sydney,0,2,0,5
photo came,https://numnumsbakery.com.au/blog/photo-cake-sydney,0,2,0,4.5
photo custom cake,https://numnumsbakery.com.au/blog/photo-cake-sydney,0,3,0,4.7
photo on a cake,https://numnumsbakery.com.au/blog/photo-cake-sydney,0,4,0,7.5
photo on cake,https://numnumsbakery.com.au/blog/photo-cake-sydney,0,20,0,11.2
photo on cake near me,https://numnumsbakery.com.au/blog/photo-cake-sydney,0,7,0,10.9
photo picture cake,https://numnumsbakery.com.au/blog/photo-cake-sydney,0,2,0,10
photo print cake,https://numnumsbakery.com.au/blog/photo-cake-sydney,0,237,0,11.5
photo print cake near me,https://numnumsbakery.com.au/blog/photo-cake-sydney,0,1,0,9
photo print cake price 1 kg,https://numnumsbakery.com.au/blog/photo-cake-sydney,0,1,0,1
photo print cake price half kg,https://numnumsbakery.com.au/blog/photo-cake-sydney,0,1,0,11
photo print cakes,https://numnumsbakery.com.au/blog/photo-cake-sydney,0,3,0,11
photo print on cake,https://numnumsbakery.com.au/blog/photo-cake-sydney,0,3,0,9.3
photo print on cake near me,https://numnumsbakery.com.au/blog/photo-cake-sydney,0,1,0,5
photo printed cake,https://numnumsbakery.com.au/blog/photo-cake-sydney,0,6,0,9.2
photo printed cake near me,https://numnumsbakery.com.au/blog/photo-cake-sydney,0,1,0,10
photo printed cake online,https://numnumsbakery.com.au/blog/photo-cake-sydney,0,1,0,9
photo printed cakes,https://numnumsbakery.com.au/blog/photo-cake-sydney,0,2,0,8.5
photo printed on cake,https://numnumsbakery.com.au/blog/photo-cake-sydney,0,6,0,8.7
photo printing on cake,https://numnumsbakery.com.au/blog/photo-cake-sydney,0,7,0,7.9
photo sheet cake near me,https://numnumsbakery.com.au/blog/photo-cake-sydney,0,5,0,7.6
photo sheet cakes,https://numnumsbakery.com.au/blog/photo-cake-sydney,0,1,0,6
photocake,https://numnumsbakery.com.au/blog/photo-cake-sydney,0,2,0,3
photocake near me,https://numnumsbakery.com.au/blog/photo-cake-sydney,0,4,0,8
photograph cake,https://numnumsbakery.com.au/blog/photo-cake-sydney,0,1,0,9
photograph on cake,https://numnumsbakery.com.au/blog/photo-cake-sydney,0,2,0,10
photos for cakes,https://numnumsbakery.com.au/blog/photo-cake-sydney,0,3,0,10
photos on cake,https://numnumsbakery.com.au/blog/photo-cake-sydney,0,1,0,11
photos on cakes,https://numnumsbakery.com.au/blog/photo-cake-sydney,0,13,0,11.2
photos on cakes near me,https://numnumsbakery.com.au/blog/photo-cake-sydney,0,2,0,5
pick a cake,https://numnumsbakery.com.au/blog/best-cake-sydney,0,1,0,6
picture birthday cake,https://numnumsbakery.com.au/blog/photo-cake-sydney,0,3,0,5.7
picture birthday cakes,https://numnumsbakery.com.au/blog/photo-cake-sydney,0,1,0,7
picture cake,https://numnumsbakery.com.au/blog/photo-cake-sydney,0,48,0,6.8
picture cake birthday,https://numnumsbakery.com.au/blog/photo-cake-sydney,0,1,0,11
picture cake for birthday,https://numnumsbakery.com.au/blog/photo-cake-sydney,0,3,0,7.7
picture cake happy birthday,https://numnumsbakery.com.au/blog/photo-cake-sydney,0,2,0,11
picture cake near me,https://numnumsbakery.com.au/blog/photo-cake-sydney,0,1,0,10
picture cakes,https://numnumsbakery.com.au/blog/photo-cake-sydney,0,14,0,7.6
picture cakes for birthday,https://numnumsbakery.com.au/blog/photo-cake-sydney,0,1,0,5
picture cakes near me,https://numnumsbakery.com.au/blog/photo-cake-sydney,0,1,0,11
picture cale,https://numnumsbakery.com.au/blog/photo-cake-sydney,0,1,0,4
picture on a cake,https://numnumsbakery.com.au/blog/photo-cake-sydney,0,4,0,6.8
picture on a cake near me,https://numnumsbakery.com.au/blog/photo-cake-sydney,0,2,0,10
picture on birthday cake,https://numnumsbakery.com.au/blog/photo-cake-sydney,0,3,0,10.7
picture on cake,https://numnumsbakery.com.au/blog/photo-cake-sydney,0,7,0,8
picture on cake near me,https://numnumsbakery.com.au/blog/photo-cake-sydney,0,1,0,7
picture on the cake,https://numnumsbakery.com.au/blog/photo-cake-sydney,0,1,0,9
picture on top of cake,https://numnumsbakery.com.au/blog/photo-cake-sydney,0,1,0,9
picture print cake,https://numnumsbakery.com.au/blog/photo-cake-sydney,0,1,0,5
picture print on cake,https://numnumsbakery.com.au/blog/photo-cake-sydney,0,1,0,7
picture printed on cake,https://numnumsbakery.com.au/blog/photo-cake-sydney,0,4,0,5.8
pictures on cake,https://numnumsbakery.com.au/blog/photo-cake-sydney,0,2,0,10
pictures on cakes,https://numnumsbakery.com.au/blog/photo-cake-sydney,0,2,0,12.5
pictures on cakes near me,https://numnumsbakery.com.au/blog/photo-cake-sydney,0,2,0,7.5
pie bakery near me,https://numnumsbakery.com.au/,0,4,0,12.5
pie near me,https://numnumsbakery.com.au/,0,5,0,6.8
pie open near me,https://numnumsbakery.com.au/,0,1,0,10
pie shop,https://numnumsbakery.com.au/,0,2,0,12
pie shop near me,https://numnumsbakery.com.au/,0,7,0,5.7
pie shop parramatta,https://numnumsbakery.com.au/,0,3,0,15.7
pie shops,https://numnumsbakery.com.au/,0,1,0,4
pie shops near me,https://numnumsbakery.com.au/,0,2,0,4
piece cake near me,https://numnumsbakery.com.au/,0,1,0,11
pies in sydney,https://numnumsbakery.com.au/,0,1,0,13
pies near me,https://numnumsbakery.com.au/,0,25,0,8.6
pies near me,https://numnumsbakery.com.au/cakes,0,1,0,15
pies shop near me,https://numnumsbakery.com.au/,0,2,0,24
pineapple,https://numnumsbakery.com.au/,0,1,0,4
pineapple cake,https://numnumsbakery.com.au/,0,7,0,4.9
pineapple cake near me,https://numnumsbakery.com.au/,0,3,0,1
pineapple donuts,https://numnumsbakery.com.au/,0,1,0,7
pineapple donuts near me,https://numnumsbakery.com.au/,0,2,0,6
pink cake near me,https://numnumsbakery.com.au/,0,2,0,7.5
pista barfi,https://numnumsbakery.com.au/indian-sweet,0,2,0,2
pista cake near me,https://numnumsbakery.com.au/,0,1,0,4
pistachio cakes near me,https://numnumsbakery.com.au/,0,1,0,12
pistachio croissant,https://numnumsbakery.com.au/,0,1,0,1
pistachio croissant,https://numnumsbakery.com.au/cakes,0,1,0,1
pistachio croissant near me,https://numnumsbakery.com.au/,0,1,0,6
pitt town bakery,https://numnumsbakery.com.au/blog/eggless-cakes-mcgraths-hill,0,2,0,11.5
pitt town bakery,https://numnumsbakery.com.au/blog/eggless-cakes-pitt-town,0,5,0,9.6
places that print pictures near me,https://numnumsbakery.com.au/blog/photo-cake-sydney,0,1,0,12
places that print pictures on cakes,https://numnumsbakery.com.au/blog/photo-cake-sydney,0,1,0,5
plain cake,https://numnumsbakery.com.au/,0,1,0,3
plain cake donuts near me,https://numnumsbakery.com.au/,0,1,0,8
plain cake recipe,https://numnumsbakery.com.au/,0,2,0,3
plain cakes,https://numnumsbakery.com.au/,0,1,0,8
plain cupcakes,https://numnumsbakery.com.au/,0,1,0,7
plain donuts near me,https://numnumsbakery.com.au/,0,1,0,9
plain mini cupcakes,https://numnumsbakery.com.au/,0,1,0,2
plain white cake,https://numnumsbakery.com.au/,0,3,0,21
pooja cakes,https://numnumsbakery.com.au/blog/eggless-cakes-durga-puja-sydney,0,1,0,3
popular cake flavours,https://numnumsbakery.com.au/blog/autumn-cake-sydney,0,1,0,7
popular cake flavours,https://numnumsbakery.com.au/blog/best-cake-sydney,0,1,0,35
popular cake shops,https://numnumsbakery.com.au/,0,1,0,20
popular cake toppers,https://numnumsbakery.com.au/blog/cake-toppers-sydney,0,1,0,8
popular cakes,https://numnumsbakery.com.au/,0,1,0,31
popular cakes sydney,https://numnumsbakery.com.au/,0,1,0,3
popular cakes sydney,https://numnumsbakery.com.au/blog/best-cake-sydney,0,1,0,15
portrait cake,https://numnumsbakery.com.au/blog/photo-cake-sydney,0,1,0,8
poto cake,https://numnumsbakery.com.au/blog/photo-cake-sydney,0,1,0,6
pregnancy cake,https://numnumsbakery.com.au/blog/eggless-cake-for-pregnancy-sydney,0,1,0,8
pregnancy cakes,https://numnumsbakery.com.au/blog/eggless-cake-for-pregnancy-sydney,0,1,0,8
pregnancy safe cake,https://numnumsbakery.com.au/blog/eggless-cake-for-pregnancy-sydney,0,1,0,1
premium bakery near me,https://numnumsbakery.com.au/blog/eggless-cakes-schofields,0,2,0,43
premium bakery silverwater,https://numnumsbakery.com.au/blog/eggless-cake-bakery-harris-park-riverstone-sydney,0,8,0,18.1
premium bakery silverwater,https://numnumsbakery.com.au/blog/eggless-cakes-newington,0,3,0,36.3
premium bakery silverwater,https://numnumsbakery.com.au/blog/eggless-cakes-silverwater,0,56,0,7.3
premium bakery silverwater,https://numnumsbakery.com.au/blog/eggless-cakes-sydney-olympic-park,0,5,0,45.2
premium bakery silverwater,https://numnumsbakery.com.au/blog/eggless-cakes-wentworth-point,0,3,0,42.7
premium cakes near me,https://numnumsbakery.com.au/,0,2,0,35.5
premium cookies near me,https://numnumsbakery.com.au/,0,3,0,7.3
preorder cake,https://numnumsbakery.com.au/,0,1,0,12
pretzel,https://numnumsbakery.com.au/,0,2,0,12
price of a cake,https://numnumsbakery.com.au/blog/cake-price-guide-sydney,0,1,0,3
princess cake swedish near me,https://numnumsbakery.com.au/,0,1,0,9
print a cake,https://numnumsbakery.com.au/blog/photo-cake-sydney,0,2,0,15
print birthday cake,https://numnumsbakery.com.au/blog/photo-cake-sydney,0,1,0,4
print cake,https://numnumsbakery.com.au/blog/photo-cake-sydney,0,232,0,13.5
print cakes,https://numnumsbakery.com.au/blog/photo-cake-sydney,0,3,0,7.3
print edible images near me,https://numnumsbakery.com.au/blog/photo-cake-sydney,0,1,0,31
print face on cake,https://numnumsbakery.com.au/blog/photo-cake-sydney,0,4,0,3.5
print image on cake,https://numnumsbakery.com.au/blog/photo-cake-sydney,0,7,0,6
print on a cake,https://numnumsbakery.com.au/blog/photo-cake-sydney,0,2,0,7.5
print on cakes,https://numnumsbakery.com.au/blog/photo-cake-sydney,0,3,0,14
print on cakes near me,https://numnumsbakery.com.au/,0,1,0,1
print out cake,https://numnumsbakery.com.au/blog/photo-cake-sydney,0,1,0,8
print photo cake,https://numnumsbakery.com.au/blog/photo-cake-sydney,0,2,0,4
print photo for cake,https://numnumsbakery.com.au/blog/photo-cake-sydney,0,1,0,9
print photo on a cake,https://numnumsbakery.com.au/blog/photo-cake-sydney,0,2,0,5
print photo on cake near me,https://numnumsbakery.com.au/blog/photo-cake-sydney,0,1,0,3
print picture on a cake,https://numnumsbakery.com.au/blog/photo-cake-sydney,0,2,0,7
print picture on cake,https://numnumsbakery.com.au/blog/photo-cake-sydney,0,12,0,6.8
print picture on cake near me,https://numnumsbakery.com.au/blog/photo-cake-sydney,0,2,0,8.5
printable cakes,https://numnumsbakery.com.au/blog/photo-cake-sydney,0,5,0,2.2
printed cake,https://numnumsbakery.com.au/blog/photo-cake-sydney,0,59,0,9.9
printed cakes,https://numnumsbakery.com.au/blog/photo-cake-sydney,0,23,0,6.1
printed cakes near me,https://numnumsbakery.com.au/blog/photo-cake-sydney,0,5,0,11.6
printed image cake,https://numnumsbakery.com.au/blog/photo-cake-sydney,0,3,0,7
printed image on cake,https://numnumsbakery.com.au/blog/photo-cake-sydney,0,1,0,6
printed photo cake near me,https://numnumsbakery.com.au/,0,1,0,2
printed photo cake near me,https://numnumsbakery.com.au/blog/photo-cake-sydney,0,2,0,6
printed photo cakes,https://numnumsbakery.com.au/blog/photo-cake-sydney,0,1,0,9
printed photo on cake,https://numnumsbakery.com.au/blog/photo-cake-sydney,0,2,0,10
printed picture on cake,https://numnumsbakery.com.au/blog/photo-cake-sydney,0,2,0,10
printing on cake,https://numnumsbakery.com.au/blog/photo-cake-sydney,0,3,0,7.7
printing on cakes,https://numnumsbakery.com.au/blog/photo-cake-sydney,0,1,0,6
printing picture on cake,https://numnumsbakery.com.au/blog/photo-cake-sydney,0,1,0,1
profiterole cake where to buy,https://numnumsbakery.com.au/,0,2,0,10
promotion cake,https://numnumsbakery.com.au/blog/cake-for-new-job-promotion-sydney,0,1,0,5
promotion cakes,https://numnumsbakery.com.au/blog/cake-for-new-job-promotion-sydney,0,3,0,8
prospect bakery,https://numnumsbakery.com.au/blog/eggless-cakes-prospect,0,2,0,7
protein desserts near me,https://numnumsbakery.com.au/blog/best-dessert-shop-sydney,0,1,0,15
puff near me,https://numnumsbakery.com.au/,0,2,0,6
pumpkin desserts near me,https://numnumsbakery.com.au/,0,1,0,67
punjab bakery near me,https://numnumsbakery.com.au/,0,1,0,1
punjabi bakery,https://numnumsbakery.com.au/indian-sweet,0,4,0,29.2
punjabi bakery near me,https://numnumsbakery.com.au/indian-sweet,0,2,0,18.5
punjabi eggless cake,https://numnumsbakery.com.au/,0,2,0,33
punjabi eggless cake,https://numnumsbakery.com.au/blog,0,7,0,22.9
punjabi eggless cake,https://numnumsbakery.com.au/blog/best-eggless-cake-shops-sydney-2026,0,3,0,11
punjabi eggless cake,https://numnumsbakery.com.au/blog/eggless-cake-bakery-harris-park-riverstone-sydney,0,2,0,34.5
punjabi eggless cake,https://numnumsbakery.com.au/cakes,0,3,0,50.7
pure eggless cake,https://numnumsbakery.com.au/blog/best-eggless-cake-shops-sydney-2026,0,2,0,6
pure vegetarian bakery near me,https://numnumsbakery.com.au/,0,1,0,10
purim cake,https://numnumsbakery.com.au/blog/eggless-cakes-purim-sydney,0,1,0,10
purple yam cake,https://numnumsbakery.com.au/,0,1,0,4
put a photo on a cake,https://numnumsbakery.com.au/blog/photo-cake-sydney,0,1,0,4
put photo on cake,https://numnumsbakery.com.au/blog/photo-cake-sydney,0,2,0,6.5
put picture on cake,https://numnumsbakery.com.au/blog/photo-cake-sydney,0,1,0,26
putting a photo on a cake,https://numnumsbakery.com.au/blog/photo-cake-sydney,0,1,0,9
quakers hill bakery,https://numnumsbakery.com.au/blog/eggless-cakes-northwest-sydney,0,1,0,1
quakers hill bakery,https://numnumsbakery.com.au/blog/eggless-cakes-quakers-hill,0,12,0,10.4
quakers hill bakery,https://numnumsbakery.com.au/blog/eggless-cakes-the-ponds,0,1,0,1
queena niuniu cake,https://numnumsbakery.com.au/,0,1,0,5
quinceanera cakes,https://numnumsbakery.com.au/blog/eggless-cakes-quinceanera-sydney,0,1,0,5
rabdi cake near me,https://numnumsbakery.com.au/indian-sweet,0,1,0,11
ragda pattice,https://numnumsbakery.com.au/,0,1,0,10
ragda pattice near me,https://numnumsbakery.com.au/,0,1,0,15
rainbow cake,https://numnumsbakery.com.au/,0,3,0,4.7
rainbow cake near me,https://numnumsbakery.com.au/,0,4,0,9.5
ram bakery,https://numnumsbakery.com.au/blog/ram-navami-sydney,0,1,0,10
ram cake,https://numnumsbakery.com.au/blog/ram-navami-sydney,0,1,0,7
rangoli sweets,https://numnumsbakery.com.au/indian-sweet,0,2,0,31.5
ras malai,https://numnumsbakery.com.au/,0,1,0,10
ras malai cake,https://numnumsbakery.com.au/,0,6,0,5.8
ras malai cake near me,https://numnumsbakery.com.au/blog/eggless-cakes-schofields,0,2,0,4.5
ras malai cake near me,https://numnumsbakery.com.au/cakes,0,1,0,10
rasagulla near me,https://numnumsbakery.com.au/,0,1,0,2
rasamalai cake,https://numnumsbakery.com.au/,0,2,0,1
rasgulla cake near me,https://numnumsbakery.com.au/indian-sweet,0,5,0,5.6
rasgulla near me,https://numnumsbakery.com.au/,0,2,0,11
rasgulla near me,https://numnumsbakery.com.au/indian-sweet,0,2,0,31.5
rasmalai,https://numnumsbakery.com.au/,0,3,0,6.3
rasmalai cake blacktown,https://numnumsbakery.com.au/blog/eggless-cakes-schofields,0,10,0,5.5
rasmalai cake cost,https://numnumsbakery.com.au/cakes,0,1,0,10
rasmalai cake near me,https://numnumsbakery.com.au/blog/rasmalai-cake-sydney,0,6,0,5.2
rasmalai cake order online,https://numnumsbakery.com.au/blog/rasmalai-cake-sydney,0,1,0,1
rasmalai cake order online,https://numnumsbakery.com.au/cakes,0,1,0,5
rasmalai cake recipe,https://numnumsbakery.com.au/,0,1,0,8
rasmalai cake shop near me,https://numnumsbakery.com.au/blog/eggless-cakes-schofields,0,1,0,4
rasmalai cake sydney,https://numnumsbakery.com.au/,0,3,0,1
rasmalai cake sydney,https://numnumsbakery.com.au/blog/best-cake-sydney,0,3,0,3.7
rasmalai cake sydney,https://numnumsbakery.com.au/blog/eggless-cake-indian-flavours,0,8,0,4.9
rasmalai cake sydney,https://numnumsbakery.com.au/blog/eggless-cakes-durga-puja-sydney,0,1,0,1
rasmalai cake sydney,https://numnumsbakery.com.au/blog/eggless-cakes-lohri-sydney,0,1,0,6
rasmalai cake sydney,https://numnumsbakery.com.au/blog/eggless-cakes-pongal-sydney,0,1,0,11
rasmalai cake sydney,https://numnumsbakery.com.au/blog/rasmalai-cake-sydney,0,2,0,1
rasmalai near me,https://numnumsbakery.com.au/,0,3,0,7
rasmalai pastry near me,https://numnumsbakery.com.au/,0,3,0,1.7
rasmalai price,https://numnumsbakery.com.au/blog/rasmalai-cake-sydney,0,1,0,10
rasmalai tres leches cake near me,https://numnumsbakery.com.au/,0,1,0,11
rasmalai tres leches cake near me,https://numnumsbakery.com.au/blog/eggless-cakes-schofields,0,3,0,5.7
rasmalai.cake,https://numnumsbakery.com.au/,0,1,0,7
rasmalak,https://numnumsbakery.com.au/,0,1,0,8
rasmali price,https://numnumsbakery.com.au/indian-sweet,0,1,0,11
ready made cakes near me,https://numnumsbakery.com.au/,0,1,0,7
realistic cakes near me,https://numnumsbakery.com.au/,0,1,0,28
realistic fruit dessert,https://numnumsbakery.com.au/,0,1,0,8
recipe for plain cake,https://numnumsbakery.com.au/,0,1,0,2
red velvet cake,https://numnumsbakery.com.au/,0,8,0,8.2
red velvet cake near me,https://numnumsbakery.com.au/,0,4,0,11.8
red velvet cake sydney,https://numnumsbakery.com.au/blog/eggless-red-velvet-cake-sydney,0,9,0,10.6
red velvet cakes sydney,https://numnumsbakery.com.au/blog/eggless-red-velvet-cake-sydney,0,2,0,6.5
red velvet sydney,https://numnumsbakery.com.au/blog/eggless-red-velvet-cake-sydney,0,1,0,12
restaurant harris park,https://numnumsbakery.com.au/,0,4,0,55.2
retirement cake delivery,https://numnumsbakery.com.au/blog/eggless-cakes-retirement-sydney.html,0,1,0,4
retirement cakes,https://numnumsbakery.com.au/blog/eggless-cakes-retirement-sydney.html,0,1,0,13
reviews,https://numnumsbakery.com.au/,0,1,0,2
reviews,https://numnumsbakery.com.au/blog/eggless-cake-reviews-sydney,0,1,0,11
reviews,https://numnumsbakery.com.au/order,0,1,0,1
rice cakes near me,https://numnumsbakery.com.au/,0,3,0,31.3
rice flower cake,https://numnumsbakery.com.au/,0,1,0,5
rice paper printing for cakes near me,https://numnumsbakery.com.au/blog/photo-cake-sydney,0,1,0,15
richmond bakery cakes,https://numnumsbakery.com.au/blog/eggless-cakes-north-richmond,0,1,0,13
riverstone bakery,https://numnumsbakery.com.au/blog/best-dessert-shop-sydney,0,8,0,9.8
riverstone bakery,https://numnumsbakery.com.au/blog/eggless-cake-bakery-harris-park-riverstone-sydney,0,120,0,8.3
riverstone bakery,https://numnumsbakery.com.au/blog/eggless-cakes-doonside,0,10,0,8.6
riverstone bakery,https://numnumsbakery.com.au/blog/eggless-cakes-kings-park,0,1,0,6
riverstone bakery,https://numnumsbakery.com.au/blog/eggless-cakes-mount-druitt,0,1,0,6
riverstone bakery,https://numnumsbakery.com.au/blog/eggless-cakes-north-richmond,0,1,0,13
riverstone bakery,https://numnumsbakery.com.au/blog/eggless-cakes-riverstone,0,35,0,9.1
riverstone bakery,https://numnumsbakery.com.au/blog/eggless-cakes-wilberforce,0,1,0,10
riverstone bakery,https://numnumsbakery.com.au/cakes,0,27,0,1.1
riverstone bakery,https://numnumsbakery.com.au/indian-sweet,0,1,0,100
riverstone bakery official website,https://numnumsbakery.com.au/,0,2,0,7
riverstone cake shop,https://numnumsbakery.com.au/blog/eggless-cake-bakery-harris-park-riverstone-sydney,0,11,0,8.7
riverstone coffee,https://numnumsbakery.com.au/,0,3,0,10.3
riverstone coffee shop,https://numnumsbakery.com.au/,0,6,0,9.8
riverstone food,https://numnumsbakery.com.au/,0,21,0,23.2
riverstone shop,https://numnumsbakery.com.au/,0,1,0,16
riverstone shops,https://numnumsbakery.com.au/,0,15,0,9.9
riverstone shops,https://numnumsbakery.com.au/cakes,0,1,0,1
riverstone takeaway,https://numnumsbakery.com.au/,0,1,0,20
riverstone village shopping centre directory,https://numnumsbakery.com.au/cakes,0,5,0,1
riverstonebakery.com,https://numnumsbakery.com.au/,0,5,0,6.6
riverstones bakery,https://numnumsbakery.com.au/,0,1,0,38
roma cakes,https://numnumsbakery.com.au/,0,1,0,3
roma cakes,https://numnumsbakery.com.au/cakes,0,1,0,3
rooty hill bakery,https://numnumsbakery.com.au/blog/eggless-cakes-rooty-hill,0,1,0,10
rosanna cakes,https://numnumsbakery.com.au/,0,1,0,3
rosanna cakes,https://numnumsbakery.com.au/cakes,0,1,0,3
rouse hill bakery,https://numnumsbakery.com.au/,0,3,0,17.3
rouse hill cake shop,https://numnumsbakery.com.au/cakes,0,1,0,22
rouse hill cakes,https://numnumsbakery.com.au/,0,2,0,11.5
rouse hill village bakery,https://numnumsbakery.com.au/,0,2,0,9
rumi birthday cake,https://numnumsbakery.com.au/,0,1,0,3
rumi cake near me,https://numnumsbakery.com.au/,0,2,0,1.5
ruse bakery,https://numnumsbakery.com.au/blog/eggless-cakes-eastwood,0,1,0,11
ruse bakery,https://numnumsbakery.com.au/blog/eggless-cakes-meadowbank,0,1,0,10
ruse bakery,https://numnumsbakery.com.au/blog/eggless-cakes-silverwater,0,2,0,12
ruse bakery,https://numnumsbakery.com.au/blog/eggless-cakes-sydney-olympic-park,0,3,0,10.3
ruse bakery,https://numnumsbakery.com.au/blog/eggless-cakes-telopea.html,0,1,0,12
ruse bakery,https://numnumsbakery.com.au/blog/eggless-cakes-wentworth-point,0,1,0,11
ruse bakery,https://numnumsbakery.com.au/blog/eggless-cakes-west-ryde,0,1,0,12
salt bread near me,https://numnumsbakery.com.au/,0,1,0,3
salted caramel birthday cake,https://numnumsbakery.com.au/,0,1,0,19
salted caramel cake,https://numnumsbakery.com.au/,0,1,0,9
sambar near me,https://numnumsbakery.com.au/,0,1,0,30
same day cake printing,https://numnumsbakery.com.au/blog/photo-cake-sydney,0,1,0,12
same day edible image printing,https://numnumsbakery.com.au/blog/photo-cake-sydney,0,3,0,9
same day pick up cakes,https://numnumsbakery.com.au/,0,1,0,2
samosa near me,https://numnumsbakery.com.au/,0,1,0,38
samosa pastry sheets,https://numnumsbakery.com.au/,0,1,0,4
samosa pizza,https://numnumsbakery.com.au/,0,1,0,9
sandwiches near me,https://numnumsbakery.com.au/,0,1,0,14
sans rival cake sydney,https://numnumsbakery.com.au/,0,1,0,58
santinas cakes,https://numnumsbakery.com.au/,0,1,0,43
saraswati puja 2026 date,https://numnumsbakery.com.au/blog/basant-panchami-saraswati-puja-sydney,0,1,0,2
saraswati puja koto din baki,https://numnumsbakery.com.au/blog/basant-panchami-saraswati-puja-sydney,0,1,0,1
scones near me,https://numnumsbakery.com.au/,0,3,0,9.7
screen printed cake,https://numnumsbakery.com.au/blog/photo-cake-sydney,0,2,0,3.5
sculpted cake,https://numnumsbakery.com.au/blog/novelty-sculpted-cake-designs-sydney,0,1,0,7
sculptural cakes,https://numnumsbakery.com.au/blog/novelty-sculpted-cake-designs-sydney,0,1,0,10
see you soon cake,https://numnumsbakery.com.au/blog/farewell-cake-sydney.html,0,2,0,4
sefton bakery,https://numnumsbakery.com.au/blog/eggless-cakes-chester-hill,0,1,0,10
sefton bakery,https://numnumsbakery.com.au/blog/eggless-cakes-sefton,0,7,0,10.6
selection of cakes,https://numnumsbakery.com.au/blog/best-cake-sydney,0,1,0,71
semi naked cake alexandria,https://numnumsbakery.com.au/blog/semi-naked-cake-sydney,0,25,0,6.7
semi naked cake chatswood,https://numnumsbakery.com.au/blog/naked-cake-sydney,0,13,0,20.9
semi naked cake chatswood,https://numnumsbakery.com.au/blog/semi-naked-cake-sydney,0,19,0,7.7
semi naked cake darlinghurst,https://numnumsbakery.com.au/blog/naked-cake-sydney,0,30,0,14.4
semi naked cake darlinghurst,https://numnumsbakery.com.au/blog/semi-naked-cake-sydney,0,17,0,6
senioras bakery,https://numnumsbakery.com.au/blog/eggless-cake-for-seniors-sydney,0,1,0,10
seoul public holiday 2026,https://numnumsbakery.com.au/blog/eggless-cakes-chuseok-sydney,0,1,0,4
shalvey bakery,https://numnumsbakery.com.au/blog/eggless-cakes-lethbridge-park,0,4,0,9
shalvey bakery,https://numnumsbakery.com.au/blog/eggless-cakes-shalvey,0,1,0,10
sheet cake,https://numnumsbakery.com.au/,0,1,0,6
sheet cake buy,https://numnumsbakery.com.au/blog/sheet-cake-sydney,0,1,0,5
sheet cake for 200 people,https://numnumsbakery.com.au/blog/sheet-cake-sydney,0,1,0,11
sheet cake near me,https://numnumsbakery.com.au/,0,1,0,9
sheet cake order,https://numnumsbakery.com.au/blog/sheet-cake-sydney,0,1,0,8
sheet cake printed image,https://numnumsbakery.com.au/blog/photo-cake-sydney,0,2,0,6.5
sheet cake serving size,https://numnumsbakery.com.au/blog/sheet-cake-sydney,0,1,0,5
sheet cake sydney,https://numnumsbakery.com.au/blog/sheet-cake-sydney,0,3,0,9.3
sheet cake with custom picture,https://numnumsbakery.com.au/blog/photo-cake-sydney,0,1,0,3
sheet cake with image,https://numnumsbakery.com.au/blog/photo-cake-sydney,0,1,0,6
shop cake,https://numnumsbakery.com.au/,0,1,0,18
shop sydney cakes,https://numnumsbakery.com.au/blog/best-cake-sydney,0,2,0,10
shops that open at 6,https://numnumsbakery.com.au/,0,1,0,20
show picture,https://numnumsbakery.com.au/,0,1,0,1
shreya bakery near me,https://numnumsbakery.com.au/,0,1,0,1
singh sweets near me,https://numnumsbakery.com.au/indian-sweet,0,1,0,27
single sweets,https://numnumsbakery.com.au/indian-sweet,0,1,0,1
size of cakes,https://numnumsbakery.com.au/blog/cake-serving-size-guide-sydney,0,1,0,3
sizes of cakes,https://numnumsbakery.com.au/blog/cake-serving-size-guide-sydney,0,1,0,7
slab cake,https://numnumsbakery.com.au/,0,1,0,10
slab cake near me,https://numnumsbakery.com.au/,0,1,0,20
slab cake near me,https://numnumsbakery.com.au/cakes,0,1,0,20
slab cakes near me,https://numnumsbakery.com.au/,0,1,0,10
slice cake,https://numnumsbakery.com.au/,0,1,0,5
slice cake calories,https://numnumsbakery.com.au/blog/eggless-cake-calories-guide-sydney,0,1,0,9
slice of cake,https://numnumsbakery.com.au/,0,1,0,2
slice of cake calories,https://numnumsbakery.com.au/blog/eggless-cake-calories-guide-sydney,0,3,0,8.7
small 4 inch cake,https://numnumsbakery.com.au/,0,1,0,9
small cake,https://numnumsbakery.com.au/,0,3,0,12.3
small cake near me,https://numnumsbakery.com.au/,0,2,0,5.5
small cake price,https://numnumsbakery.com.au/,0,1,0,8
small cake shop,https://numnumsbakery.com.au/,0,1,0,1
small cakes near me,https://numnumsbakery.com.au/,0,3,0,3.3
small cakes sydney,https://numnumsbakery.com.au/,0,4,0,41.8
small cakes sydney,https://numnumsbakery.com.au/blog/eggless-cake-small-gatherings-sydney,0,6,0,11.7
small eggless cake,https://numnumsbakery.com.au/blog/eggless-cake-bakery-harris-park-riverstone-sydney,0,1,0,1
small eggless cake near me,https://numnumsbakery.com.au/blog/best-eggless-cake-shops-sydney-2026,0,6,0,7.5
small eggless cake near me,https://numnumsbakery.com.au/blog/eggless-cake-bakery-harris-park-riverstone-sydney,0,4,0,4.2
small eggless cake near me,https://numnumsbakery.com.au/blog/eggless-cakes-dean-park,0,2,0,8.5
small eggless cake near me,https://numnumsbakery.com.au/blog/eggless-cakes-glenorie,0,1,0,4
small mini cupcakes,https://numnumsbakery.com.au/,0,1,0,2
small photo cake,https://numnumsbakery.com.au/blog/photo-cake-sydney,0,3,0,7.3
small rasmalai cake,https://numnumsbakery.com.au/,0,1,0,7
small slice of cake calories,https://numnumsbakery.com.au/blog/eggless-cake-calories-guide-sydney,0,1,0,10
small wedding cakes prices,https://numnumsbakery.com.au/blog/wedding-cake-sydney-north-west,0,1,0,37
small.cakes,https://numnumsbakery.com.au/,0,1,0,1
smash cake,https://numnumsbakery.com.au/,0,3,0,9
smash cake,https://numnumsbakery.com.au/blog/cake-smash-cakes-sydney,0,2,0,2.5
smash cake for 1 year old near me,https://numnumsbakery.com.au/blog/first-birthday-cake-sydney,0,5,0,6.4
smash cake sydney,https://numnumsbakery.com.au/blog/cake-smash-vs-first-birthday-cake-sydney,0,8,0,6.4
smoothies near me,https://numnumsbakery.com.au/,0,1,0,28
snack near me,https://numnumsbakery.com.au/,0,1,0,8
snacks near me,https://numnumsbakery.com.au/,0,3,0,24.7
snoopy birthday cake,https://numnumsbakery.com.au/,0,1,0,7
so num,https://numnumsbakery.com.au/,0,1,0,1
so safe to eat?,https://numnumsbakery.com.au/blog/eggless-cake-storage-freshness-guide,0,1,0,3
soccer ball cake,https://numnumsbakery.com.au/,0,2,0,4
soccer ball cakes,https://numnumsbakery.com.au/,0,1,0,4
soccer birthday cake,https://numnumsbakery.com.au/,0,2,0,21.5
soccer cake,https://numnumsbakery.com.au/,0,1,0,15
soccer cake near me,https://numnumsbakery.com.au/cakes,0,1,0,13
soccer cakes,https://numnumsbakery.com.au/,0,1,0,6
soccer cupcakes,https://numnumsbakery.com.au/,0,1,0,15
soft cakes near me,https://numnumsbakery.com.au/,0,1,0,8
soft chiffon cake,https://numnumsbakery.com.au/,0,1,0,16
south indian sweet shop near me,https://numnumsbakery.com.au/indian-sweet,0,1,0,23
south indian sweets near me,https://numnumsbakery.com.au/indian-sweet,0,1,0,25
south western sydney,https://numnumsbakery.com.au/blog/eggless-cakes-bonnyrigg,0,1,0,4
special birthday cakes near me,https://numnumsbakery.com.au/blog/eggless-cakes-schofields,0,1,0,5
special cake bakery near me,https://numnumsbakery.com.au/blog/best-cake-sydney,0,1,0,25
special cake bakery near me,https://numnumsbakery.com.au/blog/eggless-cakes-dean-park,0,1,0,14
speciality cakes near me,https://numnumsbakery.com.au/,0,1,0,1
speciality cakes near me,https://numnumsbakery.com.au/cakes,0,1,0,1
specialty cakes near me,https://numnumsbakery.com.au/,0,1,0,25
specialty cakes sydney,https://numnumsbakery.com.au/blog/kids-birthday-cake-sydney,0,1,0,9
spider man cake near me,https://numnumsbakery.com.au/,0,1,0,2
spiderman cake,https://numnumsbakery.com.au/,0,6,0,15.7
spiderman cake,https://numnumsbakery.com.au/cakes,0,1,0,7
spiderman cake near me,https://numnumsbakery.com.au/,0,2,0,6.5
spiderman cupcakes,https://numnumsbakery.com.au/,0,1,0,30
spidey cake near me,https://numnumsbakery.com.au/,0,1,0,5
spinach and ricotta rolls near me,https://numnumsbakery.com.au/,0,1,0,28
spinach and ricotta rolls near me,https://numnumsbakery.com.au/cakes,0,1,0,28
sponge birthday cake,https://numnumsbakery.com.au/,0,1,0,9
sponge cake near me,https://numnumsbakery.com.au/,0,1,0,12
sponge vs cake,https://numnumsbakery.com.au/blog/eggless-cake-vs-sponge-cake,0,1,0,24
square cake serving size,https://numnumsbakery.com.au/blog/cake-serving-size-guide-sydney,0,1,0,9
sri lankan cake near me,https://numnumsbakery.com.au/blog/eggless-cakes-schofields,0,1,0,3
standard cake size,https://numnumsbakery.com.au/blog/cake-serving-size-guide-sydney,0,3,0,12
standard cake sizes,https://numnumsbakery.com.au/blog/cake-serving-size-guide-sydney,0,1,0,23
standard cake sizes round,https://numnumsbakery.com.au/blog/cake-serving-size-guide-sydney,0,1,0,5
star shaped cake,https://numnumsbakery.com.au/,0,2,0,7
stones bakery,https://numnumsbakery.com.au/,0,2,0,31
stonewood bakery,https://numnumsbakery.com.au/,0,1,0,40
strathfield cakes,https://numnumsbakery.com.au/blog/eggless-cakes-strathfield,0,1,0,11
strawberry birthday cake,https://numnumsbakery.com.au/,0,1,0,14
strawberry cake birthday,https://numnumsbakery.com.au/,0,1,0,9
strawberry lemon cake,https://numnumsbakery.com.au/,0,1,0,7
sugar cookies near me,https://numnumsbakery.com.au/,0,1,0,9
sugar free bakery,https://numnumsbakery.com.au/,0,1,0,99
sugar free birthday cakes,https://numnumsbakery.com.au/cakes,0,1,0,77
sugar free cake,https://numnumsbakery.com.au/,0,1,0,1
sugar free cake near me,https://numnumsbakery.com.au/,0,4,0,5.5
sugar free cake near me,https://numnumsbakery.com.au/cakes,0,1,0,1
sugar free cake sydney,https://numnumsbakery.com.au/blog/best-eggless-cake-shops-sydney-2026,0,3,0,32.7
sugar free cake to buy,https://numnumsbakery.com.au/,0,1,0,9
sugar free cakes,https://numnumsbakery.com.au/,0,3,0,13.3
sugar free cakes sydney,https://numnumsbakery.com.au/,0,1,0,61
sugar free cakes sydney,https://numnumsbakery.com.au/blog/best-eggless-cake-shops-sydney-2026,0,3,0,43.7
sugar free cupcakes near me,https://numnumsbakery.com.au/blog/best-dessert-shop-sydney,0,1,0,24
sugar free dessert near me,https://numnumsbakery.com.au/blog/best-dessert-shop-sydney,0,1,0,20
sugar free desserts near me,https://numnumsbakery.com.au/,0,1,0,21
sugar free desserts near me,https://numnumsbakery.com.au/blog/best-dessert-shop-sydney,0,2,0,34.5
sugar free eggless cake near me,https://numnumsbakery.com.au/,0,1,0,5
sugar paper printing near me,https://numnumsbakery.com.au/blog/photo-cake-sydney,0,1,0,25
sugarless bakery near me,https://numnumsbakery.com.au/,0,1,0,77
sugarless bakery near me,https://numnumsbakery.com.au/blog/best-dessert-shop-sydney,0,2,0,30.5
sugarless bakery near me,https://numnumsbakery.com.au/blog/best-eggless-cake-shops-sydney-2026,0,1,0,34
sugarless bakery near me,https://numnumsbakery.com.au/blog/eggless-cake-bakery-harris-park-riverstone-sydney,0,1,0,20
superman cake near me,https://numnumsbakery.com.au/,0,1,0,5
sweet boondi near me,https://numnumsbakery.com.au/,0,1,0,5
sweet bun near me,https://numnumsbakery.com.au/,0,1,0,15
sweet food near me,https://numnumsbakery.com.au/,0,1,0,9
sweet kg price,https://numnumsbakery.com.au/indian-sweet,0,1,0,13
sweet land harris park,https://numnumsbakery.com.au/blog/eggless-cake-bakery-harris-park-riverstone-sydney,0,2,0,19
sweet mango slices,https://numnumsbakery.com.au/,0,1,0,9
sweet mango slices,https://numnumsbakery.com.au/cakes,0,1,0,9
sweet mithai shop near me,https://numnumsbakery.com.au/indian-sweet,0,1,0,21
sweet near me,https://numnumsbakery.com.au/,0,2,0,15.5
sweet pastry dough,https://numnumsbakery.com.au/,0,1,0,8
sweet price per kg,https://numnumsbakery.com.au/indian-sweet,0,1,0,12
sweet shop harris park,https://numnumsbakery.com.au/,0,1,0,10
sweet shop in harris park,https://numnumsbakery.com.au/,0,32,0,6.1
sweet shop near me,https://numnumsbakery.com.au/,0,12,0,18
sweet shop near me indian,https://numnumsbakery.com.au/indian-sweet,0,2,0,31.5
sweet stuff near me,https://numnumsbakery.com.au/,0,1,0,32
sweet tooth,https://numnumsbakery.com.au/,0,1,0,4
sweet treat,https://numnumsbakery.com.au/,0,1,0,10
sweet treat near me,https://numnumsbakery.com.au/,0,2,0,11
sweet treats,https://numnumsbakery.com.au/,0,1,0,23
sweet treats near me,https://numnumsbakery.com.au/,0,2,0,13.5
sweets,https://numnumsbakery.com.au/,0,1,0,16
sweets 1 kg price,https://numnumsbakery.com.au/indian-sweet,0,1,0,11
sweets for engagement party,https://numnumsbakery.com.au/,0,1,0,50
sweets harris park,https://numnumsbakery.com.au/,0,4,0,10
sweets mithai,https://numnumsbakery.com.au/indian-sweet,0,2,0,12.5
sweets near me,https://numnumsbakery.com.au/,0,17,0,10.4
sweets near me,https://numnumsbakery.com.au/blog/best-dessert-shop-sydney,0,1,0,11
sweets near me,https://numnumsbakery.com.au/cakes,0,1,0,22
sweets near me indian,https://numnumsbakery.com.au/indian-sweet,0,3,0,25.7
sweets near me open now,https://numnumsbakery.com.au/,0,1,0,14
sweets near me within 400m,https://numnumsbakery.com.au/,0,1,0,5
sweets order online,https://numnumsbakery.com.au/indian-sweet,0,1,0,14
sweets per kg price,https://numnumsbakery.com.au/indian-sweet,0,2,0,6
sweets price per kg near me,https://numnumsbakery.com.au/indian-sweet,0,1,0,1
sweets rate,https://numnumsbakery.com.au/indian-sweet,0,1,0,11
sweets shop indian,https://numnumsbakery.com.au/indian-sweet,0,1,0,36
swiss roll,https://numnumsbakery.com.au/,0,1,0,8
sydney,https://numnumsbakery.com.au/blog/eggless-cakes-durga-puja-sydney,0,1,0,12
sydney best birthday cake,https://numnumsbakery.com.au/blog/best-cake-sydney,0,84,0,25.7
sydney best birthday cakes,https://numnumsbakery.com.au/blog/best-cake-sydney,0,23,0,26.1
sydney best cake,https://numnumsbakery.com.au/blog/autumn-cake-sydney,0,1,0,6
sydney best cake,https://numnumsbakery.com.au/blog/best-cake-sydney,0,28,0,13.5
sydney best cake,https://numnumsbakery.com.au/blog/winter-cake-sydney,0,1,0,11
sydney best cake shop,https://numnumsbakery.com.au/blog/best-cake-sydney,0,1,0,14
sydney best chocolate cake,https://numnumsbakery.com.au/blog/best-cake-sydney,0,1,0,21
sydney best wedding cakes,https://numnumsbakery.com.au/blog/wedding-cake-sydney-north-west,0,10,0,11.9
sydney birthday cakes,https://numnumsbakery.com.au/blog/first-birthday-cake-sydney,0,2,0,10
sydney cake shop,https://numnumsbakery.com.au/,0,12,0,67.2
sydney cake stores,https://numnumsbakery.com.au/,0,1,0,60
sydney cake toppers online,https://numnumsbakery.com.au/blog/cake-toppers-sydney,0,1,0,8
sydney cakes,https://numnumsbakery.com.au/,0,3,0,69.3
sydney cakes,https://numnumsbakery.com.au/blog/best-cake-sydney,0,2,0,25
sydney corporate cake,https://numnumsbakery.com.au/blog/corporate-cake-sydney.html,0,1,0,10
sydney custom cakes,https://numnumsbakery.com.au/blog/best-cake-sydney,0,1,0,16
sydney dairy free cake delivery,https://numnumsbakery.com.au/,0,4,0,85.5
sydney dairy free cake delivery,https://numnumsbakery.com.au/blog/best-eggless-cake-shops-sydney-2026,0,15,0,31.7
sydney dairy free cake delivery,https://numnumsbakery.com.au/cakes,0,1,0,83
sydney dairy free cakes delivered,https://numnumsbakery.com.au/blog/best-eggless-cake-shops-sydney-2026,0,14,0,26.5
sydney dairy free cakes delivery,https://numnumsbakery.com.au/,0,1,0,58
sydney dairy free cakes delivery,https://numnumsbakery.com.au/blog/best-eggless-cake-shops-sydney-2026,0,21,0,24.6
sydney durga puja 2026,https://numnumsbakery.com.au/blog/eggless-cakes-durga-puja-sydney,0,1,0,4
sydney fruit cake,https://numnumsbakery.com.au/blog/eggless-fruit-cake-sydney,0,3,0,8
sydney fruit cakes,https://numnumsbakery.com.au/blog/eggless-fruit-cake-sydney,0,12,0,9.4
sydney office cake delivery,https://numnumsbakery.com.au/blog/cake-delivery-sydney,0,7,0,54.4
sydney office cake delivery,https://numnumsbakery.com.au/blog/corporate-cake-sydney,0,11,0,54.1
sydney office cake delivery,https://numnumsbakery.com.au/blog/eggless-cake-office-birthday-sydney,0,59,0,27.8
sydney office cakes,https://numnumsbakery.com.au/blog/corporate-cake-sydney,0,95,0,9.7
sydney office cakes,https://numnumsbakery.com.au/blog/corporate-cake-sydney.html,0,1,0,10
sydney office cakes,https://numnumsbakery.com.au/blog/eggless-cake-office-birthday-sydney,0,58,0,18.6
take away food near me open now,https://numnumsbakery.com.au/,0,1,0,1
take away food near me open now,https://numnumsbakery.com.au/cakes,0,1,0,1
takeaway riverstone,https://numnumsbakery.com.au/,0,4,0,17.2
talawong,https://numnumsbakery.com.au/blog/best-dessert-shop-sydney,0,1,0,50
talawong,https://numnumsbakery.com.au/blog/cake-shop-near-me-marsden-park-talawong,0,1,0,26
tannum bakehouse,https://numnumsbakery.com.au/,0,2,0,33.5
tannum bakery,https://numnumsbakery.com.au/,0,2,0,43
taro cake,https://numnumsbakery.com.au/,0,4,0,11.8
taro cake near me,https://numnumsbakery.com.au/,0,1,0,10
taro cake near me,https://numnumsbakery.com.au/cakes,0,1,0,10
tart vs cake,https://numnumsbakery.com.au/blog/eggless-cake-vs-tart-sydney,0,1,0,7
tarts,https://numnumsbakery.com.au/,0,1,0,12
tarts near me,https://numnumsbakery.com.au/,0,1,0,8
tarun bakery,https://numnumsbakery.com.au/about,0,1,0,4
tea and cake,https://numnumsbakery.com.au/blog/afternoon-tea-cakes-sydney,0,1,0,49
tea near me,https://numnumsbakery.com.au/,0,1,0,6
teej 2026 date in nepal,https://numnumsbakery.com.au/blog/teej-sydney,0,1,0,1
teej cake,https://numnumsbakery.com.au/blog/teej-sydney,0,4,0,7.2
teej dar khane din 2026,https://numnumsbakery.com.au/blog/teej-sydney,0,3,0,9.3
teej date 2026 nepal,https://numnumsbakery.com.au/blog/teej-sydney,0,1,0,1
teej ko dar khane din 2026,https://numnumsbakery.com.au/blog/teej-sydney,0,2,0,9
teramisu,https://numnumsbakery.com.au/,0,1,0,6
that dessert shop,https://numnumsbakery.com.au/blog/best-dessert-shop-sydney,0,1,0,9
that dessert shop sydney,https://numnumsbakery.com.au/blog/best-dessert-shop-sydney,0,2,0,12.5
the bakery place,https://numnumsbakery.com.au/blog/eggless-cake-bakery-harris-park-riverstone-sydney,0,1,0,8
the best cake,https://numnumsbakery.com.au/blog/best-cake-sydney,0,3,0,36.3
the best cake in sydney,https://numnumsbakery.com.au/blog/best-cake-sydney,0,7,0,9
the best cake shop in sydney,https://numnumsbakery.com.au/blog/best-cake-sydney,0,1,0,12
the best cake shop near me,https://numnumsbakery.com.au/,0,1,0,12
the best cakes,https://numnumsbakery.com.au/blog/best-cake-sydney,0,1,0,8
the desert shop,https://numnumsbakery.com.au/blog/best-dessert-shop-sydney,0,2,0,8.5
the dessert shop,https://numnumsbakery.com.au/blog/best-dessert-shop-sydney,0,10,0,9.2
the dessert shop near me,https://numnumsbakery.com.au/blog/best-dessert-shop-sydney,0,2,0,8.5
the eggless baker,https://numnumsbakery.com.au/blog/best-eggless-cake-shops-sydney-2026,0,1,0,7
the eggless cake shop,https://numnumsbakery.com.au/blog/eggless-cake-storage-freshness-guide,0,1,0,5
the magnolia bakery,https://numnumsbakery.com.au/,0,1,0,57
the sum of sweets eggless cake,https://numnumsbakery.com.au/,0,2,0,35.5
the sum of sweets eggless cake,https://numnumsbakery.com.au/blog,0,14,0,19.2
the sum of sweets eggless cake,https://numnumsbakery.com.au/blog/best-eggless-cake-shops-sydney-2026,0,16,0,12.1
the sum of sweets eggless cake,https://numnumsbakery.com.au/blog/eggless-cakes-pitt-town,0,2,0,17.5
the sum of sweets eggless cake,https://numnumsbakery.com.au/blog/eggless-cakes-schofields,0,1,0,65
the sum of sweets eggless cake,https://numnumsbakery.com.au/cakes,0,12,0,12.9
the sum of sweets eggless cake,https://numnumsbakery.com.au/order,0,1,0,51
themed cakes sydney,https://numnumsbakery.com.au/blog/first-birthday-cake-sydney,0,3,0,18
these,https://numnumsbakery.com.au/blog/eggless-cake-storage-freshness-guide,0,1,0,1
they sold out,https://numnumsbakery.com.au/,0,1,0,1
thick cookies near me,https://numnumsbakery.com.au/,0,1,0,7
thin slice of cake calories,https://numnumsbakery.com.au/blog/eggless-cake-calories-guide-sydney,0,1,0,1
thomas bakery,https://numnumsbakery.com.au/,0,2,0,40.5
thornton bakery,https://numnumsbakery.com.au/,0,1,0,38
three milk cake near me,https://numnumsbakery.com.au/,0,1,0,1
tier cakes near me,https://numnumsbakery.com.au/blog/birthday-cake-near-me-sydney-suburbs,0,1,0,13
tilla kulfi near me,https://numnumsbakery.com.au/indian-sweet,0,1,0,42
tiramisu,https://numnumsbakery.com.au/,0,10,0,8.2
tiramisu auburn,https://numnumsbakery.com.au/,0,1,0,19
tiramisu birthday cake near me,https://numnumsbakery.com.au/blog/eggless-cakes-schofields,0,2,0,3.5
tiramisu buy near me,https://numnumsbakery.com.au/,0,1,0,5
tiramisu cake,https://numnumsbakery.com.au/,0,13,0,12.9
tiramisu cake buy,https://numnumsbakery.com.au/,0,1,0,7
tiramisu cake near me,https://numnumsbakery.com.au/,0,2,0,6.5
tiramisu cake near me,https://numnumsbakery.com.au/blog/eggless-cakes-schofields,0,6,0,7.2
tiramisu cake near me bakery,https://numnumsbakery.com.au/blog/eggless-cakes-schofields,0,1,0,5
tiramisu cake sydney,https://numnumsbakery.com.au/,0,1,0,3
tiramisu cakes,https://numnumsbakery.com.au/,0,1,0,7
tiramisu cupcakes near me,https://numnumsbakery.com.au/blog/best-dessert-shop-sydney,0,1,0,16
tiramisu magnum,https://numnumsbakery.com.au/,0,1,0,4
tiramisu magnum,https://numnumsbakery.com.au/cakes,0,1,0,4
tiramisu near me,https://numnumsbakery.com.au/,0,21,0,7.5
tiramisu near me open now,https://numnumsbakery.com.au/,0,2,0,12
tiramisu nearby,https://numnumsbakery.com.au/,0,1,0,9
tiramisu parramatta,https://numnumsbakery.com.au/,0,5,0,19.2
tiramisu regents park,https://numnumsbakery.com.au/,0,1,0,7
tiramisu shop near me,https://numnumsbakery.com.au/,0,1,0,4
tiramisu stand,https://numnumsbakery.com.au/,0,1,0,9
tiếng anh,https://numnumsbakery.com.au/blog/cake-message-ideas-sydney,0,1,0,1
toddler birthday cakes,https://numnumsbakery.com.au/blog/kids-birthday-cake-sydney,0,1,0,21
toddler cake restaurant,https://numnumsbakery.com.au/blog/kids-birthday-cake-sydney,0,2,0,7
toko kue terdekat,https://numnumsbakery.com.au/,0,1,0,5
tom cakes,https://numnumsbakery.com.au/,0,7,0,39.9
tom cakes,https://numnumsbakery.com.au/blog/eggless-cake-bakery-harris-park-riverstone-sydney,0,3,0,10.3
tom cakes,https://numnumsbakery.com.au/cakes,0,6,0,61.3
tom thumb bakery,https://numnumsbakery.com.au/,0,1,0,27
tom's bakery,https://numnumsbakery.com.au/,0,3,0,27.3
toongabbie bakery,https://numnumsbakery.com.au/blog/eggless-cakes-old-toongabbie,0,1,0,11
top cakes,https://numnumsbakery.com.au/blog/best-cake-sydney,0,1,0,44
top impression bakery north sydney,https://numnumsbakery.com.au/,0,3,0,43.3
top rated bakery near me,https://numnumsbakery.com.au/,0,1,0,6
top rated birthday cake,https://numnumsbakery.com.au/,0,2,0,5
top rated cake,https://numnumsbakery.com.au/,0,2,0,6.5
top rated cake,https://numnumsbakery.com.au/blog/best-cake-sydney,0,1,0,27
top rated cake near me,https://numnumsbakery.com.au/,0,1,0,4
top rated cake shop near me,https://numnumsbakery.com.au/,0,12,0,4.9
top rated cake shop near me open now,https://numnumsbakery.com.au/cakes,0,1,0,13
top rated cake shops near me,https://numnumsbakery.com.au/,0,2,0,12.5
top rated cakes,https://numnumsbakery.com.au/blog/best-cake-sydney,0,2,0,27
top rated cakes near me,https://numnumsbakery.com.au/,0,3,0,5.7
top rated croissant near me,https://numnumsbakery.com.au/,0,1,0,13
top rated dessert,https://numnumsbakery.com.au/,0,1,0,10
top rated dessert near me,https://numnumsbakery.com.au/,0,1,0,19
top rated desserts near me,https://numnumsbakery.com.au/,0,1,0,1
top rated eggless cake near me,https://numnumsbakery.com.au/,0,4,0,2.2
top rated pastry shop near me,https://numnumsbakery.com.au/,0,1,0,18
top rated patisserie near me,https://numnumsbakery.com.au/,0,2,0,10
toppers bakery,https://numnumsbakery.com.au/blog/cake-toppers-sydney,0,3,0,5
townhall bakery,https://numnumsbakery.com.au/,0,1,0,14
tree nut free bakery near me,https://numnumsbakery.com.au/,0,1,0,62
treliche cake near me,https://numnumsbakery.com.au/,0,1,0,10
tres leches cake near me,https://numnumsbakery.com.au/,0,4,0,11
tres leches near me,https://numnumsbakery.com.au/,0,2,0,6
tres leches near me,https://numnumsbakery.com.au/cakes,0,1,0,5
tres leches where to buy,https://numnumsbakery.com.au/,0,1,0,28
tumut bakery,https://numnumsbakery.com.au/,0,6,0,37.7
two hearts bakery,https://numnumsbakery.com.au/blog/best-dessert-shop-sydney,0,1,0,11
two tarts tumut,https://numnumsbakery.com.au/,0,2,0,55.5
types of modern cakes,https://numnumsbakery.com.au/cakes,0,1,0,1
ube cake near me,https://numnumsbakery.com.au/,0,3,0,19.3
ube cake order,https://numnumsbakery.com.au/cakes,0,1,0,1
ube flan near me,https://numnumsbakery.com.au/,0,1,0,8
uber cake delivery,https://numnumsbakery.com.au/,0,1,0,5
uber cake delivery,https://numnumsbakery.com.au/cakes,0,1,0,5
uber eats bakery,https://numnumsbakery.com.au/,0,1,0,3
uber eats bakery,https://numnumsbakery.com.au/cakes,0,1,0,3
ukaz mi ukazky,https://numnumsbakery.com.au/blog/photo-cake-sydney,0,1,0,4
umina bakery,https://numnumsbakery.com.au/,0,2,0,49
unfilled sponge cake,https://numnumsbakery.com.au/,0,1,0,1
unfinished cakes sydney,https://numnumsbakery.com.au/blog/naked-cake-sydney,0,22,0,15.7
unique bday cake,https://numnumsbakery.com.au/blog/unique-birthday-cake-ideas-sydney,0,1,0,6
unique birthday cake for 60 year old man near me,https://numnumsbakery.com.au/blog/birthday-cake-for-men-sydney,0,1,0,1
unique birthday cakes,https://numnumsbakery.com.au/blog/unique-birthday-cake-ideas-sydney,0,2,0,9
unique cakes,https://numnumsbakery.com.au/blog/unique-birthday-cake-ideas-sydney,0,4,0,8.8
unique cakes for birthday,https://numnumsbakery.com.au/blog/unique-birthday-cake-ideas-sydney,0,1,0,9
unique desserts near me,https://numnumsbakery.com.au/,0,1,0,16
uno bakery,https://numnumsbakery.com.au/,0,1,0,22
v cakes,https://numnumsbakery.com.au/,0,1,0,5
vanilla buttercream cake near me,https://numnumsbakery.com.au/,0,1,0,1
vanilla cake calories per 100g,https://numnumsbakery.com.au/blog/eggless-cake-calories-guide-sydney,0,1,0,11
vanilla cake halal,https://numnumsbakery.com.au/blog/halal-friendly-cakes-eggless-sydney,0,1,0,12
vanilla cake near me,https://numnumsbakery.com.au/,0,3,0,4
vanilla cake near me,https://numnumsbakery.com.au/cakes,0,1,0,32
vanilla cake shop near me,https://numnumsbakery.com.au/blog/best-dessert-shop-sydney,0,1,0,13
vanilla cake sydney,https://numnumsbakery.com.au/,0,1,0,3
vanilla cakes near me,https://numnumsbakery.com.au/,0,1,0,2
vanilla cakes near me,https://numnumsbakery.com.au/blog/best-dessert-shop-sydney,0,1,0,13
vanilla pastry,https://numnumsbakery.com.au/,0,1,0,6
vanilla slice cake,https://numnumsbakery.com.au/,0,2,0,8
vanilla slice near me,https://numnumsbakery.com.au/,0,1,0,3
vanilla sponge cake near me,https://numnumsbakery.com.au/,0,1,0,3
vanilla sponge fruit cake,https://numnumsbakery.com.au/,0,1,0,45
variety cake,https://numnumsbakery.com.au/,0,1,0,4
veg cake,https://numnumsbakery.com.au/,0,1,0,5
veg cake near me,https://numnumsbakery.com.au/,0,6,0,7.7
veg cake near me,https://numnumsbakery.com.au/blog/best-eggless-cake-shops-sydney-2026,0,6,0,6.5
veg cake near me,https://numnumsbakery.com.au/blog/eggless-cake-bakery-harris-park-riverstone-sydney,0,4,0,9.8
veg cake near me,https://numnumsbakery.com.au/blog/eggless-cakes-dean-park,0,1,0,8
veg cake near me,https://numnumsbakery.com.au/blog/eggless-cakes-schofields,0,1,0,7
veg cake near me,https://numnumsbakery.com.au/cakes,0,1,0,1
veg cake shop,https://numnumsbakery.com.au/,0,1,0,1
veg cake shop near me,https://numnumsbakery.com.au/,0,4,0,8
veg cakes near me,https://numnumsbakery.com.au/,0,2,0,1
veg cakes near me,https://numnumsbakery.com.au/blog/best-eggless-cake-shops-sydney-2026,0,5,0,5.8
veg puff,https://numnumsbakery.com.au/,0,1,0,4
veg puff near me,https://numnumsbakery.com.au/,0,4,0,2.8
veg puffs,https://numnumsbakery.com.au/,0,1,0,10
vegan almond croissant near me,https://numnumsbakery.com.au/,0,1,0,10
vegan bakeries near me,https://numnumsbakery.com.au/,0,1,0,12
vegan bakeries sydney,https://numnumsbakery.com.au/,0,1,0,16
vegan bakery,https://numnumsbakery.com.au/,0,1,0,10
vegan bakery near me,https://numnumsbakery.com.au/,0,1,0,5
vegan bakery sydney,https://numnumsbakery.com.au/,0,1,0,9
vegan cake,https://numnumsbakery.com.au/,0,8,0,12.5
vegan cake,https://numnumsbakery.com.au/blog/eggless-cakes-northwest-sydney,0,3,0,4.3
vegan cake,https://numnumsbakery.com.au/blog/eggless-cakes-the-ponds,0,2,0,6
vegan cake meaning,https://numnumsbakery.com.au/blog/vegan-vs-eggless-cakes-difference,0,1,0,1
vegan cake near me,https://numnumsbakery.com.au/blog/eggless-cakes-northwest-sydney,0,2,0,1
vegan cake near me,https://numnumsbakery.com.au/blog/eggless-cakes-the-ponds,0,1,0,1
vegan cake shop near me,https://numnumsbakery.com.au/,0,1,0,1
vegan cake vs regular cake,https://numnumsbakery.com.au/blog/vegan-vs-eggless-cakes-difference,0,10,0,16.3
vegan cake windsor,https://numnumsbakery.com.au/blog/eggless-cakes-south-windsor,0,1,0,8
vegan cakes,https://numnumsbakery.com.au/cakes,0,1,0,24
vegan cakes cherrybrook,https://numnumsbakery.com.au/,0,12,0,70.1
vegan cakes cherrybrook,https://numnumsbakery.com.au/blog/eggless-cakes-cherrybrook,0,6,0,9.8
vegan cakes near me,https://numnumsbakery.com.au/,0,1,0,9
vegan cakes near me,https://numnumsbakery.com.au/blog/eggless-cakes-dean-park,0,1,0,10
vegan cakes near me,https://numnumsbakery.com.au/blog/eggless-cakes-riverstone,0,2,0,6.5
vegan cakes parramatta,https://numnumsbakery.com.au/,0,5,0,46.6
vegan cakes parramatta,https://numnumsbakery.com.au/blog/photo-cake-sydney,0,2,0,2
vegan cakes sydney,https://numnumsbakery.com.au/,0,1,0,28
vegan chocolate mousse cake,https://numnumsbakery.com.au/,0,1,0,14
vegan cookies near me,https://numnumsbakery.com.au/,0,1,0,2
vegan dark chocolate cake,https://numnumsbakery.com.au/,0,1,0,4
vegan dessert near me open now,https://numnumsbakery.com.au/,0,1,0,10
vegan desserts near me,https://numnumsbakery.com.au/,0,1,0,30
vegan food around me,https://numnumsbakery.com.au/,0,1,0,69
vegan pastries near me,https://numnumsbakery.com.au/,0,1,0,21
vegan pie near me,https://numnumsbakery.com.au/,0,1,0,7
vegan tiramisu near me,https://numnumsbakery.com.au/,0,1,0,14
vegetarian bakery near me,https://numnumsbakery.com.au/,0,1,0,4
vegetarian bakery near me,https://numnumsbakery.com.au/cakes,0,1,0,4
vegetarian cake,https://numnumsbakery.com.au/,0,1,0,4
vegetarian cake near me,https://numnumsbakery.com.au/,0,2,0,8
vegetarian cake near me,https://numnumsbakery.com.au/blog/best-eggless-cake-shops-sydney-2026,0,5,0,6.8
vegetarian cake shop near me,https://numnumsbakery.com.au/,0,1,0,4
vegetarian cakes near me,https://numnumsbakery.com.au/blog/best-eggless-cake-shops-sydney-2026,0,1,0,8
vegetarian pie near me,https://numnumsbakery.com.au/,0,1,0,9
veggie pies,https://numnumsbakery.com.au/,0,1,0,5
victoria sponge cake near me,https://numnumsbakery.com.au/,0,1,0,4
villawood bakery,https://numnumsbakery.com.au/blog/eggless-cakes-villawood,0,1,0,9
walk in cake shop near me,https://numnumsbakery.com.au/blog/eggless-cake-bakery-harris-park-riverstone-sydney,0,1,0,12
walnut brownie near me,https://numnumsbakery.com.au/,0,1,0,58
walnut cake,https://numnumsbakery.com.au/,0,1,0,7
warm cookie near me,https://numnumsbakery.com.au/blog/eggless-cake-bakery-harris-park-riverstone-sydney,0,1,0,1
warm cookie near me,https://numnumsbakery.com.au/cakes,0,1,0,1
watermelon cake,https://numnumsbakery.com.au/,0,3,0,21.7
watermelon cake near me,https://numnumsbakery.com.au/,0,2,0,4
watermelon cake parramatta,https://numnumsbakery.com.au/,0,2,0,10
weather stanhope gardens,https://numnumsbakery.com.au/blog/eggless-cakes-stanhope-gardens,0,1,0,3
wedding cake cost,https://numnumsbakery.com.au/blog/cake-price-guide-sydney,0,1,0,30
wedding cake cost sydney,https://numnumsbakery.com.au/blog/cake-price-guide-sydney,0,14,0,11
wedding cake prices sydney,https://numnumsbakery.com.au/blog/cake-price-guide-sydney,0,2,0,11
wedding cake tasting cost,https://numnumsbakery.com.au/blog/eggless-cake-tasting-sydney,0,1,0,10
wedding cake with fruit,https://numnumsbakery.com.au/,0,1,0,20
wedding cakes & desserts sydney,https://numnumsbakery.com.au/blog/wedding-cake-sydney-north-west,0,93,0,12.3
wedding cakes barangaroo,https://numnumsbakery.com.au/,0,7,0,82
wedding cakes eastern suburbs,https://numnumsbakery.com.au/blog/eggless-cakes-schofields,0,1,0,77
wedding cakes eastern suburbs,https://numnumsbakery.com.au/blog/multicultural-celebration-cake-sydney,0,1,0,33
wedding cakes inner west,https://numnumsbakery.com.au/blog/multicultural-celebration-cake-sydney,0,1,0,6
wedding cakes near me,https://numnumsbakery.com.au/,0,1,0,33
wedding cakes sydney,https://numnumsbakery.com.au/blog/best-cake-sydney,0,1,0,4
wentworthville bakery,https://numnumsbakery.com.au/,0,1,0,9
wentworthville cake shop,https://numnumsbakery.com.au/,0,2,0,16.5
west end dessert,https://numnumsbakery.com.au/blog/best-dessert-shop-sydney,0,1,0,11
west ryde bakery,https://numnumsbakery.com.au/blog/eggless-cakes-west-ryde,0,3,0,11.3
west ryde cake,https://numnumsbakery.com.au/blog/eggless-cakes-west-ryde,0,1,0,12
west ryde postcode,https://numnumsbakery.com.au/blog/eggless-cakes-west-ryde,0,1,0,30
western bakery,https://numnumsbakery.com.au/blog/best-dessert-shop-sydney,0,20,0,9.8
western sydney,https://numnumsbakery.com.au/blog/best-dessert-shop-sydney,0,1,0,3
westmead,https://numnumsbakery.com.au/,0,1,0,4
what does it do?,https://numnumsbakery.com.au/,0,1,0,10
what does it do?,https://numnumsbakery.com.au/indian-sweet,0,1,0,6
what does it do?,https://numnumsbakery.com.au/order,0,1,0,7
what is a halal cake,https://numnumsbakery.com.au/blog/halal-friendly-cakes-eggless-sydney,0,3,0,17
what is a smash cake,https://numnumsbakery.com.au/blog/cake-smash-vs-first-birthday-cake-sydney,0,1,0,17
what is a standard cake size,https://numnumsbakery.com.au/blog/cake-serving-size-guide-sydney,0,2,0,7.5
what is a standard round cake size,https://numnumsbakery.com.au/blog/cake-serving-size-guide-sydney,0,1,0,5
what is a topper on a cake,https://numnumsbakery.com.au/blog/cake-toppers-sydney,0,1,0,2
what is an eggless cake,https://numnumsbakery.com.au/blog/eggless-cakes-soft-moist-myths-vs-facts,0,1,0,1
what is butter scotch,https://numnumsbakery.com.au/,0,1,0,4
what is eggless cake,https://numnumsbakery.com.au/blog/eggless-cake-vs-sponge-cake,0,1,0,6
what is eggless cake,https://numnumsbakery.com.au/blog/eggless-cakes-soft-moist-myths-vs-facts,0,1,0,1
what is eggless cake,https://numnumsbakery.com.au/blog/vegan-vs-eggless-cakes-difference,0,2,0,1
what is halal cake,https://numnumsbakery.com.au/blog/halal-friendly-cakes-eggless-sydney,0,3,0,9.7
what is photo cake,https://numnumsbakery.com.au/blog/photo-cake-sydney,0,1,0,6
what is the best tasting cake,https://numnumsbakery.com.au/blog/best-cake-sydney,0,1,0,10
what is the standard cake size,https://numnumsbakery.com.au/blog/cake-serving-size-guide-sydney,0,1,0,7
what makes a cake halal,https://numnumsbakery.com.au/blog/halal-friendly-cakes-eggless-sydney,0,6,0,8.3
what size cake feeds 100 people,https://numnumsbakery.com.au/blog/cake-serving-size-guide-sydney,0,1,0,6
what size cake feeds 15 people,https://numnumsbakery.com.au/blog/cake-serving-size-guide-sydney,0,1,0,5
what size cake for 35 people,https://numnumsbakery.com.au/blog/cake-serving-size-guide-sydney,0,1,0,4
what stores do photo cakes,https://numnumsbakery.com.au/blog/photo-cake-sydney,0,1,0,1
whats a cake topper,https://numnumsbakery.com.au/blog/cake-toppers-sydney,0,5,0,4.2
whatsapp+dessert,https://numnumsbakery.com.au/blog/best-dessert-shop-sydney,0,1,0,9
when,https://numnumsbakery.com.au/blog/teej-sydney,0,1,0,1
when is teej 2026 in nepal,https://numnumsbakery.com.au/blog/teej-sydney,0,1,0,1
when is teej in nepali date 2026,https://numnumsbakery.com.au/blog/teej-sydney,0,1,0,1
where can i buy a gluten free cake,https://numnumsbakery.com.au/,0,2,0,6
where can i buy a sugar free cake near me,https://numnumsbakery.com.au/blog/best-eggless-cake-shops-sydney-2026,0,1,0,21
where can i buy an eggless cake,https://numnumsbakery.com.au/blog/best-eggless-cake-shops-sydney-2026,0,2,0,6
where can i buy an eggless cake,https://numnumsbakery.com.au/blog/eggless-cake-bakery-harris-park-riverstone-sydney,0,1,0,14
where can i buy cassava cake near me,https://numnumsbakery.com.au/,0,1,0,1
where can i buy eggless cake,https://numnumsbakery.com.au/blog/best-eggless-cake-shops-sydney-2026,0,7,0,7
where can i buy eggless cake,https://numnumsbakery.com.au/blog/eggless-cake-bakery-harris-park-riverstone-sydney,0,1,0,13
where can i buy eggless cake,https://numnumsbakery.com.au/blog/eggless-cake-for-vegetarians-sydney,0,3,0,11.7
where can i buy eggless cake near me,https://numnumsbakery.com.au/blog/eggless-cakes-minchinbury,0,2,0,8.5
where can i buy eggless cake near me,https://numnumsbakery.com.au/blog/eggless-cakes-villawood,0,2,0,3
where can i buy focaccia,https://numnumsbakery.com.au/,0,1,0,12
where can i buy pastries near me,https://numnumsbakery.com.au/,0,1,0,7
where can i buy sugar free desserts near me,https://numnumsbakery.com.au/blog/best-dessert-shop-sydney,0,1,0,30
where can i buy them,https://numnumsbakery.com.au/,0,1,0,6
where can i buy them,https://numnumsbakery.com.au/blog/best-eggless-cake-shops-sydney-2026,0,1,0,5
where can i find eggless cakes near me,https://numnumsbakery.com.au/blog/best-eggless-cake-shops-sydney-2026,0,1,0,4
where can i find eggless cakes near me,https://numnumsbakery.com.au/blog/eggless-cake-bakery-harris-park-riverstone-sydney,0,1,0,3
where can i get a cake with a picture on it,https://numnumsbakery.com.au/blog/photo-cake-sydney,0,1,0,8
where can i get a photo cake,https://numnumsbakery.com.au/blog/photo-cake-sydney,0,1,0,8
where can i get a photo on a cake,https://numnumsbakery.com.au/blog/photo-cake-sydney,0,1,0,8
where can i get a photo printed on a cake,https://numnumsbakery.com.au/blog/photo-cake-sydney,0,1,0,9
where can i get a photo put on a cake?,https://numnumsbakery.com.au/blog/photo-cake-sydney,0,1,0,9
where can i get a picture on a cake,https://numnumsbakery.com.au/blog/photo-cake-sydney,0,2,0,11
where can i get edible images printed near me,https://numnumsbakery.com.au/blog/photo-cake-sydney,0,1,0,6
where can i get eggless cake near me,https://numnumsbakery.com.au/,0,1,0,1
where can i get eggless cake near me,https://numnumsbakery.com.au/blog/best-eggless-cake-shops-sydney-2026,0,4,0,5
where can i get eggless cake near me,https://numnumsbakery.com.au/blog/eggless-cake-bakery-harris-park-riverstone-sydney,0,4,0,8.2
where can i get kulcha bread near me,https://numnumsbakery.com.au/,0,1,0,2
where can i get num noms,https://numnumsbakery.com.au/,0,1,0,2
where can i order a cake with a photo on it,https://numnumsbakery.com.au/blog/photo-cake-sydney,0,1,0,6
where can i print edible images near me,https://numnumsbakery.com.au/blog/photo-cake-sydney,0,3,0,12.7
where do they sell cinnamon rolls,https://numnumsbakery.com.au/,0,1,0,14
where to buy birthday cake near me,https://numnumsbakery.com.au/,0,1,0,2
where to buy birthday cakes near me,https://numnumsbakery.com.au/blog/eggless-cakes-dean-park,0,1,0,11
where to buy brazo de mercedes,https://numnumsbakery.com.au/,0,2,0,6.5
where to buy cake near me,https://numnumsbakery.com.au/,0,1,0,5
where to buy cakes,https://numnumsbakery.com.au/,0,1,0,32
where to buy cakes near me,https://numnumsbakery.com.au/,0,1,0,8
where to buy cakes near me,https://numnumsbakery.com.au/blog/eggless-cake-bakery-harris-park-riverstone-sydney,0,1,0,9
where to buy cakes near me,https://numnumsbakery.com.au/blog/eggless-cakes-riverstone,0,1,0,6
where to buy chocolate mousse cake near me,https://numnumsbakery.com.au/blog/best-dessert-shop-sydney,0,2,0,26
where to buy cookies near me,https://numnumsbakery.com.au/,0,1,0,7
where to buy desserts,https://numnumsbakery.com.au/blog/best-dessert-shop-sydney,0,1,0,19
where to buy desserts near me,https://numnumsbakery.com.au/blog/best-dessert-shop-sydney,0,3,0,12.3
where to buy diabetic cakes near me,https://numnumsbakery.com.au/blog/best-dessert-shop-sydney,0,2,0,28
where to buy egg free cake,https://numnumsbakery.com.au/blog/best-eggless-cake-shops-sydney-2026,0,1,0,11
where to buy egg free cake,https://numnumsbakery.com.au/blog/eggless-cake-for-vegetarians-sydney,0,1,0,24
where to buy eggless cake near me,https://numnumsbakery.com.au/,0,1,0,49
where to buy eggless cake near me,https://numnumsbakery.com.au/blog/best-eggless-cake-shops-sydney-2026,0,10,0,5.8
where to buy eggless cake near me,https://numnumsbakery.com.au/blog/eggless-cake-bakery-harris-park-riverstone-sydney,0,5,0,10.2
where to buy eggless cake near me,https://numnumsbakery.com.au/blog/eggless-cakes-bonnyrigg,0,1,0,1
where to buy eggless cake near me,https://numnumsbakery.com.au/blog/eggless-cakes-dean-park,0,2,0,10.5
where to buy eggless cake near me,https://numnumsbakery.com.au/blog/eggless-cakes-doonside,0,2,0,5
where to buy eggless cake near me,https://numnumsbakery.com.au/blog/eggless-cakes-minchinbury,0,1,0,10
where to buy eggless cake near me,https://numnumsbakery.com.au/blog/eggless-cakes-riverstone,0,2,0,7.5
where to buy eggless cupcakes near me,https://numnumsbakery.com.au/blog/eggless-cake-bakery-harris-park-riverstone-sydney,0,1,0,5
where to buy fruit cake,https://numnumsbakery.com.au/,0,1,0,2
where to buy fruit shaped pastries,https://numnumsbakery.com.au/,0,1,0,24
where to buy ghee,https://numnumsbakery.com.au/about,0,3,0,1
where to buy indian sweets near me,https://numnumsbakery.com.au/indian-sweet,0,3,0,19
where to buy jungle juice,https://numnumsbakery.com.au/,0,1,0,5
where to buy kulfi near me,https://numnumsbakery.com.au/indian-sweet,0,1,0,67
where to buy mini cakes for afternoon tea,https://numnumsbakery.com.au/blog/afternoon-tea-cakes-sydney,0,1,0,5
where to buy mini desserts near me,https://numnumsbakery.com.au/blog/best-dessert-shop-sydney,0,1,0,23
where to buy mochi donuts,https://numnumsbakery.com.au/,0,1,0,18
where to buy mooncake,https://numnumsbakery.com.au/,0,1,0,6
where to buy nut free desserts,https://numnumsbakery.com.au/blog/eggless-cake-nut-free-sydney,0,1,0,7
where to buy nyonya kuih near me,https://numnumsbakery.com.au/,0,1,0,10
where to buy red velvet cake near me,https://numnumsbakery.com.au/,0,1,0,1
where to buy red velvet cake near me,https://numnumsbakery.com.au/cakes,0,1,0,1
where to buy sugar free cupcakes near me,https://numnumsbakery.com.au/blog/best-dessert-shop-sydney,0,2,0,29.5
where to buy sugar free desserts near me,https://numnumsbakery.com.au/blog/best-dessert-shop-sydney,0,2,0,25.5
where to buy sweet puff,https://numnumsbakery.com.au/,0,1,0,74
where to buy tiramisu,https://numnumsbakery.com.au/,0,1,0,34
where to buy tres leches cake near me,https://numnumsbakery.com.au/,0,1,0,1
where to buy undecorated cakes near me,https://numnumsbakery.com.au/blog/how-to-order-cake-sydney,0,1,0,57
where to get a birthday cake near me,https://numnumsbakery.com.au/,0,1,0,18
where to get a cake with a picture printed on it,https://numnumsbakery.com.au/blog/photo-cake-sydney,0,1,0,9
where to get a picture printed on a cake,https://numnumsbakery.com.au/blog/photo-cake-sydney,0,1,0,7
where to get cake near me,https://numnumsbakery.com.au/,0,2,0,5.5
where to get cakes with pictures on them,https://numnumsbakery.com.au/,0,1,0,1
where to get cakes with pictures on them,https://numnumsbakery.com.au/blog/photo-cake-sydney,0,1,0,1
where to get edible images printed near me,https://numnumsbakery.com.au/blog/photo-cake-sydney,0,1,0,8
where to get eggless cake near me,https://numnumsbakery.com.au/blog/best-eggless-cake-shops-sydney-2026,0,1,0,4
where to get good donuts near me,https://numnumsbakery.com.au/,0,1,0,6
where to go at night near me,https://numnumsbakery.com.au/,0,1,0,53
where to order cupcakes,https://numnumsbakery.com.au/,0,1,0,10
where to order smash cake for baby,https://numnumsbakery.com.au/blog/first-birthday-cake-sydney,0,1,0,13
where to print edible images for cakes near me,https://numnumsbakery.com.au/,0,1,0,1
where to print edible images for cakes near me,https://numnumsbakery.com.au/blog/photo-cake-sydney,0,145,0,28.4
which better,https://numnumsbakery.com.au/blog/best-eggless-cake-shops-sydney-2026,0,1,0,4
which better,https://numnumsbakery.com.au/blog/eggless-cakes-dean-park,0,1,0,1
which cake is best,https://numnumsbakery.com.au/blog/best-cake-sydney,0,4,0,16.2
which cake is better egg or eggless,https://numnumsbakery.com.au/blog/vegan-vs-eggless-cakes-difference,0,1,0,9
which cake tastes better egg or eggless,https://numnumsbakery.com.au/blog/eggless-cakes-soft-moist-myths-vs-facts,0,1,0,9
which eggless cake is best?,https://numnumsbakery.com.au/blog/best-eggless-cake-shops-sydney-2026,0,1,0,20
which fruit ingredients work best for bakery fillings and fruit layers?,https://numnumsbakery.com.au/blog/eggless-cake-fillings-sydney,0,5,0,6.8
which is the best,https://numnumsbakery.com.au/,0,1,0,4
which is the best,https://numnumsbakery.com.au/blog/best-eggless-cake-shops-sydney-2026,0,1,0,6
which is the best,https://numnumsbakery.com.au/blog/eggless-cake-bakery-harris-park-riverstone-sydney,0,1,0,7
white chocolate mousse cake near me,https://numnumsbakery.com.au/blog/best-dessert-shop-sydney,0,1,0,23
white flower pattern,https://numnumsbakery.com.au/,0,1,0,9
white forest cake near me,https://numnumsbakery.com.au/,0,4,0,8.5
white forest eggless cake,https://numnumsbakery.com.au/,0,1,0,2
white kulcha bread,https://numnumsbakery.com.au/,0,1,0,3
who is that,https://numnumsbakery.com.au/blog/photo-cake-sydney,0,1,0,2
who makes photo cakes,https://numnumsbakery.com.au/blog/photo-cake-sydney,0,1,0,7
who makes photo cakes near me,https://numnumsbakery.com.au/blog/photo-cake-sydney,0,1,0,4
whole cake bakery,https://numnumsbakery.com.au/blog/first-birthday-cake-sydney,0,1,0,24
whole cake calories,https://numnumsbakery.com.au/blog/eggless-cake-calories-guide-sydney,0,1,0,7
wholesale cakes for cafes,https://numnumsbakery.com.au/blog/eggless-cake-wholesale-sydney,0,3,0,23
wholesale cakes for restaurants,https://numnumsbakery.com.au/blog/eggless-cake-wholesale-sydney,0,3,0,31.3
wholesale cakes sydney,https://numnumsbakery.com.au/,0,2,0,70
wholesale cakes sydney,https://numnumsbakery.com.au/blog/eggless-cake-wholesale-sydney,0,1,0,34
wholesale celebration custom cake,https://numnumsbakery.com.au/blog/celebration-cake-sydney,0,3,0,12.7
why eggless cake is costly,https://numnumsbakery.com.au/blog,0,1,0,9
why eggless cake is costly,https://numnumsbakery.com.au/blog/eggless-cake-ingredients-sydney,0,1,0,11
whynum,https://numnumsbakery.com.au/blog/best-dessert-shop-sydney,0,1,0,12
winston bakery,https://numnumsbakery.com.au/blog/eggless-cakes-winston-hills,0,1,0,11
woodville bakery,https://numnumsbakery.com.au/blog/eggless-cakes-woodville,0,1,0,11
would it be safe?,https://numnumsbakery.com.au/blog/eggless-cake-food-colouring-sydney,0,1,0,4
www.nums,https://numnumsbakery.com.au/,0,1,0,8
wynnum bakery,https://numnumsbakery.com.au/,0,2,0,35.5
wynnum bakery,https://numnumsbakery.com.au/about,0,1,0,53
wynnum plaza bakery,https://numnumsbakery.com.au/order,0,1,0,97
wynnum west bakery,https://numnumsbakery.com.au/,0,1,0,45
y&m patisserie,https://numnumsbakery.com.au/,0,2,0,49.5
yema cake,https://numnumsbakery.com.au/,0,1,0,4
yema cake near me,https://numnumsbakery.com.au/,0,1,0,8
yes,https://numnumsbakery.com.au/,0,1,0,2
yes,https://numnumsbakery.com.au/blog/best-dessert-shop-sydney,0,1,0,6
yes,https://numnumsbakery.com.au/blog/best-eggless-cake-shops-sydney-2026,0,2,0,8.5
yes,https://numnumsbakery.com.au/blog/eggless-cake-for-vegetarians-sydney,0,1,0,9
yes bakery,https://numnumsbakery.com.au/blog/best-eggless-cake-shops-sydney-2026,0,5,0,8.8
yes eggless,https://numnumsbakery.com.au/blog/eggless-cakes-mount-druitt,0,1,0,7
yes please,https://numnumsbakery.com.au/,0,2,0,2
yes please,https://numnumsbakery.com.au/blog/halal-friendly-cakes-eggless-sydney,0,1,0,3
yes please,https://numnumsbakery.com.au/order,0,1,0,5
yoona baking,https://numnumsbakery.com.au/,0,27,0,37.8
yum num,https://numnumsbakery.com.au/,0,1,0,1
yuzu cake sydney,https://numnumsbakery.com.au/,0,2,0,44
zhong qiu jie 2026,https://numnumsbakery.com.au/blog/eggless-cakes-mid-autumn-festival-sydney,0,1,0,12
zomato cake order,https://numnumsbakery.com.au/,0,1,0,1
zumbo desserts sydney,https://numnumsbakery.com.au/,0,1,0,77
zumbo patisserie sydney,https://numnumsbakery.com.au/,0,1,0,88
zumbo patisserie sydney stores,https://numnumsbakery.com.au/,0,1,0,76
ñum,https://numnumsbakery.com.au/,0,2,0,2.5
والكيك,https://numnumsbakery.com.au/blog/eggless-cake-low-fodmap-sydney,0,1,0,5
เบอเกอรี่ใกล้ฉัน,https://numnumsbakery.com.au/,0,1,0,10
順成蛋糕,https://numnumsbakery.com.au/,0,1,0,3
여긴 호주야,https://numnumsbakery.com.au/blog/photo-cake-sydney,0,1,0,9
