query,clicks,impressions,ctr,position
num num bakery,215,993,21.65,1.8
eggless cake near me,89,2612,3.41,8.8
numnum bakery,70,209,33.49,1.3
num nums bakery,63,352,17.9,1.6
num num bakery riverstone,55,262,20.99,1.3
num num bakery harris park,28,137,20.44,1.2
cake shop near me,26,867,3.0,7.0
numnums bakery,26,122,21.31,1.8
num num riverstone,24,159,15.09,1.0
eggless cake sydney,23,966,2.38,19.1
num nums bakery harris park,17,82,20.73,1.1
eggless cakes near me,16,710,2.25,17.9
num nums bakery riverstone menu,16,74,21.62,2.6
nums nums bakery,16,51,31.37,1.4
num num harris park,15,116,12.93,1.0
eggless cake parramatta,14,163,8.59,4.2
num num cakes,11,52,21.15,1.5
num nums bakery menu,10,79,12.66,3.1
num nums bakery riverstone,10,74,13.51,1.2
photo cake sydney,10,72,13.89,4.4
nom nom bakery,9,269,3.35,5.7
num num,9,424,2.12,2.4
cakes near me,8,174,4.6,10.6
harris park cake shop,8,211,3.79,5.9
cake shop riverstone,7,77,9.09,1.7
eggless cake in sydney,7,51,13.73,5.9
eggless cakes,7,715,0.98,17.1
eggless cakes sydney,7,634,1.1,20.9
rasmalai cake near me,6,158,3.8,7.4
bakery harris park,5,75,6.67,4.8
bakery near me,5,331,1.51,9.1
cake near me,5,183,2.73,8.1
cake shop harris park,5,170,2.94,5.3
eggless cake,5,299,1.67,8.1
nam nam bakery,5,53,9.43,1.8
photo cake,5,326,1.53,12.6
riverstone cake shop,5,23,21.74,1.5
egg free cakes sydney,4,205,1.95,10.1
eggless cake blacktown,4,114,3.51,4.7
eggless cupcakes near me,4,98,4.08,7.7
num nums,4,845,0.47,5.6
num nums bakery photos,4,69,5.8,2.6
rasmalai cake,4,96,4.17,4.4
bakeries near me,3,40,7.5,9.7
bakery in harris park,3,43,6.98,6.0
best cakes sydney,3,559,0.54,11.6
cake shop in harris park,3,125,2.4,5.7
cake shops near me,3,107,2.8,8.8
eggless cake shop near me,3,81,3.7,4.8
eggless chocolate cake near me,3,19,15.79,4.6
indian cake shop near me,3,64,4.69,5.5
birthday cake,2,28,7.14,8.4
birthday cakes near me,2,33,6.06,9.1
cake shop,2,112,1.79,12.6
cake shop near me open now,2,22,9.09,6.9
cookies near me,2,25,8.0,8.7
cupcakes near me,2,39,5.13,7.6
custom photo cake,2,55,3.64,6.4
egg free cake,2,4,50.0,6
egg free cake near me,2,32,6.25,6.8
egg less cake near me,2,12,16.67,4.1
eggless birthday cake near me,2,28,7.14,6.4
eggless cake online order,2,7,28.57,6.1
halal cakes near me,2,33,6.06,29.5
kids cakes,2,11,18.18,28.7
nam's eggless bakes,2,25,8.0,5.6
nomnom cake,2,42,4.76,3.5
num num bakery wentworthville,2,114,1.75,2.7
num nums bakery reviews,2,95,2.11,3.6
numnum cake,2,8,25.0,4.4
numnums,2,146,1.37,3.9
order eggless cake online,2,7,28.57,5.6
riverstone bakery,2,301,0.66,6.4
riverstone village shopping centre directory,2,5,40.0,1
vegan cake near me,2,8,25.0,8.6
15 people cake size,1,2,50.0,5.5
1st birthday cakes,1,21,4.76,17.8
baby first birthday smash cake,1,1,100,5
bakery cake,1,3,33.33,12
bakery parramatta,1,29,3.45,20.4
bakery riverstone,1,120,0.83,6.6
bento box cake near me,1,1,100,11
bento cake near me,1,3,33.33,17
best cake,1,83,1.2,9.5
best cake near me,1,4,25.0,17.5
best cake sydney,1,101,0.99,13.9
best dessert western sydney,1,19,5.26,9.1
best donuts near me,1,2,50.0,10.5
best eggless cake near me,1,25,4.0,3.8
birthday cake for 60 people,1,1,100,10
birthday cake shop near me,1,11,9.09,6.7
birthday cakes,1,5,20.0,11.6
black forest cake near me,1,5,20.0,6.6
butterscotch cake,1,12,8.33,3.6
butterscotch cake near me,1,5,20.0,4.4
buy eggless cake,1,17,5.88,5.9
cake,1,77,1.3,7.5
cake bakery near me,1,11,9.09,5.5
cake delivery windsor,1,2,50.0,28
cake order online,1,5,20.0,3.6
cake printing near me,1,16,6.25,9.8
cake shop in parramatta,1,21,4.76,13.7
cake shop near me budget friendly,1,4,25.0,8
cake shop near me within 1.6 km,1,2,50.0,8
cake shop parramatta,1,45,2.22,19.8
cake shop rouse hill,1,15,6.67,9.8
cake shop schofields,1,28,3.57,9.7
cake shop wentworthville,1,14,7.14,15.1
cake store near me,1,17,5.88,5.2
cake stores near me,1,8,12.5,6.8
cake with image on top,1,9,11.11,8.1
cake with photo,1,38,2.63,8.8
cake with picture printed,1,6,16.67,9.3
cake with printed image,1,14,7.14,6.3
cake with printed photo,1,4,25.0,6.8
cake without egg near me,1,4,25.0,3.8
cakes,1,36,2.78,11.5
cakes parramatta,1,26,3.85,14.8
cakes photos,1,2,50.0,6
cakes sydney,1,56,1.79,70.4
cakes with photos,1,11,9.09,9.5
cakeshop near me,1,3,33.33,7
cannoli cake near me,1,1,100,1
cannolis near me,1,2,50.0,2
chocolate sponge cake,1,4,25.0,29.5
coconut cake,1,1,100,4
coffee cake for sale,1,1,100,2
coffee near me,1,19,5.26,5.4
croissants near me,1,4,25.0,9.8
cupcake parramatta,1,4,25.0,5.5
cupcakes,1,15,6.67,7.9
cupcakes parramatta,1,22,4.55,6.5
custom cake,1,1,100,12
custom cake print picture,1,1,100,8
custom cake toppers sydney,1,7,14.29,8
custom cake with photo,1,17,5.88,6.9
custom cakes parramatta,1,10,10.0,7.6
custom desserts near me,1,2,50.0,4
custom image cake,1,52,1.92,6.3
custom picture cake,1,14,7.14,6.9
custom print cake,1,10,10.0,8.3
custom print cakes,1,2,50.0,6
custom printed cakes,1,5,20.0,4.8
dairy free cakes castle hill,1,16,6.25,17.1
delicious cake,1,1,100,23
deseert shop,1,1,100,15
dessert western sydney,1,55,1.82,8.9
dinosaur cakes near me,1,1,100,38
donuts near me,1,42,2.38,7.5
doughnut cakes near me,1,1,100,9
edible paper printing near me,1,4,25.0,11
edible print cake near me,1,2,50.0,8.5
egg free birthday cake near me,1,6,16.67,4.7
egg less cake,1,4,25.0,3.2
egg puff near me,1,2,50.0,6.5
eggless bakery near me,1,30,3.33,4.2
eggless cake delivery,1,18,5.56,6.6
eggless cake delivery sydney,1,38,2.63,5.4
eggless cake harris park,1,4,25.0,1.8
eggless cake order online,1,12,8.33,5.9
eggless cake shop,1,2034,0.05,20.7
eggless cake shops near me,1,9,11.11,4.3
eggless cake to buy,1,2,50.0,7
eggless cakes delivery,1,3,33.33,5.7
eggless cheesecake near me,1,17,5.88,5.8
eggless cupcake near me,1,10,10.0,5.4
eggless donuts near me,1,7,14.29,2.6
eggless pastry near me,1,28,3.57,4.0
eggless pav near me,1,11,9.09,8.7
eggless rasmalai cake near me,1,6,16.67,3
eggless sugar free cake near me,1,5,20.0,7
elsa cake near me,1,1,100,6
fathers day cake near me,1,1,100,14
first bday cakes,1,2,50.0,12.5
first birthday cake,1,12,8.33,16.5
for father’s day,1,1,100,1
fresh fruit cakes near me,1,1,100,1
gluten free cakes near me,1,4,25.0,10.5
gulab jamun cake,1,7,14.29,2.4
gulab jamun cake near me,1,21,4.76,8.3
gulab jamun cale,1,1,100,4
how much does a red velvet cake cost,1,1,100,1
image cake,1,36,2.78,7.5
image cakes near me,1,4,25.0,7.2
indian bakery near me,1,68,1.47,8.0
indian cakes near me,1,22,4.55,7.1
indian style cakes near me,1,2,50.0,3.5
indian sweets delivery,1,2,50.0,15
kids birthday cakes,1,95,1.05,15.7
mango cakes near me,1,2,50.0,11.5
marsden park cake shop,1,2,50.0,10
mini pies,1,1,100,7
nam bakery,1,4,25.0,5.8
namma bakery near me,1,1,100,3
nom nom cakes,1,1,100,3
nom noma,1,1,100,1
nomnom bakery,1,13,7.69,7.6
num num near me,1,3,33.33,1.7
num num s,1,2,50.0,9
nut free cake,1,28,3.57,13.6
online eggless cake,1,1,100,5
order cake near me,1,4,25.0,3.5
order cake online,1,3,33.33,17
oreo cakes near me,1,1,100,18
pastry shop near me,1,27,3.7,7.8
photo image cake,1,9,11.11,6.3
photo sheet cake,1,3,33.33,3.7
pregnancy safe cakes,1,1,100,4
print on cakes near me,1,3,33.33,6.7
print photo on cake,1,11,9.09,8.2
printed birthday cakes,1,3,33.33,7
printed picture cake,1,1,100,3
ras malai cake near me,1,3,33.33,6.3
rasmalai cake sydney,1,26,3.85,6.3
rasmalai cale,1,1,100,1
revani cake near me,1,1,100,2
riverstone,1,2,50.0,3.5
rouse hill cake shop,1,5,20.0,16.6
sheet cake with photo near me,1,1,100,4
small heart shaped cake,1,1,100,1
soccer cake near me,1,1,100,13
sydney best cakes,1,27,3.7,15.8
the cake shop,1,4,25.0,9.5
top rated cake shop near me open now,1,1,100,13
ube cake order,1,1,100,1
vegan cakes,1,1,100,24
vegan cakes castle hill,1,4,25.0,11
vegan dessert near me,1,1,100,13
vegan gluten free cake,1,1,100,1
vegetarian food,1,1,100,121
warm cookie near me,1,1,100,1
where to buy eggless cake near me,1,13,7.69,3.8
white forest cake,1,5,20.0,7.2
"""ferrero rocher"" -site:reddit.com -site:twitter.com -site:x.com -site:wykop.pl -site:tripadvisor.com -site:youtube.com -site:yelp.com -site:booking.com -site:facebook.com -site:instagram.com -site:tiktok.com",0,1,0,10
"""riverstone bakery""",0,26,0,9.0
"""riverstone bakery"" bakery",0,21,0,9.9
"""riverstone bakery"" bakery website",0,49,0,6.0
"""riverstone bakery"" official website",0,29,0,6
"""riverstone bakery"" website",0,85,0,7.1
"""riverstonebakery.com""",0,1,0,7
"""sydney"" bakery site:.com.au ""contact us""",0,4,0,8.2
1 birthday cake,0,1,0,25
1 cakes,0,2,0,10.5
1 kg mithai price,0,2,0,13
1 year old cakes,0,1,0,9
100 bakery,0,1,0,8
100g slice of cake,0,1,0,10
12 inch 2 layer cake servings,0,1,0,6
12 inch cake price,0,2,0,4.5
12 inch cake servings,0,1,0,11
12 round cake servings,0,1,0,7
15,0,1,0,9
15 12-16 toongabbie road toongabbie nsw 2146,0,1,0,21
15 cullum street bossley park,0,53,0,30.3
15 cullum street bossley park nsw 2176,0,90,0,32.5
16cm cake for how many pax,0,1,0,7
17cm cake for how many people,0,1,0,6
17cm cake size,0,1,0,10
1kg cake calories,0,2,0,9.5
1st birthday cake,0,10,0,28
1st birthday cake order,0,2,0,5
1st borthday cake,0,1,0,28
20 person cake size,0,1,0,4
20 serving cake size,0,1,0,6
2251,0,1,0,7
3 layer 12 inch cake servings,0,1,0,8
39 cake,0,1,0,8
4 inch cake for how many person,0,4,0,6
4 inch cake how many servings,0,1,0,5
4 inch cake serves how many,0,1,0,7
48 flavours locations,0,1,0,5
5 inch cake how many servings,0,1,0,11
5 inch cake serves how many,0,2,0,10
5 inch cake servings,0,1,0,10
50-70,0,1,0,3
6 inch cake for how many people,0,1,0,4
6 inch serving size,0,2,0,5.5
6 people cake size,0,1,0,4
6-inch cake size for how many person,0,1,0,4
6inch cake,0,1,0,1
7 inch cake feeds how many,0,1,0,10
7 inch cake serves how many people,0,1,0,6
7 inch cake serving,0,2,0,8.5
7 inches cake for how many people,0,1,0,6
8 inch 2 layer cake servings,0,1,0,7
8 inch cake,0,1,0,5
8 inch cake serves how many people,0,1,0,4
8 inch custom cake,0,1,0,12
8inch cake for how many people,0,1,0,6
9pm,0,1,0,1
a bakery for every culture,0,5,0,6
a cake serves 12 people. how many people will three such cakes serve?,0,1,0,4
a cakes bakery,0,1,0,11
a slice of cake calories,0,1,0,9
a&a eggless cakes reviews,0,4,0,11
adaminaby bakery,0,4,0,41.2
add photo to cake,0,1,0,7
afternoon tea cake selection,0,1,0,25
afternoon tea cakes to buy,0,1,0,12
aggarwal sweets near me,0,1,0,16
all india sweets,0,1,0,20
all occassion cake sydney,0,24,0,18.0
all sweets price,0,1,0,9
all the best cake,0,1,0,17
allambie cakes,0,1,0,54
almond croissant near me,0,4,0,12.8
almond croissants near me,0,1,0,17
amazing cakes sydney,0,3,0,29.7
amoun sweets,0,1,0,41
anda shop near me,0,1,0,7
anjeer barfi near me,0,1,0,4
anniversary cake sydney,0,10,0,20.2
anniversary cakes sydney,0,4,0,17.2
anniversay cakes,0,1,0,12
any cake shop near me,0,1,0,7
apple pie near me,0,2,0,4
are all cakes vegetarian,0,2,0,11
are cakes halal,0,11,0,13.4
are cakes vegetarian,0,1,0,12
are cupcakes halal,0,3,0,10.3
are cupcakes halal friendly,0,3,0,7
are eggless cakes good,0,1,0,3
are eggless cakes really eggless,0,2,0,9
are eggs halal friendly,0,1,0,11
are ice cream cakes eggless,0,2,0,3
are they safe for pregnant women,0,1,0,2
artarmon bakery,0,4,0,48.2
artarmon cake shop,0,2,0,45
ashtuta near me,0,1,0,8
asian bakery,0,1,0,24
asian bakery near me,0,3,0,6.7
asian birthday cake,0,4,0,21.8
asian cake shop,0,1,0,2
asian cake shop near me,0,2,0,7
asian cake store,0,2,0,32
asian cakes,0,2,0,29.5
asian mango cake,0,1,0,48
asian shop,0,1,0,8
assorted dessert box,0,1,0,3
assyrian new year,0,1,0,21
atul bakery near me,0,1,0,1
auburn bakery,0,2,0,11.5
auburn bakery shop,0,2,0,26.5
auburn cake bakery,0,1,0,10
authentic black forest cake,0,1,0,9
autumn bakery,0,1,0,3
baba sweets menu,0,1,0,55
baba sweets near me,0,4,0,40.8
baby bakery,0,1,0,11
baby birthday cake,0,3,0,19.3
baby birthday cakes,0,5,0,14.8
baby cookies,0,1,0,19
baby friendly cakes near me,0,1,0,11
baby shower cake,0,2,0,10
baby shower cake shops near me,0,1,0,46
baby shower cake sydney,0,1,0,21
baby shower cakes sydney,0,30,0,28.5
baby smash cake near me,0,1,0,13
bagel near me,0,2,0,8.5
bagels,0,1,0,11
bagels near me,0,2,0,9
baguette,0,1,0,11
baked cheesecake near me,0,1,0,25
baked goods,0,1,0,7
bakehouse near me,0,1,0,7
baker shops near me,0,1,0,46
bakeries,0,7,0,12.1
bakeries and patisseries near me,0,1,0,1
bakeries close by,0,1,0,8
bakeries in auburn,0,1,0,24
bakeries in milton,0,2,0,57.5
bakeries in parramatta,0,11,0,15.1
bakeries near me open now,0,1,0,7
bakeries open near me,0,1,0,8
bakeries open now,0,1,0,8
bakeries open today near me,0,1,0,11
bakeries parramatta,0,10,0,18.3
bakeries that print edible pictures,0,5,0,18
bakeries with cakes,0,2,0,10
bakers and sweets near me,0,1,0,8
bakers near me,0,4,0,8
bakery,0,74,0,9.1
bakery 48,0,1,0,12
bakery and cafe near me,0,1,0,7
bakery artarmon,0,5,0,47.8
bakery ashfield,0,1,0,59
bakery auburn,0,1,0,9
bakery bat,0,1,0,8
bakery beecroft,0,2,0,11.5
bakery bexley north,0,1,0,64
bakery birthday party near me,0,1,0,4
bakery bligh park,0,1,0,10
bakery bread near me,0,1,0,8
bakery business for sale near me,0,1,0,9
bakery cakes,0,2,0,36
bakery cbd,0,1,0,5
bakery chadstone,0,5,0,52.8
bakery cheap,0,1,0,8
bakery chester hill,0,1,0,12
bakery chocolate cupcakes,0,1,0,11
bakery close to me,0,1,0,11
bakery constitution hill,0,14,0,8.2
bakery desserts,0,1,0,16
bakery doonside,0,3,0,9
bakery dundas,0,3,0,7.7
bakery egg,0,1,0,86
bakery eggless cake near me,0,2,0,6.5
bakery for events sydney,0,1,0,62
bakery greystanes,0,1,0,10
bakery hawkesbury,0,1,0,6
bakery hub near me,0,1,0,5
bakery in dundas,0,1,0,11
bakery in granville,0,2,0,24
bakery in milton,0,2,0,50.5
bakery in parramatta,0,5,0,30.2
bakery in prospect,0,1,0,9
bakery in south windsor,0,1,0,12
bakery indian,0,1,0,4
bakery items near me,0,1,0,6
bakery kincumber,0,1,0,58
bakery local,0,1,0,18
bakery mannum,0,2,0,38.5
bakery marsden park,0,32,0,8.8
bakery mckinnon,0,2,0,56.5
bakery merrylands,0,1,0,55
bakery milton,0,5,0,52.2
bakery milton nsw,0,1,0,47
bakery minchinbury,0,2,0,9.5
bakery mona vale,0,2,0,59
bakery mount druitt,0,1,0,10
bakery names,0,1,0,14
bakery near,0,2,0,12.5
bakery near auburn,0,1,0,38
bakery near me for bread,0,2,0,6
bakery near me gluten free,0,1,0,23
bakery near me indian,0,1,0,6
bakery near me now,0,1,0,8
bakery near me open,0,1,0,10
bakery near me open now,0,7,0,9
bakery near me that delivers,0,1,0,8
bakery near me with pies,0,1,0,18
bakery near me within 400m,0,1,0,3
bakery near me.,0,2,0,5
bakery near us,0,1,0,6
bakery nearby,0,3,0,3.7
bakery newington,0,3,0,15
bakery nona,0,1,0,26
bakery north ryde,0,2,0,34
bakery north sydney,0,4,0,57.5
bakery northmead,0,2,0,10.5
bakery number,0,1,0,9
bakery oatlands,0,2,0,7.5
bakery of last goodbye,0,2,0,6
bakery of last goodbyes,0,1,0,8
bakery open,0,1,0,3
bakery open near me,0,4,0,6
bakery open near me now,0,3,0,8.3
bakery open near me open now,0,2,0,1.5
bakery open now near me,0,6,0,8.8
bakery open sunday,0,1,0,32
bakery parramatta westfield,0,1,0,29
bakery pie near me,0,1,0,13
bakery plumpton,0,1,0,12
bakery quakers hill,0,1,0,11
bakery rouse hill,0,9,0,12.9
bakery rouse hill village,0,1,0,6
bakery rutherford,0,1,0,4
bakery shop,0,2,0,6.5
bakery shop near me,0,6,0,10.2
bakery stones corner,0,1,0,43
bakery sweets near me,0,1,0,18
bakery sydney,0,2,0,10.5
bakery that does photo cakes,0,1,0,2
bakery toongabbie,0,3,0,9.7
bakery tumut,0,5,0,41.8
bakery umina,0,2,0,45
bakery villawood,0,2,0,11
bakery waterloo,0,1,0,61
bakery wentworthville,0,1,0,41
bakery wetherill park,0,1,0,65
bakery woodcroft,0,1,0,6
bakery woodville,0,1,0,20
bakery woolloomooloo,0,3,0,56.7
bakery wynnum,0,5,0,42
bakerynona,0,1,0,31
bakerys near me,0,1,0,9
bakerys open near me,0,1,0,11
bal mithai near me,0,2,0,9
balery near me,0,2,0,4
balery shop near me,0,1,0,1
banana bread buy,0,1,0,6
banana bread near me,0,1,0,8
banana cake buy,0,2,0,1
banana cake near me,0,1,0,15
banana cake sydney,0,1,0,20
banana cream cake,0,1,0,4
bangladeshi cake brand,0,1,0,3
bankstown cake,0,1,0,65
baptism cake,0,1,0,1
barbie cake,0,1,0,17
barfi near me,0,948,0,7.9
barfi price,0,1,0,9
barfi sweet near me,0,6,0,6.5
beat bakery,0,1,0,25
bento cake for birthday boy,0,1,0,5
berala bakery,0,5,0,10.2
bespoke cakes sydney,0,1,0,13
best affordable cake,0,1,0,29
best almond croissant near me,0,1,0,41
best bakeries,0,1,0,21
best bakeries in windsor,0,1,0,12
best bakeries near me,0,2,0,3
best bakery,0,2,0,70
best bakery for cupcakes near me,0,1,0,1
best bakery near me,0,21,0,12.4
best bakery parramatta,0,2,0,37
best bakery sydney,0,2,0,49.5
best bakery western sydney,0,9,0,10.9
best best cake,0,1,0,13
best birthday cake,0,3,0,29.7
best birthday cake in sydney,0,4,0,14.2
best birthday cake near me,0,1,0,8
best birthday cake sydney,0,21,0,29
best birthday cake to buy,0,1,0,14
best birthday cakes,0,3,0,20
best birthday cakes in sydney,0,4,0,24
best birthday cakes northern beaches,0,1,0,58
best birthday cakes sydney,0,115,0,21.5
best biryani in harris park,0,1,0,57
best bread rolls near me,0,1,0,79
best brownie near me,0,1,0,9
best brownies near me,0,1,0,5
best cacke,0,1,0,10
best caje,0,1,0,10
best cake birthday,0,1,0,12
best cake cake,0,2,0,18
best cake for a birthday cake,0,1,0,1
best cake for birthday,0,1,0,10
best cake for birthday cake,0,1,0,30
best cake for birthday party,0,1,0,16
best cake in sydney,0,148,0,11.7
best cake in taste,0,1,0,12
best cake shop,0,1,0,45
best cake shop around me,0,1,0,5
best cake shop in parramatta,0,1,0,16
best cake shop in sydney,0,1,0,14
best cake shop near me,0,18,0,9.8
best cake shop parramatta,0,2,0,24.5
best cake shop parramatta westfield,0,1,0,26
best cake shop sydney,0,8,0,17.4
best cake shops in sydney,0,1,0,11
best cake shops near me,0,3,0,29.7
best cake shops sydney,0,41,0,12.2
best cake stores sydney,0,1,0,20
best cake to buy,0,1,0,10
best cakes,0,54,0,13.7
best cakes for a cake sale,0,1,0,32
best cakes in sydney,0,73,0,26.2
best cakes inner west,0,1,0,19
best cakes near me,0,11,0,9.5
best cakes parramatta,0,3,0,19.7
best cakes ranked,0,1,0,5
best cakes to order,0,3,0,26.3
best carrot cake to buy,0,1,0,43
best celebration cakes,0,1,0,9
best celebration cakes sydney,0,8,0,10.4
best cheap cake,0,1,0,9
best cheesecake near me,0,1,0,24
best cheesecake near me open now,0,1,0,10
best childrens birthday cakes,0,1,0,35
best chocolate cake in sydney,0,3,0,26
best chocolate cake near me,0,2,0,18.5
best chocolate cake sydney,0,128,0,27.2
best chocolate croissants near me,0,1,0,13
best chocolate mousse cake near me,0,3,0,19
best churma ladoo near me,0,1,0,10
best cinnamon donuts near me,0,1,0,3
best coffee near me,0,1,0,9
best cookies near me,0,2,0,21
best cream cakes,0,1,0,66
best croissant near me,0,1,0,17
best croissant place near me,0,1,0,13
best cronuts near me,0,1,0,29
best cupcake shop near me,0,1,0,18
best cupcakes near me,0,3,0,11
best custard tarts near me,0,1,0,21
best customised cake near me,0,1,0,22
best desert shops near me,0,1,0,9
best dessert bakery near me,0,2,0,13.5
best dessert delivery near me,0,1,0,18
best dessert in sydney,0,1,0,17
best dessert near me,0,4,0,19.5
best dessert parramatta,0,5,0,11
best dessert shop near me,0,2,0,7.5
best dessert shops near me,0,2,0,11.5
best dessert shops sydney,0,3,0,13.7
best desserts near me,0,1,0,39
best desserts shop near me,0,1,0,9
best eggless bakery near me,0,1,0,2
best eggless cake shop near me,0,3,0,2.3
best eggless cakes,0,5,0,4.8
best eggless cakes near me,0,9,0,2.8
best flourless chocolate cake near me,0,2,0,14
best food near me,0,1,0,13
best friends cake,0,1,0,5
best gulab jamun near me,0,2,0,28
best halal cake shop near me,0,1,0,26
best halal food near me,0,1,0,22
best healthy desserts near me,0,2,0,16
best indian bakery near me,0,2,0,6.5
best indian cake,0,1,0,15
best indian in harris park,0,1,0,56
best indian mithai near me,0,1,0,34
best indian sweet near me,0,3,0,42
best indian sweet shop in sydney,0,5,0,36
best indian sweet shop near me,0,2,0,34.5
best indian sweets in sydney,0,6,0,30.2
best indian sweets near me,0,5,0,35.2
best indian sweets shop near me,0,2,0,30
best indian sweets sydney,0,9,0,32.8
best kids birthday cakes,0,2,0,12
best kids cake in sydney,0,28,0,14.7
best kids cakes,0,1,0,7
best kids cakes in sydney,0,33,0,14.2
best kids cakes near me,0,1,0,38
best kids cakes sydney,0,11,0,21.9
best lemon cake near me,0,1,0,50
best meat pies near me,0,2,0,17
best mud cake near me,0,1,0,37
best nut free bakery near me,0,1,0,49
best pastries near me,0,3,0,13.7
best pastry near me,0,1,0,52
best petit fours near me,0,1,0,13
best pie near me,0,1,0,18
best pie shop near me,0,1,0,17
best pie shops near me,0,2,0,10
best pies near me,0,3,0,18.3
best place to buy cakes near me,0,1,0,20
best rasmalai near me,0,2,0,47
best rated cake shop near me,0,1,0,7
best red velvet cake sydney,0,34,0,4.2
best schwarzwalder kirschtorte near me,0,1,0,10
best scones near me,0,1,0,7
best store bought cupcakes near me,0,1,0,16
best sugar free desserts near me,0,1,0,17
best sweet shop near me,0,2,0,4
best sweets near me,0,1,0,7
best sweets shop near me,0,4,0,9.8
best sydney cakes,0,12,0,11.7
best tasting cakes,0,1,0,42
best tiramisu near me,0,1,0,6
best ube cake near me,0,1,0,27
best vanilla cake near me,0,1,0,8
best vegan desserts near me,0,1,0,9
best wedding cake sydney,0,1,0,12
beurre noisette milton,0,4,0,74.8
bexley north bakery,0,1,0,64
beyond cakes,0,1,0,4
big cookies near me,0,1,0,9
big mishra pedha near me,0,1,0,6
big serving of cake,0,8,0,3.4
birrong bakery,0,7,0,7.7
birrong postcode,0,17,0,9.3
birth cakes,0,1,0,12
birthday,0,1,0,1
birthday brownie,0,1,0,12
birthday cake and smash cake,0,38,0,18.8
birthday cake bakery near me,0,2,0,2.5
birthday cake best,0,1,0,6
birthday cake cbd,0,1,0,1
birthday cake cheap,0,1,0,8
birthday cake eggless near me,0,2,0,4
birthday cake for 48 year old man,0,1,0,11
birthday cake for first birthday,0,1,0,22
birthday cake for infants,0,1,0,10
birthday cake for men,0,1,0,5
birthday cake halal,0,1,0,7
birthday cake hurstville,0,1,0,64
birthday cake in bakery,0,1,0,3
birthday cake near me,0,33,0,12.7
birthday cake near me open now,0,2,0,3.5
birthday cake north sydney,0,13,0,60.4
birthday cake nut free,0,1,0,6
birthday cake one year,0,1,0,17
birthday cake online order,0,2,0,15.5
birthday cake parramatta,0,7,0,12
birthday cake photo print,0,1,0,8
birthday cake places near me,0,1,0,13
birthday cake printing,0,3,0,7.7
birthday cake recommendation,0,2,0,6.5
birthday cake reservation,0,1,0,61
birthday cake restaurant near me,0,1,0,5
birthday cake shop,0,6,0,33.2
birthday cake shop near me open now,0,1,0,1
birthday cake shops near me,0,2,0,10.5
birthday cake size,0,1,0,9
birthday cake stores,0,1,0,8
birthday cake sydney,0,4,0,6
birthday cake with custom photo,0,1,0,9
birthday cake with photo,0,20,0,8.6
birthday cake with photo near me,0,1,0,5
birthday cake with photo on,0,2,0,10
birthday cake with photo on it,0,1,0,17
birthday cake with photograph,0,2,0,7
birthday cake with picture,0,4,0,8
birthday cake with picture and name,0,3,0,11.3
birthday cake with picture on it,0,3,0,6.7
birthday cake with picture on top,0,5,0,8
birthday cake with printed picture,0,1,0,4
birthday cake without eggs near me,0,1,0,8
birthday cakes bakery near me,0,1,0,13
birthday cakes eggless,0,1,0,7
birthday cakes for babies,0,1,0,9
birthday cakes for babies 1 year old,0,1,0,20
birthday cakes in sydney,0,1,0,10
birthday cakes mosman,0,3,0,48.3
birthday cakes north sydney,0,4,0,61.8
birthday cakes northern beaches,0,1,0,66
birthday cakes online,0,1,0,16
birthday cakes parramatta,0,6,0,17.5
birthday cakes shops,0,1,0,17
birthday cakes shops near me,0,1,0,21
birthday cakes small,0,1,0,7
birthday cakes sydney,0,22,0,15.6
birthday cakes sydney australia,0,2,0,58
birthday cakes sydney cbd,0,1,0,7
birthday cakes sydney west,0,75,0,10.1
birthday cakes western sydney,0,21,0,15.8
birthday cakes with photo,0,1,0,7
birthday cakes with photos on them,0,4,0,6.8
birthday cakes with pictures on them,0,1,0,8
birthday cakes yummiest,0,5,0,24.4
birthday cookies near me,0,1,0,13
birthday cupcake,0,3,0,2
birthday cupcakes,0,1,0,2
birthday desserts,0,1,0,7
birthday food,0,1,0,35
birthday party restaurant parramatta,0,4,0,1
birthday photo cake,0,5,0,5.8
biryani harris park,0,1,0,67
black currant,0,1,0,4
black currant cake,0,1,0,1
black currant cake near me,0,1,0,3
black forest cake,0,27,0,12.2
black forest cake slice near me,0,1,0,11
black forest cake sydney,0,4,0,8.8
black forest pastry near me,0,1,0,6
black forest premium cake,0,1,0,9
blacktown filipino bakery,0,1,0,6
bligh park bakery,0,14,0,9.1
bombay halwa near me,0,1,0,12
bombay sweets near me,0,1,0,16
boondi ladoo near me,0,1,0,4
boondi sweet near me,0,1,0,8
both closed,0,1,0,3
bread bakery near me,0,2,0,7
bread halwa near me,0,1,0,8
bread near me,0,6,0,9.3
bread near me open now,0,1,0,10
bread shop near me,0,5,0,8.2
bread store near me,0,2,0,10
breadshop near me,0,1,0,16
breakfast bakery,0,1,0,10
brownie,0,4,0,4.2
brownie cake,0,3,0,4.3
brownie cake near me,0,2,0,5
brownie cakes,0,1,0,4
brownie cakes for birthday,0,1,0,10
brownie cakes near me,0,1,0,6
brownie near me,0,12,0,5.8
brownie place,0,1,0,3
brownie places,0,1,0,9
brownie places near me,0,1,0,4
brownie shop near me,0,2,0,3.5
brownies,0,3,0,14.7
brownies near me,0,19,0,10.9
brownies shop,0,3,0,4
brumbys near me,0,1,0,2
build a cake bakery,0,1,0,9
build your own dessert station west,0,1,0,10
bulk desserts near me,0,1,0,22
bun butter jam near me,0,3,0,4.3
burrito,0,1,0,20
butter cake near me,0,3,0,7.7
butter cookies,0,1,0,3
butter cream cake near me,0,2,0,11.5
butter muffins,0,1,0,10
butter scotch cake near me,0,1,0,55
butter scotch cale,0,1,0,1
butterscotch cake nearby,0,2,0,1
butterscotch cakes,0,1,0,3
butterscotch pastry,0,2,0,13.5
butterscotch pastry shop,0,1,0,2
buy a cake,0,1,0,8
buy birthday cake sydney,0,1,0,13
buy bread near me,0,2,0,6
buy cake,0,1,0,1
buy cake near me,0,3,0,18.7
buy cake sydney,0,2,0,65
buy eggless cake near me,0,9,0,7.7
buy ice cream cake near me,0,1,0,9
buy indian bakery online,0,122,0,7.0
buy indian sweets,0,1,0,13
buy indian sweets near me,0,2,0,12
buy mango cake,0,1,0,7
buy matilda cake,0,1,0,2
buy mithai online,0,3,0,13.7
buy pastries near me,0,2,0,8
buy scones,0,2,0,8.5
by an indian,0,1,0,3
cabramatta cakes,0,1,0,55
cafe cake,0,1,0,7
cafe cake suppliers sydney,0,1,0,29
cafe cakes wholesale,0,1,0,34
cafe cakes wholesale sydney,0,1,0,24
cafe near me,0,4,0,29.8
cafe pastries near me,0,1,0,19
cake 1st birthday,0,1,0,15
cake 4 you,0,1,0,4
cake 8th birthday,0,1,0,1
cake and cookies near me,0,1,0,9
cake and dessert shop near me,0,1,0,9
cake and smash cake,0,1,0,14
cake annandale,0,1,0,64
cake around me,0,2,0,17
cake auburn,0,1,0,52
cake bakeries near me,0,3,0,9.7
cake bakers near me,0,4,0,7.5
cake bakery,0,3,0,15.3
cake bakery sydney,0,1,0,63
cake bakery waterloo,0,1,0,47
cake birthday,0,2,0,11.5
cake box how long does it last,0,1,0,11
cake buy near me,0,1,0,4
cake calories,0,10,0,7.8
cake campbelltown,0,2,0,68
cake chatswood,0,1,0,77
cake choose,0,2,0,50
cake cost,0,2,0,3.5
cake custom photo,0,1,0,4
cake cutting ceremony,0,2,0,5.5
cake cutting ceremony for birthday,0,1,0,7
cake delivered,0,1,0,13
cake delivered campbelltown,0,4,0,69.5
cake delivered matraville,0,2,0,66
cake delivered pennant hills,0,2,0,5
cake delivered windsor,0,1,0,17
cake delivery,0,6,0,16.5
cake delivery campbelltown,0,29,0,72.7
cake delivery castle hill,0,5,0,72.6
cake delivery near me,0,3,0,6.3
cake delivery north sydney,0,15,0,41.5
cake delivery point piper,0,3,0,82.7
cake delivery sunday,0,2,0,4
cake delivery sydney,0,1,0,6
cake delivery western sydney,0,1,0,25
cake design near me,0,1,0,35
cake designers near me,0,1,0,12
cake dessert near me,0,1,0,11
cake desserts near me,0,1,0,7
cake discovery,0,1,0,2
cake edible printing near me,0,1,0,1
cake eggless near me,0,12,0,5.7
cake eggless shop near me,0,3,0,4
cake first,0,1,0,9
cake first birthday,0,62,0,17.0
cake for 100 guests,0,1,0,10
cake for 100 people,0,1,0,2
cake for 12 people size,0,2,0,6
cake for 50 people price,0,2,0,25
cake for birthday,0,2,0,10.5
cake for fathers day,0,1,0,4
cake for my birthday,0,1,0,6
cake for pregnant women,0,1,0,7
cake halal near me,0,2,0,30
cake image,0,1,0,2
cake image printing near me,0,4,0,8.5
cake in a can,0,2,0,3
cake in city,0,1,0,10
cake in parramatta,0,4,0,16
cake in sydney,0,1,0,4
cake in the city,0,4,0,10.2
cake inches,0,1,0,6
cake ingredients shop near me,0,2,0,10.5
cake kcal,0,1,0,10
cake leichhardt,0,4,0,59.8
cake less sugar,0,2,0,9
cake lidcombe,0,3,0,16.3
cake makers near me,0,1,0,30
cake makers western sydney,0,57,0,11.5
cake market near me,0,1,0,11
cake milton,0,3,0,39.7
cake near,0,2,0,8
cake near me eggless,0,7,0,7.6
cake near me now,0,2,0,4
cake near me open now,0,4,0,5.5
cake near me tres leches,0,1,0,2
cake near me within 1.6 km,0,1,0,2
cake near me.,0,1,0,7
cake near ne,0,1,0,9
cake near parramatta,0,1,0,22
cake near.me,0,1,0,27
cake nearby,0,2,0,2
cake nearby me,0,4,0,5.5
cake north sydney,0,9,0,63.1
cake online,0,1,0,2
cake open now,0,2,0,7
cake options,0,1,0,71
cake order,0,1,0,8
cake order sydney,0,1,0,55
cake order with photo,0,1,0,9
cake ordering,0,1,0,5
cake party near me,0,1,0,18
cake pastry,0,1,0,7
cake patisserie near me,0,1,0,23
cake photo,0,3,0,25.7
cake photo cake,0,3,0,10.3
cake photo cake photo,0,1,0,19
cake photo print,0,1,0,10
cake photo printing,0,27,0,8.3
cake pick,0,2,0,8.5
cake picture printing,0,7,0,6.7
cake place,0,2,0,20.5
cake place near me,0,6,0,5.3
cake place open near me,0,2,0,13
cake places in sydney,0,1,0,58
cake places near me,0,12,0,8.8
cake price,0,3,0,9
cake prices list,0,1,0,9
cake prices near me,0,1,0,6
cake print,0,3,0,9.7
cake print near me,0,2,0,3.5
cake print photo,0,10,0,7.1
cake print shop,0,3,0,8
cake printed picture,0,1,0,6
cake printer near me,0,2,0,13
cake printing,0,17,0,22.7
cake recommendation,0,1,0,13
cake sale near me,0,1,0,7
cake same day,0,1,0,29
cake season,0,1,0,8
cake selection,0,1,0,86
cake serving guide,0,5,0,7.6
cake serving guide australia,0,2,0,6.5
cake serving size,0,7,0,5
cake serving size chart,0,3,0,7
cake serving size guide,0,1,0,8
cake serving sizes,0,7,0,8.6
cake servings,0,2,0,12.5
cake shop armidale,0,2,0,63.5
cake shop around me,0,2,0,13
cake shop artarmon,0,1,0,46
cake shop ashfield,0,1,0,70
cake shop auburn,0,1,0,40
cake shop barangaroo,0,1,0,63
cake shop bexley,0,2,0,68
cake shop brighton le sands,0,4,0,63
cake shop broadway,0,2,0,57.5
cake shop broadway shopping centre,0,1,0,43
cake shop campbelltown,0,2,0,62
cake shop chadstone,0,4,0,46.5
cake shop cheap,0,1,0,3
cake shop cherrybrook,0,2,0,10
cake shop chinatown,0,1,0,20
cake shop chipping norton,0,4,0,62.5
cake shop delivery near me,0,1,0,9
cake shop drummoyne,0,3,0,51
cake shop dudley road,0,2,0,7
cake shop eggless,0,4,0,19.2
cake shop eggless near me,0,7,0,4.9
cake shop frenchs forest,0,1,0,72
cake shop halal,0,1,0,45
cake shop halal near me,0,2,0,33
cake shop in auburn,0,2,0,15.5
cake shop in chadstone,0,1,0,66
cake shop in merrylands,0,1,0,27
cake shop in near me,0,1,0,11
cake shop in north sydney,0,3,0,60
cake shop in rockdale,0,3,0,43.3
cake shop in town hall,0,2,0,48
cake shop in wentworthville,0,3,0,11.3
cake shop in westfield parramatta,0,2,0,10
cake shop indian,0,1,0,4
cake shop ingleburn,0,1,0,46
cake shop inner west,0,9,0,42.1
cake shop kellyville,0,3,0,57
cake shop kings langley,0,1,0,10
cake shop knox,0,1,0,54
cake shop lalor,0,1,0,23
cake shop liverpool,0,2,0,69
cake shop macquarie centre,0,3,0,52
cake shop macquarie park,0,1,0,48
cake shop manchester,0,1,0,64
cake shop marsden park,0,30,0,9.2
cake shop mcgraths hill,0,3,0,4.3
cake shop mear me,0,1,0,1
cake shop merrylands,0,3,0,29.7
cake shop minto,0,3,0,52.3
cake shop mona vale,0,3,0,59.3
cake shop mosman,0,4,0,53.5
cake shop name,0,1,0,8
cake shop near,0,1,0,6
cake shop near by me,0,1,0,5
cake shop near m3,0,1,0,2
cake shop near marsden park,0,2,0,6
cake shop near me customised,0,1,0,18
cake shop near me eggless,0,4,0,4.5
cake shop near me halal,0,3,0,28.3
cake shop near me home delivery,0,1,0,4
cake shop near me open,0,1,0,2
cake shop near me within 400m,0,1,0,2
cake shop near me within 8.1 km,0,1,0,4
cake shop near me within 800m,0,2,0,4
cake shop near ne,0,1,0,5
cake shop near parramatta,0,18,0,8.6
cake shop near rouse hill,0,2,0,16.5
cake shop near town hall,0,2,0,7
cake shop near.me,0,3,0,3.3
cake shop nearby,0,10,0,7.7
cake shop nearme,0,1,0,3
cake shop newtown,0,1,0,68
cake shop noble park,0,1,0,48
cake shop north lakes,0,1,0,59
cake shop north parramatta,0,1,0,13
cake shop north ryde,0,2,0,51
cake shop north sydney,0,7,0,50.6
cake shop northern beaches,0,1,0,66
cake shop northmead,0,4,0,20
cake shop oatley,0,1,0,46
cake shop open near me,0,5,0,9.6
cake shop open near me now,0,1,0,5
cake shop opening hours,0,1,0,1
cake shop parramatta westfield,0,2,0,24
cake shop pitt street,0,5,0,55
cake shop pyrmont,0,4,0,43
cake shop quakers hill,0,7,0,20
cake shop ryde,0,3,0,61.7
cake shop sydney,0,59,0,57.2
cake shop sydney near me,0,1,0,9
cake shop tallawong,0,5,0,8
cake shop west end,0,1,0,22
cake shop west ryde,0,1,0,11
cake shop western suburbs,0,1,0,5
cake shop westfield parramatta,0,4,0,22
cake shop williamstown,0,3,0,55
cake shop windsor,0,1,0,20
cake shop winston hills,0,5,0,10
cake shop within 8.1 km,0,1,0,5
cake shop woolloomooloo,0,2,0,57.5
cake shop wynnum,0,1,0,61
cake shop.,0,3,0,15
cake shop.near me,0,8,0,9.4
cake shop.near.me,0,1,0,10
cake shopping near me,0,1,0,16
cake shops,0,17,0,19.2
cake shops campbelltown,0,1,0,66
cake shops cbd,0,1,0,16
cake shops chadstone,0,1,0,53
cake shops in parramatta,0,3,0,13.3
cake shops in parramatta westfield,0,1,0,18
cake shops in sydney,0,1,0,56
cake shops in sydney australia,0,1,0,60
cake shops in the city,0,1,0,38
cake shops in waterloo,0,1,0,57
cake shops inner west sydney,0,2,0,45
cake shops near by,0,1,0,8
cake shops near here,0,1,0,4
cake shops near me.,0,1,0,6
cake shops nearby,0,2,0,4
cake shops north sydney,0,2,0,44.5
cake shops open,0,3,0,17.3
cake shops open near me open now,0,1,0,6
cake shops open now,0,2,0,8.5
cake shops parramatta,0,11,0,18.5
cake shops parramatta westfield,0,1,0,20
cake shops rouse hill,0,2,0,8
cake shops sydney,0,3,0,44.7
cake shops sydney cbd,0,1,0,22
cake size chart,0,1,0,8
cake size for 10 people,0,2,0,5.5
cake size for 12 people,0,1,0,7
cake size for 20,0,1,0,5
cake size for 6 people,0,1,0,4
cake size guide,0,2,0,9
cake sizes,0,1,0,7
cake sizes and servings,0,2,0,7.5
cake sizes round,0,4,0,6
cake sjop near me,0,1,0,1
cake slice,0,1,0,60
cake slice size,0,1,0,6
cake slice sizes,0,1,0,7
cake slices,0,2,0,5
cake smash,0,1,0,1
cake smash cakes,0,21,0,10.4
cake smash cakes sydney,0,6,0,8.7
cake stall,0,2,0,14
cake stand bakery,0,1,0,8
cake store,0,6,0,14.7
cake store open now,0,1,0,8
cake store parramatta,0,2,0,10
cake stores,0,2,0,16.5
cake stores sydney,0,6,0,54.5
cake supplier sydney,0,4,0,83
cake suppliers sydney,0,16,0,76.9
cake sydney,0,19,0,63.3
cake tasting box sydney,0,1,0,19
cake that designer cakes,0,2,0,68
cake to buy near me,0,2,0,14
cake to go price list 2026,0,1,0,8
cake to order,0,1,0,3
cake topper sydney,0,5,0,5.6
cake toppers sydney,0,37,0,8.6
cake trends 2026,0,1,0,6
cake vegetarian near me,0,1,0,9
cake vs tart,0,1,0,1
cake wholesale shop near me,0,1,0,7
cake wholesale sydney,0,6,0,32.2
cake with a face on it,0,1,0,7
cake with a photo,0,2,0,7
cake with a photo on it,0,3,0,7
cake with a picture,0,4,0,5.8
cake with a picture on it,0,2,0,5
cake with custom image,0,7,0,5.7
cake with custom image near me,0,1,0,5
cake with custom photo,0,3,0,4.7
cake with custom picture,0,1,0,3
cake with custom writing,0,1,0,9
cake with edible image near me,0,1,0,9
cake with face,0,5,0,8.2
cake with face on it,0,15,0,7.5
cake with face on it near me,0,1,0,8
cake with face printed on it,0,5,0,7
cake with image,0,6,0,9.2
cake with image on it,0,2,0,6
cake with image printed on it,0,3,0,4
cake with personalised photo,0,6,0,8.8
cake with photo and name,0,1,0,16
cake with photo near me,0,3,0,14
cake with photo on,0,2,0,8
cake with photo on it,0,6,0,8.2
cake with photo on it near me,0,2,0,19.5
cake with photo on top,0,114,0,9.5
cake with photo on top near me,0,20,0,9
cake with photo print,0,6,0,9
cake with photo printed,0,3,0,7.7
cake with photo printed on it,0,2,0,8
cake with photo printed on it near me,0,2,0,7.5
cake with photograph,0,2,0,7.5
cake with photographs,0,1,0,13
cake with photos,0,7,0,9.1
cake with photos on it,0,1,0,10
cake with photos on top,0,2,0,10
cake with picture,0,8,0,7.4
cake with picture on,0,1,0,3
cake with picture on it,0,2,0,8.5
cake with picture on it near me,0,3,0,7
cake with picture on top,0,17,0,7.9
cake with picture on top near me,0,2,0,14.5
cake with picture printed on it,0,5,0,4.8
cake with pictures on top,0,4,0,6
cake with print,0,1,0,4
cake with printed picture,0,1,0,9
cake with printed picture near me,0,13,0,8.5
cake with writing on top,0,2,0,10.5
cake without eggs near me,0,8,0,4.6
cake wynyard,0,1,0,69
cake.shop near me,0,2,0,5
cakes and cookies menu,0,1,0,11
cakes and tarts,0,1,0,14
cakes around me,0,1,0,8
cakes artarmon,0,2,0,47
cakes auburn,0,1,0,9
cakes bankstown,0,2,0,59.5
cakes barangaroo,0,2,0,71
cakes best,0,1,0,16
cakes by jacob's mum,0,3,0,58.3
cakes campbelltown,0,1,0,71
cakes carlingford,0,2,0,26
cakes chadstone,0,2,0,43
cakes chatswood,0,1,0,76
cakes crows nest,0,1,0,73
cakes desserts near me,0,1,0,2
cakes drummoyne,0,1,0,49
cakes eastwood,0,1,0,15
cakes eggless,0,12,0,15.2
cakes eggless near me,0,1,0,5
cakes epping,0,1,0,10
cakes erina,0,1,0,57
cakes erina fair,0,1,0,69
cakes for 1st birthday,0,4,0,10.8
cakes for 20 people,0,1,0,5
cakes for babies birthday,0,1,0,12
cakes for baby,0,1,0,24
cakes for baby first birthday,0,1,0,13
cakes for babys,0,2,0,13.5
cakes for elderly,0,13,0,9.2
cakes for kids sydney,0,13,0,21.6
cakes for men sydney,0,7,0,6
cakes for sale near me,0,1,0,16
cakes in parramatta,0,8,0,15.4
cakes in sydney,0,20,0,52.1
cakes in the city,0,1,0,13
cakes inner west,0,2,0,32.5
cakes inner west sydney,0,3,0,29.7
cakes kellyville,0,1,0,64
cakes marsden park,0,1,0,9
cakes milton,0,1,0,37
cakes mona vale,0,1,0,28
cakes mosman,0,64,0,58.9
cakes near me bakery,0,1,0,8
cakes near me eggless,0,5,0,9
cakes near me open now,0,8,0,5.2
cakes near rouse hill,0,3,0,14.7
cakes nearby,0,2,0,8.5
cakes neutral bay,0,2,0,56
cakes north lakes,0,1,0,68
cakes north shore,0,1,0,60
cakes north sydney,0,10,0,49
cakes northern suburbs,0,1,0,80
cakes northmead,0,1,0,7
cakes online,0,1,0,19
cakes online delivery near me,0,2,0,5.5
cakes open now,0,1,0,7
cakes parramatta westfield,0,5,0,17.4
cakes photo,0,1,0,6
cakes premium,0,1,0,4
cakes rouse hill,0,1,0,51
cakes same day delivery,0,1,0,6
cakes shop,0,1,0,9
cakes shop around me,0,1,0,26
cakes shop near me,0,9,0,7.7
cakes shops,0,1,0,12
cakes shops near me,0,1,0,3
cakes silverwater,0,2,0,36.5
cakes store near me,0,1,0,1
cakes sydney australia,0,7,0,65.4
cakes sydney west,0,60,0,9.2
cakes tiramisu,0,1,0,5
cakes to order near me,0,2,0,7.5
cakes to order sydney,0,1,0,29
cakes waterloo,0,2,0,95
cakes western sydney,0,24,0,9.1
cakes williamstown,0,4,0,48.5
cakes with a picture on it,0,1,0,3
cakes with custom image,0,1,0,9
cakes with custom pictures,0,3,0,3.7
cakes with images,0,1,0,6
cakes with images on them,0,3,0,7
cakes with less cream,0,1,0,6
cakes with photo,0,3,0,12
cakes with photo images on them,0,11,0,8.3
cakes with photo on top,0,3,0,8.3
cakes with photographs on them,0,1,0,11
cakes with photos near me,0,1,0,19
cakes with photos on them,0,9,0,7.1
cakes with photos on them near me,0,1,0,23
cakes with photos printed on them,0,3,0,7.3
cakes with pics on them,0,1,0,10
cakes with pictures,0,3,0,10
cakes with pictures on them,0,6,0,8.8
cakes with pictures on them near me,0,2,0,18
cakes with pictures on top,0,1,0,7
cakes with printed images,0,2,0,9.5
cakes without egg,0,1,0,13
cakes without eggs near me,0,1,0,6
cakes.near me,0,1,0,6
cakeshop,0,3,0,23
cakesin,0,2,0,10
cakesnear me,0,1,0,8
calories for cake,0,1,0,7
calories in a cake,0,2,0,8
calories in cake,0,4,0,8.5
calories in cakes,0,1,0,7
calories in small slice of cake,0,1,0,8
calories of cake,0,1,0,8
came near me,0,1,0,1
can vegetarians eat cake,0,1,0,9
can vegetarians eat cake with eggs,0,5,0,8.2
can you list it,0,1,0,1
cannoli platter near me,0,1,0,16
car detailing newington,0,4,0,19
carlingford bakery,0,1,0,74
carlingford cake shop,0,1,0,13
carrot cake birthday cake,0,5,0,9
carrot cake near me,0,4,0,13.5
carrot cake order,0,1,0,10
celebration bakery,0,3,0,11.7
celebration cakes bakery,0,2,0,17.5
celebration cakes sydney,0,1,0,16
celebration cakes to order online,0,1,0,9
ceremonial cake cutting,0,1,0,6
chadstone bakery,0,3,0,52.7
chadstone cake,0,1,0,54
chadstone cake shop,0,5,0,50.2
chadstone cakes,0,2,0,43
chadstone dessert,0,1,0,63
chadstone desserts,0,1,0,60
cham cham sweet near me,0,2,0,24.5
cheap birthday cakes near me,0,1,0,10
cheap cake bakery,0,2,0,32
cheap cake near me,0,3,0,2.7
cheap cake shop,0,2,0,18
cheap cake shops,0,1,0,9
cheap cakes,0,1,0,55
cheap cakes for birthdays near me,0,1,0,27
cheap cakes near me,0,3,0,6.3
cheap cakes online delivery,0,2,0,75.5
cheap cakes sydney,0,1,0,52
cheap eggless cake near me,0,4,0,4.2
cheese cake has egg,0,2,0,8
cheese cake have egg,0,2,0,7.5
cheese cake shop eggless cake,0,1,0,4
cheesecake contains egg,0,1,0,7
cheesecake contains egg or not,0,2,0,7.5
cheesecake does it have eggs,0,2,0,7.5
cheesecake eggless,0,1,0,4
cheesecake eggless cake,0,3,0,9
cheesecake has egg or not,0,1,0,10
cheesecake near me,0,8,0,10.1
cheesecake near me open now,0,1,0,8
cheesecake near me within 800m,0,1,0,7
cheesecake parramatta,0,1,0,30
cheesecake shop near me,0,2,0,23.5
chewy cookie near me,0,3,0,1.7
chicken puff pastry,0,2,0,12
chicken shop near me,0,1,0,40
chiffon cakes,0,1,0,4
chiffon vs sponge cake,0,1,0,24
children cakes,0,1,0,36
childrens birthday cakes,0,3,0,27.7
childrens birthday cakes near me,0,1,0,16
childrens cakes sydney,0,1,0,21
chinese cakes near me,0,1,0,10
chocochip cupcake,0,1,0,7
chocolate barfi near me,0,1,0,3
chocolate birthday cake,0,1,0,7
chocolate brownie near me,0,3,0,5.7
chocolate cake,0,13,0,12.4
chocolate cake delivered,0,1,0,3
chocolate cake near me,0,13,0,6.7
chocolate cake shop near me,0,1,0,49
chocolate cake sydney,0,1,0,3
chocolate cakes sydney,0,1,0,10
chocolate chip cookie cake,0,1,0,3
chocolate croissant,0,1,0,12
chocolate cupcakes,0,1,0,6
chocolate eggless cake,0,1,0,3
chocolate flourless cake near me,0,1,0,36
chocolate fudge cake,0,1,0,10
chocolate hazelnut birthday cake,0,1,0,16
chocolate mousse cake,0,1,0,10
chocolate mousse cake near me,0,2,0,24.5
chocolate mud cake,0,5,0,38.8
chocolate mud cake near me,0,2,0,5.5
chocolate pastry,0,1,0,59
chocolate rice cakes,0,1,0,8
chocolate smash cake,0,1,0,8
chocolate treats near me,0,2,0,35.5
christening cakes western sydney,0,1,0,10
christmas cake near me,0,1,0,5
churma ladoo near me,0,6,0,9.8
cinnabon cake,0,1,0,8
cinnamon donuts near me,0,1,0,3
cinnamon roll,0,1,0,15
cinnamon roll near me,0,4,0,8
cinnamon rolls,0,5,0,8.6
cinnamon rolls near me,0,6,0,9.3
cinnamon scroll near me,0,1,0,4
cinnamon scrolls,0,1,0,4
cinnamon scrolls near me,0,5,0,10.2
cinnamon sugar donuts near me,0,1,0,19
city cake,0,2,0,9.5
clayton cake shop,0,1,0,39
clemton park bakery,0,3,0,25.3
clemton park cake shop,0,6,0,34.7
clemton park cake shop menu,0,1,0,33
closest bakery,0,3,0,31
closest bakery to me,0,2,0,49.5
closest cake shop,0,2,0,19.5
closest dessert,0,1,0,11
closest dessert near me,0,8,0,8
closest dessert place,0,2,0,13.5
closest dessert place near me,0,1,0,9
coconut cream cake,0,1,0,9
coconut lavender cake,0,1,0,2
coffee cake,0,1,0,8
coffee cake buy,0,1,0,10
coffee near me open now,0,2,0,2.5
coffee riverstone,0,1,0,7
coles eggless cake,0,1,0,6
common cake sizes,0,1,0,9
communion cakes sydney,0,16,0,10.4
condensed milk cake,0,1,0,8
constitution hill bakery,0,8,0,9.8
continental cake near me,0,1,0,19
continental cakes near me,0,4,0,6
convenience store parramatta,0,1,0,57
cooked,0,1,0,3
cookie pie,0,1,0,8
cookie places near me,0,2,0,7.5
cookie shop near me,0,2,0,9
cookie shops near me,0,1,0,11
cookie stores near me,0,1,0,8
cookies,0,1,0,5
cookies and cream cake,0,2,0,6.5
cookies and cream cakes near me,0,1,0,1
cookies and cupcakes near me,0,1,0,7
cookies and treats near me,0,1,0,14
cookies parramatta,0,3,0,28.7
corporake cake sydney,0,2,0,12
corporate cake delivery sydney,0,18,0,17.9
cost of a cake,0,1,0,6
cream buns,0,1,0,6
cream buns near me,0,1,0,11
cream cake expiry date,0,1,0,10
cream cake shelf life,0,2,0,9.5
cream cakes near me,0,1,0,115
cream roll,0,1,0,6
cream roll cake,0,1,0,13
cream rolls,0,1,0,10
create your own birthday cake,0,1,0,10
creme pan,0,1,0,4
crepe cake near me,0,1,0,1
crepe cake sydney,0,1,0,69
crepe cakes sydney,0,1,0,63
croissant near me,0,4,0,6.2
cronut,0,2,0,15.5
cronut sydney,0,1,0,28
cronuts,0,2,0,9
cronuts near me,0,2,0,5
crumb cakes,0,1,0,1
crunch cake,0,2,0,8
crunch cake near me,0,5,0,10.6
crunch cakes near me,0,2,0,10
cultural cakes,0,1,0,8
cultural traditions,0,1,0,1
cup cake near me,0,2,0,4
cup cake shop near me,0,2,0,3.5
cup cakes,0,3,0,4.3
cupcake,0,8,0,4.9
cupcake central sydney,0,2,0,10.5
cupcake chadstone,0,8,0,58.5
cupcake chatswood,0,1,0,61
cupcake near me,0,9,0,12.2
cupcake no,0,1,0,3
cupcake noggins,0,1,0,53
cupcake north sydney,0,5,0,21.6
cupcake order near me,0,1,0,32
cupcake pyrmont,0,1,0,50
cupcake shop,0,2,0,12.5
cupcake shop near me,0,5,0,4
cupcake shops,0,2,0,9
cupcake shops near me,0,2,0,8.5
cupcake store near me,0,1,0,3
cupcake stores,0,1,0,36
cupcake sydney,0,1,0,4
cupcakes cute,0,1,0,5
cupcakes delivery,0,1,0,17
cupcakes drummoyne,0,2,0,54.5
cupcakes eastern suburbs sydney,0,2,0,14
cupcakes for kids,0,1,0,12
cupcakes inner west,0,3,0,22.3
cupcakes marrickville,0,2,0,65.5
cupcakes north sydney,0,15,0,27.2
cupcakes parramatta westfield,0,1,0,1
cupcakes place near me,0,1,0,1
cupcakes shop near me,0,2,0,14.5
custard pudding near me,0,1,0,24
custom bakery near me,0,1,0,3
custom birthday cake prices,0,1,0,1
custom birthday cake with picture,0,1,0,4
custom cake cheesecake shop,0,1,0,3
custom cake consultation,0,24,0,40.9
custom cake consultations,0,45,0,2.0
custom cake image,0,2,0,21.5
custom cake images,0,2,0,29
custom cake makers near me,0,1,0,11
custom cake near me,0,1,0,16
custom cake order,0,6,0,42.5
custom cake photo,0,15,0,6.7
custom cake photo printing,0,3,0,6
custom cake picture,0,5,0,6
custom cake picture printing,0,1,0,3
custom cake pictures,0,1,0,6
custom cake print,0,3,0,6
custom cake printed image,0,1,0,9
custom cake printing,0,6,0,8.5
custom cake printing near me,0,1,0,7
custom cake shop near me,0,1,0,9
custom cake shops,0,1,0,16
custom cake sydney,0,17,0,17.1
custom cake toppers in sydney,0,25,0,14.9
custom cake with edible image,0,1,0,6
custom cake with face on it,0,2,0,5.5
custom cake with image,0,3,0,8.3
custom cake with photo near me,0,2,0,2
custom cake with picture,0,4,0,10.2
custom cake writing,0,2,0,9
custom cakes dyeny,0,2,0,6
custom cakes for all occasions,0,1,0,19
custom cakes for birthday,0,1,0,12
custom cakes near me,0,5,0,20.8
custom cakes photo,0,1,0,6
custom cakes sydney,0,7,0,10.9
custom cakes western sydney,0,2,0,28.5
custom cakes with photo,0,2,0,6
custom cakes with pictures,0,1,0,4
custom edible images for cakes near me,0,2,0,5
custom edible images near me,0,1,0,32
custom edible photo cake,0,1,0,6
custom eggless cakes,0,3,0,5
custom eggless cakes near me,0,4,0,4
custom face cake,0,3,0,6.7
custom image cake near me,0,1,0,5
custom image cakes,0,9,0,7.8
custom image cakes near me,0,1,0,7
custom image on cake,0,2,0,7
custom kids birthday cakes,0,2,0,12.5
custom kids cake,0,1,0,30
custom made cake sydney,0,2,0,11
custom made wedding harris park,0,6,0,24.8
custom photo birthday cake,0,4,0,5.5
custom photo cake near me,0,1,0,11
custom photo cakes,0,7,0,6.7
custom photo cakes near me,0,2,0,7.5
custom photo cale,0,1,0,8
custom photo on cake,0,1,0,5
custom picture birthday cake,0,2,0,5.5
custom picture cake near me,0,1,0,12
custom picture cakes,0,4,0,5.5
custom picture cakes near me,0,1,0,5
custom picture on cake,0,1,0,8
custom print cake near me,0,1,0,6
custom printed cake,0,2,0,9.5
custom printed cakes near me,0,2,0,5
custom sheet cake,0,1,0,7
custom sheet cakes,0,1,0,5
custom.photo cake,0,2,0,6.5
customise photo cake,0,1,0,7
customised cake,0,1,0,10
customised cake near me,0,1,0,3
customised cakes near me,0,4,0,8
customised cakes sydney,0,1,0,22
customize cake for boys,0,1,0,2
customize cake near me,0,2,0,11
customized cake with picture,0,1,0,10
cute cake near me,0,1,0,37
daily num num,0,1,0,8
dairy free bakery near me,0,1,0,80
dairy free cake,0,3,0,12.7
dairy free cake delivery sydney,0,90,0,46.0
dairy free cake near me,0,2,0,17
dairy free cake sydney,0,21,0,17.3
dairy free cakes cherrybrook,0,5,0,55.2
dairy free cakes delivered sydney,0,138,0,43.5
dairy free cakes delivery sydney,0,63,0,27.8
dairy free cakes mount druitt,0,3,0,14
dairy free cakes near me,0,2,0,37.5
dairy free cakes parramatta,0,4,0,20.5
dairy free cakes sydney,0,126,0,19.2
dairy free cupcakes,0,1,0,17
dairy free cupcakes near me,0,12,0,46.9
danish pastry near me,0,3,0,17.3
dar khane din 2026,0,11,0,8.3
dark chocolate cake,0,1,0,25
dark chocolate cake near me,0,1,0,10
dark chocolate sponge cake,0,1,0,8
dean park postcode,0,1,0,9
dean park shopping centre,0,3,0,10.7
decorate your own birthday cake,0,1,0,9
deliver cake liverpool,0,6,0,69.3
desert near me,0,4,0,11.2
desert places near me,0,1,0,11
desert shop,0,4,0,11.8
desert shop.near me,0,1,0,9
desert shops,0,1,0,11
desert shops near me,0,6,0,8
desert stores near me,0,5,0,8.4
deserts near me,0,2,0,15.5
deserts shop near me,0,5,0,8.6
desi bakery near me,0,2,0,5.5
desi sweets sydney,0,1,0,7
design cakes near me,0,1,0,9
design your birthday cake,0,1,0,6
designed cookies near me,0,1,0,15
desrt shop,0,1,0,8
dessert,0,3,0,15.3
dessert around me,0,3,0,15.7
dessert bakery,0,3,0,10
dessert bexley,0,1,0,78
dessert cafe near me,0,2,0,16.5
dessert cake near me,0,4,0,9.5
dessert cake shop near me,0,1,0,7
dessert chadstone,0,3,0,59.7
dessert chadstone shopping centre,0,2,0,56
dessert for birthday party,0,1,0,53
dessert in parramatta,0,5,0,30.8
dessert in the area,0,1,0,8
dessert inner west,0,1,0,14
dessert marsden,0,19,0,10.2
dessert marsden park,0,38,0,9.3
dessert near,0,1,0,8
dessert near .me,0,1,0,10
dessert near by,0,1,0,13
dessert near m,0,1,0,12
dessert near me,0,320,0,17.4
dessert near me open now,0,7,0,10.4
dessert near me open now within 8.1 km,0,1,0,10
dessert near me within 400m,0,1,0,6
dessert near me within 8.1 km,0,1,0,45
dessert near me within 800m,0,2,0,7.5
dessert near me.,0,3,0,8.7
dessert near ne,0,1,0,18
dessert near parramatta,0,4,0,30
dessert near.me,0,1,0,17
dessert nearby,0,1,0,11
dessert north sydney,0,8,0,30
dessert only,0,3,0,10.7
dessert open now,0,1,0,10
dessert pastries,0,1,0,15
dessert pastries near me,0,1,0,56
dessert pick up,0,1,0,11
dessert pick up near me,0,3,0,9.3
dessert place near me,0,3,0,32.7
dessert places near me,0,17,0,15.8
dessert places western sydney,0,41,0,9.2
dessert shooters near me,0,1,0,11
dessert shop,0,33,0,10.1
dessert shop near m,0,1,0,10
dessert shop near me,0,8,0,10.4
dessert shop near me open,0,1,0,9
dessert shop parramatta,0,2,0,11
dessert shop sydney,0,15,0,10.5
dessert shop.near me,0,2,0,8.5
dessert shops,0,2,0,8
dessert shops around me,0,2,0,11.5
dessert shops near me,0,51,0,9.5
dessert shops near me open now,0,1,0,6
dessert shops near me.,0,1,0,9
dessert shops nesr me,0,1,0,9
dessert shops sydney,0,5,0,12.6
dessert store near me,0,2,0,12
dessert stores,0,2,0,11.5
dessert stores near me,0,14,0,9.1
dessert west end,0,1,0,14
dessert western suburbs,0,1,0,6
dessert+whatsapp,0,1,0,1
dessert.near me,0,1,0,9
desserts,0,3,0,9.3
desserts bakery,0,1,0,6
desserts cake shop,0,1,0,16
desserts chadstone,0,1,0,54
desserts delivery near me,0,1,0,17
desserts for delivery near me,0,1,0,14
desserts in the area,0,3,0,10.7
desserts milton,0,2,0,59
desserts near me,0,62,0,17.5
desserts near me within 800m,0,1,0,10
desserts near.me,0,1,0,65
desserts only,0,2,0,11.5
desserts open near me,0,2,0,14
desserts places near me,0,1,0,7
desserts shop near me,0,9,0,9.9
desserts shop near me open now,0,2,0,7
desserts shop open near me,0,1,0,10
desserts shops near me,0,3,0,9.3
desserts store near me,0,2,0,9.5
desserts sydney,0,1,0,30
desserts to buy near me,0,2,0,14.5
desserts to order,0,1,0,10
desserts to order near me,0,2,0,9.5
desserts west end,0,1,0,19
desserts western sydney,0,15,0,8.1
dessertshop,0,1,0,11
devom eggless cakes,0,15,0,38.3
dhoda barfi near me,0,1,0,11
diabetic cakes near me,0,2,0,26.5
diabetic cupcakes near me,0,1,0,39
diabetic desserts to buy near me,0,1,0,30
difference between cake and tart,0,1,0,11
difference between egg and eggless cake,0,1,0,1
difference between mud cake and sponge cake,0,2,0,7.5
different cakes,0,2,0,26.5
dinosaur cake near me,0,1,0,7
diwali sweets near me,0,1,0,32
do all cakes have eggs,0,5,0,7.8
do any supermarkets do photo cakes?,0,1,0,1
do cakes need eggs,0,1,0,11
do cheesecake have eggs,0,1,0,11
do cheesecakes have eggs,0,2,0,8.5
do eggless cakes taste different,0,8,0,5.6
do vegan cakes have eggs,0,1,0,6
doda barfi near me,0,4,0,11
does baked cheesecake have eggs,0,1,0,6
does cake contain egg,0,4,0,11
does cake have calories,0,1,0,10
does cheese cake contain egg,0,1,0,5
does cheese cake contains egg,0,10,0,7.6
does cheese cake have egg,0,3,0,10.7
does cheese cake have eggs,0,2,0,7.5
does cheesecake contain egg,0,5,0,4.2
does cheesecake contain eggs,0,9,0,8.6
does cheesecake has egg,0,5,0,10.6
does cheesecake have egg,0,27,0,8.1
does cheesecake have egg in it,0,5,0,9.4
does cheesecake have eggs,0,26,0,8.3
does cheesecake have eggs in it,0,1,0,8
does cheesecake have eggs in them,0,2,0,3.5
does cool cake contain egg,0,1,0,8
does eggless cake contains egg,0,5,0,6.4
does eggless cake taste different,0,6,0,4.3
does ice cake contain egg,0,48,0,6.2
does ice cream cake contain egg,0,2,0,8
does ice cream cake have egg,0,4,0,2
does ice cream cake have eggs,0,13,0,3.1
does it contain nuts,0,1,0,4
dog birthday cake near me,0,1,0,71
dog cake near me,0,1,0,24
domino cake,0,1,0,38
don't drop the cake,0,4,0,21
donut cakes for birthday,0,1,0,7
donut near me,0,11,0,6.6
donuts in parramatta,0,1,0,9
donuts near me open now,0,1,0,3
donuts parramatta,0,7,0,13.1
donuts rouse hill,0,1,0,6
doodh peda near me,0,2,0,7
doonside bakery,0,11,0,11
doughnut near me,0,3,0,5
doughnuts,0,1,0,10
doughnuts near me,0,8,0,6
drip cake surry hills,0,20,0,6.4
drip cake sydney,0,8,0,5.2
drip cakes sydney,0,24,0,6.5
dubai chocolate cake near me,0,1,0,7
dundas bakery,0,5,0,8.6
durga puja 2026 sydney,0,15,0,8.1
durga puja in sydney,0,2,0,3
durga puja sydney,0,1,0,10
durian cake near me,0,1,0,8
edible cake images near me,0,6,0,21.3
edible cake images sydney,0,6,0,8
edible cake pictures near me,0,1,0,10
edible cake printer near me,0,1,0,16
edible cake prints near me,0,3,0,10
edible icing images near me,0,1,0,20
edible image cake near me,0,9,0,8.4
edible image cakes,0,3,0,6.3
edible image cakes near me,0,1,0,6
edible image cupcakes near me,0,1,0,9
edible image printer near me,0,2,0,13.5
edible image printing near me,0,8,0,11.1
edible image printing sydney,0,88,0,14.8
edible images for cakes near me,0,12,0,17.3
edible images for cookies near me,0,1,0,23
edible images near me,0,2,0,32.5
edible images printed near me,0,1,0,8
edible images printing near me,0,1,0,9
edible imaging near me,0,1,0,16
edible photo cake,0,7,0,17.1
edible photo cake topper near me,0,1,0,21
edible photo cakes,0,1,0,6
edible photo cakes near me,0,1,0,1
edible photo cookies near me,0,1,0,21
edible photo for cake near me,0,4,0,9
edible photo print near me,0,1,0,8
edible photo print shop near me,0,1,0,10
edible photo printing near me,0,1,0,10
edible photos for cakes near me,0,3,0,6.7
edible photos near me,0,1,0,25
edible picture cake,0,1,0,9
edible picture near me,0,1,0,10
edible picture printing near me,0,1,0,15
edible pictures for cakes near me,0,4,0,21.5
edible pictures near,0,4,0,23.5
edible pictures near me,0,1,0,22
edible print near me,0,1,0,4
edible printed cakes,0,1,0,23
edible printer for cakes near me,0,1,0,12
edible printer near me,0,2,0,15.5
edible printing near me,0,4,0,14.5
edible prints for cakes near me,0,2,0,7
edible prints near me,0,2,0,22.5
edible sheets for cakes near me,0,1,0,18
egess,0,1,0,9
egg and nut free cake,0,1,0,7
egg and nut free cakes,0,1,0,7
egg and nut free cupcakes near me,0,1,0,39
egg cake box,0,1,0,3
egg cake near me,0,1,0,12
egg free bakery,0,19,0,6.1
egg free bakery near me,0,1,0,9
egg free birthday cakes,0,8,0,9.8
egg free cake bake studio,0,5,0,12.6
egg free cake bake studio photos,0,1,0,11
egg free cake box,0,1,0,4
egg free cake buy,0,1,0,6
egg free cake delivery,0,5,0,7.8
egg free cake shop,0,5,0,10.6
egg free cake supermarket,0,1,0,6
egg free cake sydney,0,48,0,8.3
egg free cakes castle hill,0,90,0,5.7
egg free cakes cherrybrook,0,96,0,22.7
egg free cakes liverpool,0,7,0,7.3
egg free cakes mount druitt,0,67,0,14.4
egg free cakes near me,0,12,0,7.6
egg free cakes parramatta,0,270,0,15.3
egg free cakes penrith,0,11,0,11.5
egg free cakes to buy,0,2,0,6.5
egg free cupcakes near me,0,3,0,10.7
egg free desserts near me,0,4,0,7
egg free nut free cake,0,1,0,15
egg free nut free cake near me,0,6,0,5.8
egg free sponge cake,0,1,0,6
egg free wedding cake,0,1,0,4
egg less bakery,0,1,0,4
egg less cake price,0,2,0,8.5
egg less cakes,0,9,0,6.2
egg less cakes near me,0,2,0,5
egg pudding near me,0,1,0,7
egg puffs,0,1,0,7
egg vs eggless cake,0,1,0,2
eggfree cake near me,0,1,0,12
eggfree cakes,0,1,0,4
eggles cake,0,1,0,14
eggless,0,26,0,6.2
eggless almond cake,0,1,0,8
eggless and nut free cake,0,2,0,5.5
eggless and nut free cake near me,0,5,0,5.6
eggless and sugar free cake near me,0,2,0,10
eggless bakeries,0,2,0,3.5
eggless bakeries near me,0,2,0,9
eggless bakers,0,2,0,12.5
eggless bakery,0,30,0,7.4
eggless baking,0,1,0,7
eggless bento cake near me,0,3,0,3.7
eggless birthday cake,0,2,0,8.5
eggless birthday cakes,0,5,0,9.6
eggless birthday cakes near me,0,3,0,2
eggless biscoff cake,0,1,0,19
eggless black forest cake,0,1,0,7
eggless black forest cake near me,0,1,0,7
eggless bread near me,0,1,0,11
eggless brownie near me,0,5,0,5.4
eggless brownies near me,0,10,0,7
eggless buns near me,0,3,0,4.3
eggless cafe,0,5,0,13.2
eggless cake 1 kg price,0,1,0,1
eggless cake 1kg with price,0,2,0,7
eggless cake adelaide,0,1,0,3
eggless cake around me,0,2,0,7
eggless cake available near me,0,1,0,6
eggless cake bakery,0,9,0,4.6
eggless cake bakery near me,0,11,0,7.1
eggless cake birthday,0,2,0,6
eggless cake buy,0,9,0,7.7
eggless cake buy online,0,2,0,7.5
eggless cake cheesecake shop,0,2,0,14
eggless cake company,0,1,0,3
eggless cake delivery near me,0,3,0,8.3
eggless cake flavours,0,1,0,1
eggless cake for birthday,0,3,0,10.7
eggless cake halal,0,2,0,1
eggless cake home delivery,0,6,0,12.5
eggless cake indian,0,1,0,7
eggless cake meaning,0,9,0,11.6
eggless cake means,0,10,0,10.4
eggless cake melbourne cbd,0,1,0,10
eggless cake metro,0,1,0,3
eggless cake near,0,1,0,4
eggless cake near by,0,2,0,10.5
eggless cake near by me,0,2,0,5.5
eggless cake near me delivery,0,3,0,6.7
eggless cake near me home delivery,0,1,0,11
eggless cake near me indian,0,1,0,3
eggless cake near me open now,0,12,0,3.5
eggless cake near me within 800m,0,1,0,2
eggless cake nearby,0,6,0,5.2
eggless cake online,0,5,0,6.8
eggless cake online delivery,0,2,0,8.5
eggless cake online delivery near me,0,1,0,16
eggless cake options,0,4,0,9.2
eggless cake options near me,0,5,0,7.6
eggless cake or egg cake which is better,0,2,0,11
eggless cake order,0,14,0,7.6
eggless cake order online near me,0,3,0,5.7
eggless cake pakenham,0,1,0,19
eggless cake price,0,1,0,8
eggless cake recipe,0,1,0,4
eggless cake same day delivery,0,3,0,10.3
eggless cake shelf life,0,1,0,3
eggless cake shops,0,8,0,7.2
eggless cake slice,0,1,0,3
eggless cake store,0,1,0,7
eggless cake store near me,0,4,0,6.8
eggless cake studio,0,2,0,16
eggless cake supermarket,0,2,0,6
eggless cake wentworthville,0,37,0,6.6
eggless cake windsor,0,1,0,4
eggless cake woolworths,0,1,0,4
eggless cake.near me,0,1,0,6
eggless cakes brisbane,0,1,0,6
eggless cakes near me for birthday,0,9,0,6.6
eggless cakes nearby,0,4,0,3
eggless cakes online,0,2,0,8.5
eggless cakeshop,0,1,0,1
eggless cale near me,0,5,0,3.8
eggless cales,0,3,0,7.7
eggless cheese cake near me,0,1,0,4
eggless cheesecake,0,1,0,2
eggless chocolate mud cake,0,1,0,5
eggless cookies,0,1,0,3
eggless cookies near me,0,5,0,7.2
eggless croissant near me,0,2,0,4.5
eggless cupcake,0,2,0,1.5
eggless cupcakes,0,7,0,8
eggless custom cake,0,3,0,5.3
eggless dessert,0,1,0,11
eggless dessert cafe,0,4,0,17.5
eggless dessert near me,0,2,0,3.5
eggless dessert places near me,0,1,0,1
eggless desserts,0,3,0,6
eggless desserts near me,0,11,0,7
eggless dinner rolls,0,2,0,5
eggless donuts,0,1,0,6
eggless doughnut,0,2,0,3.5
eggless fruit cake near me,0,2,0,5.5
eggless ice cream cake near me,0,1,0,10
eggless indian cake near me,0,1,0,3
eggless ladyfingers for tiramisu,0,1,0,2
eggless macarons near me,0,2,0,9.5
eggless mango cake,0,1,0,6
eggless mango cake near me,0,1,0,4
eggless mawa cake recipe,0,1,0,2
eggless meaning in punjabi,0,2,0,4
eggless means,0,1,0,11
eggless menu,0,7,0,22.7
eggless moist cake,0,1,0,1
eggless muffin near me,0,3,0,5.7
eggless muffins near me,0,13,0,5.6
eggless near me,0,4,0,6
eggless nut free cake,0,2,0,4
eggless oats cake recipe,0,1,0,6
eggless pastries,0,1,0,8
eggless pastries near me,0,6,0,2.8
eggless red velvet cake near me,0,1,0,6
eggless sponge cake near me,0,2,0,3
eggless tiramisu cake near me,0,1,0,3
eggless tiramisu near me,0,4,0,5.5
eggless tres leches cake near me,0,1,0,3
eggless vanilla cake calories per 100g,0,4,0,3
eggless vanilla cake calories per 100g nutrition,0,8,0,4.2
eggless vanilla sponge cake calories per 100g,0,1,0,2
eggless vanilla sponge cake calories per 100g nutrition,0,14,0,3.3
eggless vegetarian cake,0,2,0,9
eggless version,0,1,0,2
egglesscake,0,1,0,13
egless cake,0,1,0,13
egless cake near me,0,2,0,5
egless cake shop,0,2,0,3.5
egless cakes,0,1,0,8
eid milad un nabi 2026 cake,0,5,0,7.8
elmo birthday cake,0,1,0,6
elsa birthday cake,0,1,0,1
elsa cake,0,1,0,6
emerton bakery,0,2,0,11
endless eggless reviews,0,2,0,18
epping bakery,0,2,0,11
ever bakery,0,1,0,10
face cake near me,0,1,0,29
face on cake,0,9,0,7
face print cake,0,2,0,11
face printed cake,0,2,0,6.5
famous cake near me,0,1,0,4
famous cake shop near me,0,2,0,3.5
famous mango cake,0,1,0,7
fancy cakes sydney,0,1,0,23
fancy desserts near me,0,1,0,16
farewell cakes,0,3,0,4.3
farewell message on cake for colleague,0,1,0,11
fast day,0,1,0,2
fathers day cake,0,2,0,13
fathers day cakes delivered sydney,0,115,0,12.7
fathers day cakes sydney,0,157,0,10.7
ferrero rocher cake near me,0,2,0,12
ferrero rocher purim,0,1,0,5
filter coffee near me,0,2,0,17.5
finish bakery,0,1,0,8
first birthday birthday cake,0,1,0,13
first birthday cakes,0,8,0,11.1
first birthday cale,0,1,0,24
first birthday cales,0,1,0,6
first cake,0,1,0,11
first cakes,0,1,0,10
flavour in cake,0,1,0,11
flavours bakery,0,1,0,10
flexitarian lychee recipe,0,1,0,216
flour and stone cakes,0,1,0,48
flour and stone woolloomooloo,0,2,0,60
flourless bakery,0,5,0,45.4
flourless cake near me,0,9,0,55.7
flourless chocolate cake near me,0,3,0,54.7
flower near me,0,1,0,9
flower shop near me,0,4,0,19.2
focaccia near me bakery,0,1,0,28
food cake,0,1,0,19
food harris park,0,3,0,50
food in riverstone,0,4,0,19
food places near me,0,1,0,22
food riverstone,0,15,0,22.6
food.near me,0,1,0,62
football cake,0,2,0,8
for cakes,0,1,0,16
franchise cake shop,0,1,0,19
free smash cake near me,0,1,0,11
fresh baked cookies,0,1,0,2
fresh bread near me,0,1,0,1
fresh cake shop near me,0,1,0,1
fresh cakes near me,0,2,0,11.5
fresh cookies near me,0,1,0,1
fresh cookies near me open now,0,1,0,1
fresh cream cake how long does it last,0,8,0,9.2
fresh cream cakes near me,0,1,0,20
fresh cream sponge cake,0,1,0,8
fresh cupcake,0,2,0,12
fresh fruit cake sydney,0,1,0,11
fresh gulab jamun near me,0,1,0,9
fresh indian sweets,0,1,0,30
fresh indian sweets near me,0,1,0,17
fresh kulcha near me,0,2,0,1.5
fresh made,0,1,0,6
fresh muffins,0,1,0,19
fresh pie near me,0,1,0,5
fresh rolls near me,0,1,0,6
fresh sponge cake near me,0,1,0,3
fresh strawberry cake,0,1,0,53
freshly baked pretzels,0,1,0,28
fried desserts near me,0,1,0,3
fruit cake,0,2,0,8.5
fruit cake delivery sydney,0,4,0,15.2
fruit cake near me,0,1,0,6
fruit cake sydney,0,2,0,7.5
fruit cakes design,0,1,0,18
fruit cakes sydney,0,10,0,10.4
fruit desserts near me,0,1,0,8
fruit flan cake,0,1,0,9
fruit flan near me,0,1,0,16
fruits dessert near me,0,1,0,9
fruity cakes near me,0,1,0,19
galston bakery,0,5,0,10
gender reveal cake,0,3,0,9.7
gender reveal cake near me,0,3,0,14.7
gender reveal cake sydney,0,2,0,8.5
gender reveal cakes near me,0,2,0,16
george street parramatta,0,1,0,2
german chocolate cake near me,0,1,0,27
get together cake messages,0,2,0,5
ghee sweets near me,0,1,0,21
ghewar in sydney,0,1,0,37
gingerbread cookies near me,0,1,0,15
give more,0,1,0,10
glenhaven bakery,0,1,0,7
gluten free bakery,0,2,0,12.5
gluten free bakery near my location,0,1,0,1
gluten free bakery north sydney,0,4,0,75.2
gluten free birthday cake near me,0,1,0,1
gluten free brownies bakery,0,1,0,6
gluten free cake,0,6,0,9
gluten free cake near me,0,2,0,12
gluten free cakes parramatta,0,2,0,77.5
gluten free cheesecake near me,0,1,0,3
gluten free croissant,0,1,0,10
gluten free cupcakes,0,1,0,23
gluten free cupcakes near me,0,2,0,12
gluten free desserts near me,0,1,0,14
gluten free eggless cake,0,2,0,7
gluten free mud cake,0,1,0,9
gluten free pastries,0,1,0,2
gluten free pastry,0,1,0,2
gluten free roti near me,0,1,0,4
gold sweets menu,0,3,0,34.3
good bakery,0,1,0,35
good bakery near me,0,7,0,14.1
good cake,0,3,0,9.3
good cake for birthday,0,1,0,6
good cake shop near me,0,2,0,9
good cakes,0,6,0,17.2
good cakes in sydney,0,2,0,15
good cakes sydney,0,5,0,18
good coffee near me now,0,1,0,6
good cookies near me,0,1,0,1
good desserts near me,0,1,0,18
good food near me,0,1,0,19
good pastries near me,0,1,0,10
good pastry near me,0,1,0,7
goodbye cake,0,2,0,3
goodbye cakes,0,1,0,8
gooey chocolate cake near me,0,1,0,4
google bakery,0,1,0,3
gourmet desserts near me,0,4,0,13
grand cake,0,1,0,7
grandma moses bakery,0,3,0,53.3
grandma moses bakery & cafe kensington,0,3,0,65.3
grandma moses bakery menu,0,1,0,57
grandma moses kensington,0,1,0,74
granville cake shop,0,1,0,28
great cakes,0,4,0,9.5
gujarati bakery near me,0,1,0,12
gulab jaman near me,0,2,0,26.5
gulab jamun cheesecake near me,0,1,0,39
gulab jamun near me,0,8,0,11.5
gulab jamun rabdi near me,0,1,0,12
guru nanak bakery near me,0,1,0,14
guru sweets near me,0,1,0,19
halal baked goods,0,2,0,10
halal bakeries,0,2,0,24
halal bakery near me,0,6,0,12.2
halal bakery near me open now,0,1,0,8
halal bakery sydney,0,160,0,33.9
halal baking,0,1,0,24
halal birthday cake near me,0,1,0,9
halal brownie,0,1,0,3
halal brownies near me,0,1,0,11
halal cake,0,42,0,28.9
halal cake meaning,0,5,0,7
halal cake near me,0,5,0,16.4
halal cake shop,0,20,0,31.6
halal cake shop near me,0,22,0,16.8
halal cake shop sydney,0,129,0,41.8
halal cake shops,0,5,0,13.4
halal cake shops near me,0,3,0,21.7
halal cake sydney,0,3,0,12.3
halal cakes,0,44,0,25.4
halal cakes shop near me,0,1,0,2
halal cakes sydney,0,111,0,40.5
halal cheesecake shop,0,1,0,9
halal chocolate cake near me,0,1,0,5
halal cupcakes,0,7,0,24.4
halal cupcakes near me,0,3,0,35
halal dessert near me,0,2,0,21.5
halal desserts near me,0,1,0,28
halal eggless cake,0,1,0,10
halal food near me,0,4,0,40.5
halal pick n mix,0,1,0,2
halal pies near me,0,3,0,6.7
halal tiramisu sydney,0,1,0,6
halal wedding cakes sydney,0,2,0,41
half kg mix mithai price,0,1,0,3
halwa puri near me,0,1,0,43
happy birthday cookies near me,0,1,0,10
happy birthday donuts,0,2,0,16
happy work anniversary cake,0,1,0,9
harris cake,0,2,0,3.5
harris park bakery,0,122,0,6.0
harris park food,0,11,0,50.8
harris park indian restaurant,0,10,0,73.8
harris park pani puri,0,1,0,2
harris park restaurant,0,3,0,60.3
harris park shops,0,12,0,20.8
harris park sweet shop,0,18,0,8.4
harris park sweets,0,2,0,9
hassall grove bakery,0,1,0,12
hassall grove cake shop,0,2,0,10.5
healthy cake near me,0,1,0,12
healthy dessert places near me,0,1,0,16
healthy desserts to buy near me,0,1,0,15
heart shape cake near me,0,2,0,3
heart shaped birthday cake near me,0,1,0,2
heart shaped cake near me,0,1,0,2
hello kitty cake near me,0,2,0,1
hello naomi,0,7,0,44.7
high tea near me,0,1,0,67
hill top bakery menu,0,1,0,27
hindu bakery,0,1,0,10
hobnob bakery near me,0,1,0,30
home made desserts near me,0,1,0,9
homebush cakes photos,0,1,0,9
homemade cake near me,0,3,0,13
homemade cupcakes near me,0,1,0,20
homemade eggless cake,0,1,0,3
homemade eggless cake near me,0,1,0,3
homm dessert chadstone,0,1,0,63
honey cake near me,0,2,0,5.5
hot brownie near me,0,3,0,6.7
hot cakes near me,0,1,0,11
hot chocolate,0,1,0,23
hot chocolate near me,0,6,0,12.5
hot chocolate near me within 400m,0,2,0,5.5
hot chocolate place,0,1,0,23
hot cinnamon donuts,0,1,0,25
how about in nsw,0,1,0,6
how big is a 7 inch cake,0,1,0,11
how big is a standard cake,0,1,0,6
how far away is westfield from me,0,1,0,1
how long can a cream cake last in the fridge,0,1,0,8
how long can a fresh cream cake last in the fridge,0,2,0,9.5
how long can cream cake last in the fridge,0,1,0,7
how long can cream cake stay out of the fridge,0,1,0,9
how long can fresh cream cake stay in the fridge,0,5,0,8.8
how long can fresh cream cake stay out of the fridge,0,3,0,5.7
how long can you keep a fresh cream cake in the fridge,0,1,0,9
how long can you keep fresh cream cake in the fridge,0,3,0,8.7
how long cream cake last in fridge,0,1,0,8
how long do cake box cakes last,0,4,0,16
how long do cake box cakes last in the fridge,0,2,0,19
how long do cream cakes last,0,2,0,9
how long do cream cakes last in the fridge,0,2,0,9
how long do fresh cream cakes last,0,10,0,10.5
how long do fresh cream cakes last in the fridge,0,11,0,7.8
how long do these last in the fridge,0,1,0,6
how long does a cake box cake last,0,2,0,15.5
how long does a cream cake last in the fridge,0,2,0,8.5
how long does a fresh cream cake last,0,9,0,7.3
how long does a fresh cream cake last in the fridge,0,17,0,7.9
how long does cake box cake last in the fridge,0,1,0,13
how long does cake box cakes last,0,2,0,20
how long does cream cake last in fridge,0,2,0,8.5
how long does cream cake last in the fridge,0,5,0,7.4
how long does fresh cream cake last,0,36,0,8.8
how long does fresh cream cake last in fridge,0,2,0,7.5
how long does fresh cream cake last in the fridge,0,11,0,7.4
how long does vegan cake last in the fridge,0,1,0,10
how long fresh cream cake last in fridge,0,4,0,9
how long is fresh cream cake good for,0,3,0,9.7
how long will a cream cake last in the fridge,0,2,0,9
how long will a fresh cream cake last in the fridge,0,8,0,8.4
how long will fresh cream cake last in the fridge,0,2,0,8
how many calories does a slice of cake have,0,1,0,11
how many calories in a cake,0,2,0,8.5
how many calories in a small piece of cake,0,1,0,2
how many calories in a small slice of cake,0,1,0,10
how many calories in cake,0,3,0,9.3
how many calories is in cake,0,1,0,7
how many people can eat 6 inch cake,0,1,0,5
how many people does a 12 inch cake feed,0,1,0,6
how many people does a 7 inch cake serve,0,1,0,10
how many people does a 7inch cake feed,0,1,0,7
how many people does a 9 inch round cake serve,0,1,0,7
how many people does an 8 inch 2 layer cake feed,0,1,0,4
how many people does an 8 inch cake feed,0,4,0,5
how many people for 8 inch cake,0,1,0,5
how many people will an 8 inch round cake feed,0,1,0,5
how many servings for 8 inch cake,0,1,0,6
how many servings in a 7 inch round cake,0,1,0,6
how many servings per cake,0,1,0,5
how much cake for 15 people,0,1,0,8
how much cake for 35 people,0,1,0,3
how much do cakes usually cost,0,1,0,4
how much does a 12 inch cake feed,0,1,0,7
how much does a 4 layer 8 inch cake serve,0,1,0,8
how much does a 7 inch cake feed,0,1,0,5
how much does a cake cost,0,1,0,1
how much for a custom cake,0,1,0,5
how much is a cake with a picture on it,0,1,0,7
how much is it,0,1,0,2
how much is this cake?,0,1,0,30
how much would a 10 cake cost?,0,1,0,4
how much would a cake like this cost,0,5,0,6
how to design a birthday cake,0,1,0,6
how to get a cake with a picture on it,0,2,0,9.5
how to get a photo on a cake,0,5,0,8
how to get cake with picture on it,0,1,0,1
how to identify eggless cake,0,1,0,11
how to know if cake has egg or not,0,7,0,11.7
how to know if cake is eggless or not,0,3,0,11
how to make photo cake,0,1,0,24
how to order a cake,0,1,0,30
how to order a cake online,0,2,0,63
how to order a cake with a picture on it,0,1,0,5
how to order birthday cake,0,1,0,25
how to order birthday cake online,0,1,0,67
how to order cake online,0,1,0,56
how to order cake with picture on it,0,2,0,8
how to print photo on cake,0,3,0,8
hyderabadi bakery,0,1,0,2
ice cake is egg or eggless,0,19,0,8.3
ice cream,0,1,0,24
ice cream cake,0,2,0,25.5
ice cream cake contains egg or not,0,8,0,6.1
ice cream cake egg or eggless,0,1,0,2
ice cream cake eggless,0,1,0,6
ice cream cake has egg or not,0,2,0,11
ice cream cake is egg or eggless,0,30,0,8
ice cream cake is eggless or not,0,2,0,10.5
ice cream cake near me,0,4,0,13.5
ice cream cake roll where to buy,0,1,0,17
ice cream near me,0,3,0,19.7
ice cream rolls near me,0,1,0,14
iced coffee near me,0,1,0,15
icing printing near me,0,1,0,11
image cake near me,0,1,0,8
image cakes,0,15,0,4.7
image cakes sydney,0,2,0,3.5
image on cake near me,0,2,0,16
image print cake,0,2,0,8.5
image printed on cake,0,3,0,6.7
imagine cake,0,1,0,11
imarti sweet near me,0,1,0,26
in australia,0,2,0,5.5
in nsw,0,1,0,4
in sydney,0,5,0,6.4
india bakery near me,0,8,0,14.4
india cakes near me,0,1,0,34
india sweets shop near me,0,1,0,13
indian baker,0,4,0,6
indian bakers,0,1,0,8
indian bakery,0,214,0,11.1
indian birthday cake,0,2,0,5.5
indian cake,0,1,0,9
indian cake bakery near me,0,7,0,5.9
indian cake flavours,0,2,0,8.5
indian cake near me,0,12,0,8.2
indian cake shop,0,13,0,8.5
indian cake shops,0,4,0,9.2
indian cake shops near me,0,5,0,10.2
indian cakes,0,4,0,8.5
indian cakes and nuts,0,1,0,5
indian dessert near me,0,4,0,25.8
indian dessert shop,0,1,0,31
indian dessert shop near me,0,2,0,28.5
indian desserts near me,0,4,0,27
indian eggless cake near me,0,5,0,6
indian flavor ice cream near me,0,1,0,52
indian food harris park,0,5,0,67.8
indian food parcel cabramatta,0,1,0,86
indian ice cream near me,0,4,0,44
indian kulfi near me,0,1,0,44
indian milk cake near me,0,3,0,10
indian mithai near me,0,4,0,17.8
indian pastries near me,0,3,0,12
indian pastry,0,4,0,1
indian restaurant harris park,0,8,0,73.9
indian style cake near me,0,5,0,3.8
indian sweet near me,0,2,0,19
indian sweet online,0,2,0,14
indian sweet online order,0,1,0,12
indian sweet shop,0,2,0,40.5
indian sweet shop near me,0,4,0,23.8
indian sweet shop near me open now,0,1,0,22
indian sweet shop nearby,0,1,0,18
indian sweet shop sydney,0,23,0,20.8
indian sweet shops,0,1,0,29
indian sweet shops near me,0,1,0,20
indian sweets delivery near me,0,1,0,16
indian sweets delivery sydney,0,4,0,11
indian sweets home delivery,0,1,0,37
indian sweets in sydney,0,10,0,17
indian sweets liverpool,0,1,0,32
indian sweets menu,0,1,0,18
indian sweets mithai,0,7,0,36.6
indian sweets near me,0,5,0,19.6
indian sweets near me now,0,2,0,16
indian sweets near me open now,0,2,0,20.5
indian sweets nearby,0,3,0,17.7
indian sweets online,0,8,0,13.1
indian sweets online australia,0,1,0,6
indian sweets online order,0,1,0,13
indian sweets order online,0,4,0,15
indian sweets parramatta,0,1,0,4
indian sweets price list,0,2,0,17.5
indian sweets price per kg,0,2,0,5.5
indian sweets shop,0,2,0,26
indian sweets shop near me,0,6,0,20
indian sweets shops,0,1,0,35
indian sweets sydney,0,44,0,19.4
indian sweets sydney cbd,0,1,0,27
infinity bakery harris farm,0,2,0,53.5
is a pavlova a cake,0,1,0,11
is any bakery open near me,0,1,0,3
is cake halal,0,1,0,8
is cake vegetarian,0,1,0,9
is cheesecake egg free,0,1,0,9
is cheesecake eggless,0,1,0,6
is eggless cake more expensive,0,5,0,9.4
is eggless cake vegan,0,2,0,9.5
is ice cream cake eggless,0,1,0,2
is pavlova a cake,0,1,0,12
is there egg in cheese cake,0,1,0,7
islamic bakery,0,1,0,4
island rum cake,0,1,0,6
it didn't rise,0,1,0,3
ivory bakery,0,1,0,34
jaggery sweets near me,0,1,0,28
jain bakery,0,1,0,1
jain cake,0,1,0,1
jain sweets,0,1,0,5
jalebi near me,0,3,0,16.3
jamun near me,0,1,0,8
juices near me,0,1,0,43
kabhi b bakery near me,0,1,0,1
kabhi bhi bakery near me,0,1,0,1
kachori,0,1,0,19
kadhai doodh near me,0,1,0,11
kaju barfi near me,0,3,0,3.3
kaju katli,0,1,0,20
kaju katli near me,0,16,0,12.9
kaju katli online delivery,0,1,0,51
kaju pista roll near me,0,1,0,11
kaju roll price,0,1,0,14
kaju shake near me,0,1,0,9
kaju special,0,1,0,3
kalakand near me,0,2,0,14
kalakand sweet near me,0,2,0,10.5
kalymnos bakery,0,1,0,48
kalymnos pastries menu,0,1,0,48
kalymnos pastry,0,1,0,60
kandi pedha near me,0,1,0,7
kannan sweets,0,1,0,11
kanti sweets near me,0,1,0,27
karwa chauth 2026 sydney,0,1,0,4
kellyville cakes,0,1,0,44
keto baker,0,1,0,8
keto bakery,0,3,0,8.3
keto bakery sydney,0,1,0,9
keto cake sydney,0,1,0,11
keto cakes sydney,0,1,0,7
khaja mithai near me,0,1,0,13
khaja sweet near me,0,1,0,23
khanom house,0,5,0,62.4
khanom house by the baking lists,0,2,0,46
khanom house by the baking lists menu,0,1,0,43
khanom house chippendale,0,1,0,64
khanom house sydney,0,1,0,50
kheer kadam near me,0,1,0,31
kheer mohan near me,0,1,0,42
khoya kulfi near me,0,2,0,66.5
kids bakery,0,2,0,8
kids bday cakes,0,1,0,8
kids birthday cake,0,1,0,7
kids birthday cake near me,0,3,0,16
kids birthday cake sydney,0,30,0,17.4
kids birthday cakes near me,0,2,0,28.5
kids birthday cakes sydney,0,97,0,18.1
kids birthday cales,0,1,0,8
kids birthday party cakes,0,1,0,15
kids cake sydney,0,144,0,18.0
kids cakes near me,0,1,0,47
kids cakes sydney,0,85,0,17.7
"kids cakes sydney,",0,12,0,14
kids party cakes,0,1,0,11
kids photo cake,0,1,0,5
kincumber bakery,0,2,0,55.5
king of sweets greenacre,0,1,0,33
kitchens pemulwuy,0,2,0,30.5
korean bakery near me,0,2,0,13.5
kosher cakes sydney,0,3,0,12.7
kpop cake near me,0,1,0,16
kulcha bakery near me,0,1,0,7
kulcha bread,0,1,0,6
kulcha near me,0,3,0,37
kulcha near me bakery,0,1,0,1
kulcha shop near me,0,1,0,28
kulfi falooda near me,0,2,0,44
kulfi ice cream near me,0,1,0,63
kulfi near me,0,3,0,74.7
kumar sweets near me,0,2,0,38
lactose free desserts,0,1,0,1
laddoo near me,0,1,0,10
laddoos near me,0,3,0,7.3
laddu near me,0,9,0,9.8
lalor park post code,0,2,0,11.5
large sheet cakes,0,1,0,7
late night desserts near me,0,1,0,8
lava cake near me,0,1,0,10
layered cake near me,0,1,0,12
lead time,0,1,0,7
lebanese bakery near me,0,3,0,5
lemon bakery,0,6,0,54.8
lemon birthday cake near me,0,1,0,41
lemon cake bakery,0,8,0,87.8
lemon cake near me,0,4,0,39.8
lemon cake sydney,0,6,0,78.3
lemon drizzle cake near me,0,4,0,68
lemon drizzle cake sydney,0,1,0,88
lemon meringue cake sydney,0,2,0,74.5
leopard print cake near me,0,1,0,8
lgbtq bakery near me,0,1,0,36
like on the street,0,1,0,4
live cakes,0,1,0,10
liverpool deliver cake,0,7,0,69.9
local bakery,0,1,0,34
local bakery near me,0,2,0,7.5
local cake makers near me,0,1,0,2
local cake shops near me,0,2,0,8
local pastry shops,0,1,0,6
local pickup,0,1,0,2
lotus biscoff cake near me,0,2,0,2
low calorie cake near me,0,1,0,17
low calorie desserts near me,0,3,0,20.7
low fodmap cake,0,5,0,18.4
low fodmap cakes,0,1,0,24
low sugar cake near me,0,2,0,9
low sugar cakes near me,0,1,0,9
lugarno bakery,0,1,0,36
lumos bakery mckinnon,0,1,0,51
lumos cafe north sydney,0,1,0,68
lumos north sydney,0,2,0,74.5
lunch near me,0,2,0,45.5
lunch spots near me,0,1,0,38
lychee cake,0,1,0,7
m and m bakery,0,3,0,58.7
macquarie centre cakes,0,1,0,60
magnolia bakery,0,3,0,45.3
magnolia bakery near me,0,3,0,31.7
magnolia cakes and cupcakes,0,1,0,43
magnolia patisserie bankstown,0,1,0,59
magnolia's bakery,0,3,0,43
make your own cake,0,1,0,10
malai kulfi,0,1,0,43
malai kulfi ice cream near me,0,1,0,55
malai kulfi near me,0,1,0,51
mango cake,0,6,0,9.3
mango cake bakery,0,1,0,11
mango cake near me,0,5,0,2.4
mango cake slice,0,1,0,9
mango cake slices,0,1,0,14
mango cake sydney,0,2,0,17
mango cakw,0,1,0,1
mango cream cake,0,2,0,7.5
mango tres leches cake near me,0,1,0,7
mangoes,0,1,0,1
mangos,0,1,0,5
manjots baking,0,2,0,38.5
manning bakery,0,2,0,23.5
mannino's bakery menu and prices,0,1,0,3
mannum bakery,0,6,0,30
manu bakery,0,1,0,35
maraylya postcode,0,1,0,11
marayong bakery,0,1,0,10
maridale park bakery,0,1,0,36
marsden park bakery,0,24,0,9.8
marsfield chinese kitchen menu,0,1,0,22
mathura peda near me,0,1,0,3
matilda cake near me,0,2,0,5
matka kulfi near me,0,2,0,57
mawa kulfi near me,0,1,0,73
mawson bakery,0,1,0,8
mckinnon bakery,0,1,0,55
mckinnon village bakery,0,2,0,46.5
meadowbank cake,0,1,0,11
meadowbank cake shop,0,3,0,11
meat pie near me,0,1,0,17
meat pie shop near me,0,1,0,20
meat pies near me,0,3,0,13.3
melrose bakery,0,1,0,8
men's birthday cakes,0,1,0,11
mermaid cake,0,1,0,4
mermaid cake near me,0,1,0,64
merrylands bakery,0,1,0,59
merrylands cake,0,3,0,22
merrylands cake shop,0,8,0,30.9
milad bakery,0,1,0,9
milk cake,0,4,0,17.5
milk cake indian near me,0,3,0,9
milk cake indian sweet near me,0,1,0,12
milk cake near me,0,6,0,17.8
milk cake sydney,0,1,0,14
milk peda near me,0,1,0,5
millstone bakery,0,2,0,25.5
millstone patisserie,0,3,0,32.3
milton bakery,0,7,0,47
milton bakery nsw,0,2,0,44
milton cake,0,1,0,27
milton cake shop,0,2,0,27.5
milton patisserie,0,1,0,61
mimo desserts,0,1,0,34
min bakery,0,16,0,9
min's bakery,0,1,0,11
mince and cheese pie near me,0,1,0,10
mince and double cheese pie near me,0,1,0,4
minchinbury bakery,0,4,0,13
minchinbury postcode,0,1,0,5
mini cake,0,6,0,13.2
mini cake near me,0,1,0,18
mini cake shop near me,0,2,0,2
mini cake sydney,0,5,0,51.4
mini cakes,0,3,0,12.3
mini cakes near me,0,2,0,3
mini cakes sydney,0,2,0,4
mini carrot cake near me,0,2,0,3
mini cup cake,0,1,0,5
mini cup cakes,0,2,0,2
mini cupcakes,0,15,0,4.9
mini desserts near me,0,2,0,25
mini desserts to buy near me,0,1,0,21
mini donuts near me,0,1,0,11
mini eggless cake,0,1,0,1
mini photo cake,0,1,0,7
mini red velvet cake,0,1,0,9
minion cake,0,1,0,2
minnion cake,0,1,0,2
minto bakery,0,2,0,54.5
minto cake shop,0,1,0,48
minute bakery,0,1,0,4
mio nonno pasticceria,0,2,0,51.5
mishti sweets near me,0,1,0,22
miss cake sydney,0,7,0,11
mithai bakery,0,1,0,7
mithai cake shop,0,1,0,10
mithai cakes,0,1,0,9
mithai delivery,0,2,0,31.5
mithai indian,0,7,0,20
mithai indian sweets,0,5,0,30.6
mithai indian sweets near me,0,1,0,15
mithai near me,0,7,0,18.3
mithai online,0,1,0,17
mithai online delivery,0,1,0,33
mithai pasal near me,0,9,0,9.7
mithai price,0,3,0,9.3
mithai price per kg,0,5,0,8.6
mithai prices,0,1,0,9
mithai shop near me,0,2,0,22.5
mithai shops near me,0,1,0,7
mithai sweets,0,1,0,26
mithais,0,3,0,31
mixed fruits cake,0,1,0,4
mmm num nums,0,1,0,8
mnm bakery,0,3,0,11.7
modak peda near me,0,1,0,11
mohit?,0,1,0,7
mon cakes,0,1,0,6
mona lisa cakes,0,1,0,41
mona vale bakery,0,7,0,53.9
mona's bakehouse,0,1,0,46
monas bakehouse,0,1,0,43
mongolia bakery,0,1,0,43
monsur sweets,0,1,0,13
moon cake,0,1,0,21
mooncakes halal,0,1,0,2
more,0,1,0,7
morning pastries,0,1,0,1
most beautiful cake images,0,1,0,11
mothers day cakes sydney,0,18,0,76.8
motichoor ladoo near me,0,6,0,12.2
mount druitt cake shop,0,3,0,10.7
mousse cake near me,0,4,0,47
mousse cakes near me,0,4,0,33.8
moxons bakery,0,1,0,36
moxons bakery armidale,0,1,0,49
mr kipling cakes near me,0,1,0,55
mud cake near me,0,3,0,10
mud cake vs normal cake,0,2,0,9.5
mud cake vs sponge cake,0,9,0,4.2
mudcake near me,0,1,0,7
muffin near me,0,4,0,2.5
muffins near me,0,1,0,16
muffins near ne,0,1,0,18
mum bakery,0,1,0,17
mum's bakery,0,2,0,25.5
mums bakehouse,0,1,0,46
mums baking,0,2,0,30.5
mums buns,0,3,0,61
mums cakes,0,1,0,14
mumunest cake shop,0,1,0,11
munja bakehouse,0,2,0,55.5
mysore pak near me,0,1,0,40
n & n the cake shop,0,1,0,22
n and n cakes,0,2,0,7
n&n cakes,0,4,0,38
naan bakery near me,0,1,0,72
naan bread near me,0,4,0,13.2
nahoum's bakery,0,1,0,2
nahoums,0,1,0,2
naked cake sydney,0,1,0,7
nam nam cake,0,1,0,3
naman bakery,0,1,0,1
nams bakery,0,2,0,7.5
nams cake,0,1,0,43
nan butter,0,1,0,7
nanak bakery cakes,0,1,0,25
nanak bakery near me,0,1,0,22
nanas bakery,0,1,0,1
nanna bakery,0,1,0,30
nannos bakery,0,1,0,3
nano bakery,0,1,0,5
nano's bakery,0,1,0,6
naomi cakes,0,1,0,28
narayan bakery,0,2,0,1.5
narooma bakery,0,2,0,58.5
natsukis cupcakes,0,1,0,3
natural bakery,0,1,0,1
nc bakery,0,1,0,3
near birthday cake shop,0,1,0,4
near cake shop,0,2,0,10.5
near me cake shop,0,2,0,8
near me cake shops,0,1,0,2
near to me,0,1,0,8
near train station,0,1,0,12
nearby bakery,0,1,0,7
nearby cake shop,0,1,0,2
nearby indian sweet shop,0,1,0,21
nearest bakery,0,3,0,16
nearest bakery shop near me,0,1,0,5
nearest cake shop,0,2,0,1
nearest cake shop near me,0,1,0,13
nearest cookies,0,1,0,10
neelam's eggless bakery menu,0,1,0,8
nemo's cake,0,2,0,55.5
nemo's cake where to buy,0,1,0,26
nemos cake,0,1,0,43
nemos cake near me,0,1,0,13
nepali cake shop near me,0,1,0,1
new south wales,0,1,0,3
newborn cakes,0,1,0,16
nice bakeries near me,0,1,0,65
nice cake,0,2,0,25
nice cake near me,0,1,0,15
nice cakes,0,1,0,23
nice dinner spots near me,0,1,0,188
nice place to eat near me,0,1,0,49
niche deserts,0,6,0,1
niche dessert,0,1,0,1
niche desserts,0,2,0,1
nikos cakes prices,0,1,0,8
nim num,0,6,0,3.8
nim nums,0,1,0,2
nimbus bakery,0,1,0,5
nimitabel bakery,0,1,0,61
nimmitabel bakery,0,6,0,44.3
nimmitabel bakery jindabyne,0,4,0,48.5
nisa bakery,0,1,0,9
no bakery,0,3,0,8.3
no egg,0,4,0,1.5
no egg bakery,0,1,0,6
no egg bakery near me,0,2,0,2
no egg cake near me,0,11,0,4.7
no egg cake shop,0,1,0,3
no egg cakes near me,0,1,0,10
no egg funnel cake recipe,0,1,0,3
no egg?,0,1,0,2
no name bakery,0,1,0,30
no nut cake,0,1,0,10
no nuts cake,0,1,0,2
no sugar cake,0,1,0,10
no sugar desserts near me,0,1,0,12
noah bakery,0,1,0,26
noah's bakery,0,1,0,42
noams,0,4,0,54.5
noble park bakery,0,2,0,41.5
nogas cakes,0,4,0,35
nom bakery,0,4,0,3.2
nom bakes,0,1,0,2
nom nom,0,1,0,2
nom nom bakery hamilton,0,6,0,8
nom nom bubble tea and dessert cafe,0,1,0,51
nom nom cake,0,5,0,6.8
nom nom dessert,0,2,0,19.5
nom noms,0,12,0,1.2
noma bakery,0,1,0,3
nommi blackberry rolls,0,1,0,5
nomnom,0,7,0,3.1
nomnom cookies,0,1,0,1
nomnom dessert,0,7,0,8.1
nomnom shop,0,1,0,13
noms bakery,0,1,0,1
noms near me,0,1,0,40
non bakery,0,1,0,6
non sugar cake near me,0,2,0,8
nong cake,0,4,0,3.5
nonna bakery,0,2,0,39.5
nonna's bakery,0,3,0,42
nonnas bakery,0,2,0,42.5
nonno's bakery menu,0,2,0,24
nonos bakery,0,1,0,2
nonos menu,0,1,0,51
noon bakery,0,8,0,5.5
noon khamei near me,0,2,0,11
noras cakes and sweets,0,2,0,2.5
normal size cake,0,1,0,11
normal size of cake,0,1,0,8
norman cakes,0,1,0,6
north indian sweet shop near me,0,1,0,19
north indian sweets near me,0,1,0,21
north melbourne cake,0,3,0,63.3
north parramatta bakery,0,6,0,25.7
north richmond bakery,0,2,0,10
north ryde bakery,0,1,0,59
north sydney bakery,0,5,0,53.6
north sydney cake,0,3,0,59.7
north sydney cakes,0,19,0,40.9
north sydney dessert,0,1,0,16
north turramurra bakery,0,2,0,60.5
north west cake,0,1,0,11
northern bakery,0,2,0,34
northern beaches cakes,0,1,0,76
northmead bakery,0,1,0,9
northmead cake shop,0,3,0,7
northmead cakes,0,1,0,7
northwest bakery,0,3,0,5.7
nos bakehouse,0,1,0,78
nos bakery,0,4,0,42.8
nosh cake,0,1,0,22
not an option bakery,0,6,0,10.3
not bakery,0,2,0,11
not wrapped,0,1,0,1
nova cake,0,2,0,25
novelty cake meaning,0,1,0,8
novelty cakes sydney,0,2,0,27
np carousel cake shop,0,2,0,35
nrl birthday cakes,0,1,0,3
nu m,0,1,0,15
num,0,163,0,6.1
num bakery,0,11,0,13.4
num gourmet desserts,0,2,0,47.5
num moms,0,1,0,11
num mums,0,3,0,5.7
num nam,0,1,0,4
num no.s,0,11,0,6.3
num noms cake,0,49,0,21.3
num nu,0,2,0,6
num num cake,0,48,0,9.4
num num cake wentworthville,0,69,0,4.4
num num dessert studio,0,3,0,37
num num hunger bees,0,5,0,9
num num menu,0,1,0,3
num num num num num,0,1,0,10
num num num num num num num,0,1,0,10
num num nums,0,1,0,9
num num street,0,1,0,24
num num sweets,0,6,0,5.7
num num wentworthville,0,50,0,8.6
num numbs,0,1,0,6
num nums barry,0,1,0,26
num nums food,0,4,0,14.2
num nums hunger bees,0,34,0,14.1
num nums hunger bees menu,0,12,0,8.2
num nums kik,0,2,0,4
num nums sweet shop,0,1,0,8
num nums website,0,4,0,4.8
num yums,0,4,0,9
num-num,0,2,0,4.5
num-nums,0,1,0,4
num-nums-bakery-test.netlify.app,0,2,0,1
num.noms,0,1,0,6
num.num,0,2,0,2.5
num.nums,0,3,0,7.3
number birthday cakes near me,0,1,0,61
number cake near me,0,3,0,35.7
number cake prices near me,0,1,0,37
number cake sydney,0,90,0,61.7
number cakes,0,1,0,27
number cakes near me,0,2,0,70
number cakes prices,0,1,0,70
number cakes sydney,0,103,0,59.3
number cakes to order,0,1,0,44
number cupcakes near me,0,1,0,34
number one cakes,0,1,0,7
numlocation,0,1,0,2
numm,0,1,0,12
numm numm,0,2,0,7
nummies,0,1,0,2
nummus,0,2,0,9
numnum,0,24,0,3.2
nums,0,85,0,5.9
nums nums,0,37,0,8.6
numu,0,2,0,3
numus,0,4,0,44.8
nun nums,0,4,0,7.5
nunu cakes,0,2,0,5.5
nut bakery,0,1,0,6
nut free bakery,0,1,0,5
nut free birthday cake,0,2,0,16
nut free birthday cakes,0,1,0,9
nut free birthday cakes near me,0,2,0,38
nut free cake bakery near me,0,1,0,50
nut free cake near me,0,2,0,49
nut free cakes,0,37,0,14.4
nut free cakes castle hill,0,8,0,47.5
nut free cakes cherrybrook,0,29,0,60.6
nut free cakes mount druitt,0,6,0,14
nut free cakes near me,0,3,0,22.7
nut free cakes parramatta,0,25,0,55.6
nut free cakes sydney,0,143,0,19.6
nut free cookies near me,0,1,0,65
nut free cupcakes,0,1,0,14
nut free cupcakes for school,0,1,0,8
nut free cupcakes near me,0,1,0,46
nut free dessert near me,0,1,0,8
nut free facility,0,1,0,7
nut free ice cream cake near me,0,1,0,61
nut free pastries,0,1,0,14
nut-free bakery near me,0,1,0,7
nutjob bakery,0,2,0,26
nuts free cake,0,3,0,7
oatley cake shop,0,2,0,49
occasion cakes,0,2,0,50.5
office cake delivery sydney,0,36,0,29.9
office cakes,0,4,0,7
office cakes sydney,0,107,0,20.3
ohoto cake,0,1,0,6
olive oil cake near me,0,1,0,56
olympic park postcode,0,1,0,44
om nom bakery,0,10,0,3.6
om sweets near me,0,4,0,28
online bakery sydney,0,2,0,66.5
online cake order near me,0,1,0,11
online cake shops,0,1,0,10
online cakes,0,1,0,9
online eggless cake delivery near me,0,1,0,11
online food delivery near me,0,1,0,45
online indian sweets delivery near me,0,1,0,21
online mithai delivery,0,2,0,36
online mithai shop,0,1,0,14
onu cake,0,1,0,40
open,0,1,0,3
opera cake near me,0,3,0,7
orange and poppy seed cake near me,0,1,0,31
orange cake near me,0,1,0,7
order a birthday cake near me,0,1,0,8
order a cake with a picture on it,0,2,0,8
order birthday cake near me,0,2,0,24.5
order birthday cake sydney,0,1,0,10
order cake,0,2,0,92
order cake in sydney,0,1,0,49
order cake online with photo,0,2,0,9.5
order cake with photo on it,0,3,0,8.3
order cake with photo printed on it,0,1,0,7
order cake with picture online,0,1,0,9
order cakes,0,1,0,5
order desert,0,1,0,8
order desserts,0,1,0,11
order eggless cake,0,7,0,7
order eggless cake near me,0,2,0,5.5
order eggless cake online near me,0,2,0,17.5
order mithai online,0,1,0,23
order photo cake,0,1,0,4
order photo cake online,0,2,0,6.5
order picture cake online,0,1,0,11
order strawberry cake,0,1,0,1
oreo cake near me,0,1,0,8
organic birthday cakes,0,1,0,62
organic cake shop near me,0,6,0,45.8
organic cake shop sydney,0,1,0,34
organic neem cake in sydney,0,190,0,58.4
pac man donuts,0,1,0,2
pain au chocolat near me,0,1,0,10
pakistani sweets sydney,0,6,0,25.8
pan near me,0,2,0,7.5
pandan cake,0,1,0,3
pandan cakes,0,1,0,18
pandan chiffon cake,0,1,0,7
pandan coconut cake near me,0,1,0,30
pani puri near me,0,1,0,56
parramatta bakeries,0,6,0,19.3
parramatta bakery,0,16,0,19.9
parramatta cake,0,2,0,43.5
parramatta cake shop,0,40,0,14.5
parramatta cake shops,0,3,0,13.7
parramatta cakes,0,11,0,19.5
parramatta dessert shop,0,3,0,11
parramatta pastry,0,2,0,23.5
parramatta westfield cake shop,0,1,0,26
pastisseria near me,0,2,0,7
pastries,0,1,0,7
pastries near me,0,25,0,11.8
pastries parramatta,0,1,0,57
pastry,0,2,0,14.5
pastry bakery near me,0,1,0,4
pastry cake near me,0,1,0,7
pastry catering,0,1,0,7
pastry near by me,0,1,0,9
pastry near me,0,23,0,8.9
pastry near me open now,0,1,0,5
pastry places near me,0,1,0,32
pastry shop,0,1,0,10
pastry shop open near me,0,1,0,6
pastry shops,0,2,0,25.5
pastry shops near me,0,1,0,7
pastry store near me,0,1,0,9
pasty,0,1,0,7
patisserie milton,0,3,0,57.3
patisserie near me,0,15,0,10.4
patisserie north sydney,0,3,0,67
patry near me,0,1,0,1
peak bakery,0,1,0,12
peanut free cake,0,1,0,3
peanuts bakery series,0,1,0,10
peda near me,0,4,0,6.8
peda shop near me,0,1,0,4
pedha near me,0,1,0,1
pennant hills cake delivery,0,1,0,11
per piece,0,1,0,7
personalised cakes sydney,0,1,0,6
personalised photo cake,0,3,0,9.3
personalised picture cake,0,1,0,4
personalized cake picture,0,1,0,29
personalized photo cake,0,1,0,8
phone shops near me,0,1,0,58
photo ake,0,1,0,7
photo birthday cake,0,19,0,11.1
photo birthday cakes,0,5,0,7.8
photo cake birthday,0,2,0,8.5
photo cake delivery,0,4,0,6.2
photo cake design,0,2,0,9
photo cake designs,0,1,0,16
photo cake designs for birthday,0,1,0,1
photo cake images,0,9,0,7.3
photo cake near me,0,12,0,7.7
photo cake next day delivery,0,1,0,9
photo cake online order,0,1,0,6
photo cake order online,0,1,0,4
photo cake price,0,1,0,8
photo cake printer near me,0,2,0,8.5
photo cake printing,0,2,0,8
photo cake same day delivery,0,3,0,10.3
photo cakes,0,30,0,6.7
photo cakes for birthday,0,2,0,10.5
photo cakes near me,0,25,0,8.8
photo cale,0,2,0,8.5
photo cales,0,2,0,5
photo came,0,2,0,4.5
photo custom cake,0,3,0,4.7
photo on a cake,0,4,0,7.5
photo on cake,0,20,0,11.2
photo on cake near me,0,7,0,10.9
photo picture cake,0,2,0,10
photo print cake,0,237,0,11.5
photo print cake near me,0,1,0,9
photo print cake price 1 kg,0,1,0,1
photo print cake price half kg,0,1,0,11
photo print cakes,0,3,0,11
photo print on cake,0,3,0,9.3
photo print on cake near me,0,1,0,5
photo printed cake,0,6,0,9.2
photo printed cake near me,0,1,0,10
photo printed cake online,0,1,0,9
photo printed cakes,0,2,0,8.5
photo printed on cake,0,6,0,8.7
photo printing on cake,0,7,0,7.9
photo sheet cake near me,0,5,0,7.6
photo sheet cakes,0,1,0,6
photocake,0,2,0,3
photocake near me,0,4,0,8
photograph cake,0,1,0,9
photograph on cake,0,2,0,10
photos for cakes,0,3,0,10
photos on cake,0,1,0,11
photos on cakes,0,13,0,11.2
photos on cakes near me,0,2,0,5
pick a cake,0,1,0,6
picture birthday cake,0,3,0,5.7
picture birthday cakes,0,1,0,7
picture cake,0,48,0,6.8
picture cake birthday,0,1,0,11
picture cake for birthday,0,3,0,7.7
picture cake happy birthday,0,2,0,11
picture cake near me,0,1,0,10
picture cakes,0,14,0,7.6
picture cakes for birthday,0,1,0,5
picture cakes near me,0,1,0,11
picture cale,0,1,0,4
picture on a cake,0,4,0,6.8
picture on a cake near me,0,2,0,10
picture on birthday cake,0,3,0,10.7
picture on cake,0,7,0,8
picture on cake near me,0,1,0,7
picture on the cake,0,1,0,9
picture on top of cake,0,1,0,9
picture print cake,0,1,0,5
picture print on cake,0,1,0,7
picture printed on cake,0,4,0,5.8
pictures on cake,0,2,0,10
pictures on cakes,0,2,0,12.5
pictures on cakes near me,0,2,0,7.5
pie bakery near me,0,4,0,12.5
pie near me,0,5,0,6.8
pie open near me,0,1,0,10
pie shop,0,2,0,12
pie shop near me,0,7,0,5.7
pie shop parramatta,0,3,0,15.7
pie shops,0,1,0,4
pie shops near me,0,2,0,4
piece cake near me,0,1,0,11
pies in sydney,0,1,0,13
pies near me,0,25,0,8.6
pies shop near me,0,2,0,24
pineapple,0,1,0,4
pineapple cake,0,7,0,4.9
pineapple cake near me,0,3,0,1
pineapple donuts,0,1,0,7
pineapple donuts near me,0,2,0,6
pink cake near me,0,2,0,7.5
pista barfi,0,2,0,2
pista cake near me,0,1,0,4
pistachio cakes near me,0,1,0,12
pistachio croissant,0,1,0,1
pistachio croissant near me,0,1,0,6
pitt town bakery,0,7,0,10.1
places that print pictures near me,0,1,0,12
places that print pictures on cakes,0,1,0,5
plain cake,0,1,0,3
plain cake donuts near me,0,1,0,8
plain cake recipe,0,2,0,3
plain cakes,0,1,0,8
plain cupcakes,0,1,0,7
plain donuts near me,0,1,0,9
plain mini cupcakes,0,1,0,2
plain white cake,0,3,0,21
pooja cakes,0,1,0,3
popular cake flavours,0,1,0,7
popular cake shops,0,1,0,20
popular cake toppers,0,1,0,8
popular cakes,0,1,0,31
popular cakes sydney,0,2,0,9
portrait cake,0,1,0,8
poto cake,0,1,0,6
pregnancy cake,0,1,0,8
pregnancy cakes,0,1,0,8
pregnancy safe cake,0,1,0,1
premium bakery near me,0,2,0,43
premium bakery silverwater,0,65,0,8.7
premium cakes near me,0,2,0,35.5
premium cookies near me,0,3,0,7.3
preorder cake,0,1,0,12
pretzel,0,2,0,12
price of a cake,0,1,0,3
princess cake swedish near me,0,1,0,9
print a cake,0,2,0,15
print birthday cake,0,1,0,4
print cake,0,232,0,13.5
print cakes,0,3,0,7.3
print edible images near me,0,1,0,31
print face on cake,0,4,0,3.5
print image on cake,0,7,0,6
print on a cake,0,2,0,7.5
print on cakes,0,3,0,14
print out cake,0,1,0,8
print photo cake,0,2,0,4
print photo for cake,0,1,0,9
print photo on a cake,0,2,0,5
print photo on cake near me,0,1,0,3
print picture on a cake,0,2,0,7
print picture on cake,0,12,0,6.8
print picture on cake near me,0,2,0,8.5
printable cakes,0,5,0,2.2
printed cake,0,59,0,9.9
printed cakes,0,23,0,6.1
printed cakes near me,0,5,0,11.6
printed image cake,0,3,0,7
printed image on cake,0,1,0,6
printed photo cake near me,0,3,0,4.7
printed photo cakes,0,1,0,9
printed photo on cake,0,2,0,10
printed picture on cake,0,2,0,10
printing on cake,0,3,0,7.7
printing on cakes,0,1,0,6
printing picture on cake,0,1,0,1
profiterole cake where to buy,0,2,0,10
promotion cake,0,1,0,5
promotion cakes,0,3,0,8
prospect bakery,0,2,0,7
protein desserts near me,0,1,0,15
puff near me,0,2,0,6
pumpkin desserts near me,0,1,0,67
punjab bakery near me,0,1,0,1
punjabi bakery,0,4,0,29.2
punjabi bakery near me,0,2,0,18.5
punjabi eggless cake,0,13,0,21.3
pure eggless cake,0,2,0,6
pure vegetarian bakery near me,0,1,0,10
purim cake,0,1,0,10
purple yam cake,0,1,0,4
put a photo on a cake,0,1,0,4
put photo on cake,0,2,0,6.5
put picture on cake,0,1,0,26
putting a photo on a cake,0,1,0,9
quakers hill bakery,0,13,0,9.7
queena niuniu cake,0,1,0,5
quinceanera cakes,0,1,0,5
rabdi cake near me,0,1,0,11
ragda pattice,0,1,0,10
ragda pattice near me,0,1,0,15
rainbow cake,0,3,0,4.7
rainbow cake near me,0,4,0,9.5
ram bakery,0,1,0,10
ram cake,0,1,0,7
rangoli sweets,0,2,0,31.5
ras malai,0,1,0,10
ras malai cake,0,6,0,5.8
rasagulla near me,0,1,0,2
rasamalai cake,0,2,0,1
rasgulla cake near me,0,5,0,5.6
rasgulla near me,0,4,0,21.2
rasmalai,0,3,0,6.3
rasmalai cake blacktown,0,10,0,5.5
rasmalai cake cost,0,1,0,10
rasmalai cake order online,0,1,0,1
rasmalai cake recipe,0,1,0,8
rasmalai cake shop near me,0,1,0,4
rasmalai near me,0,3,0,7
rasmalai pastry near me,0,3,0,1.7
rasmalai price,0,1,0,10
rasmalai tres leches cake near me,0,4,0,7
rasmalai.cake,0,1,0,7
rasmalak,0,1,0,8
rasmali price,0,1,0,11
ready made cakes near me,0,1,0,7
realistic cakes near me,0,1,0,28
realistic fruit dessert,0,1,0,8
recipe for plain cake,0,1,0,2
red velvet cake,0,8,0,8.2
red velvet cake near me,0,4,0,11.8
red velvet cake sydney,0,9,0,10.6
red velvet cakes sydney,0,2,0,6.5
red velvet sydney,0,1,0,12
restaurant harris park,0,4,0,55.2
retirement cake delivery,0,1,0,4
retirement cakes,0,1,0,13
reviews,0,1,0,1
rice cakes near me,0,3,0,31.3
rice flower cake,0,1,0,5
rice paper printing for cakes near me,0,1,0,15
richmond bakery cakes,0,1,0,13
riverstone bakery official website,0,2,0,7
riverstone coffee,0,3,0,10.3
riverstone coffee shop,0,6,0,9.8
riverstone food,0,21,0,23.2
riverstone shop,0,1,0,16
riverstone shops,0,15,0,9.9
riverstone takeaway,0,1,0,20
riverstonebakery.com,0,5,0,6.6
riverstones bakery,0,1,0,38
roma cakes,0,1,0,3
rooty hill bakery,0,1,0,10
rosanna cakes,0,1,0,3
rouse hill bakery,0,3,0,17.3
rouse hill cakes,0,2,0,11.5
rouse hill village bakery,0,2,0,9
rumi birthday cake,0,1,0,3
rumi cake near me,0,2,0,1.5
ruse bakery,0,10,0,11.1
salt bread near me,0,1,0,3
salted caramel birthday cake,0,1,0,19
salted caramel cake,0,1,0,9
sambar near me,0,1,0,30
same day cake printing,0,1,0,12
same day edible image printing,0,3,0,9
same day pick up cakes,0,1,0,2
samosa near me,0,1,0,38
samosa pastry sheets,0,1,0,4
samosa pizza,0,1,0,9
sandwiches near me,0,1,0,14
sans rival cake sydney,0,1,0,58
santinas cakes,0,1,0,43
saraswati puja 2026 date,0,1,0,2
saraswati puja koto din baki,0,1,0,1
scones near me,0,3,0,9.7
screen printed cake,0,2,0,3.5
sculpted cake,0,1,0,7
sculptural cakes,0,1,0,10
see you soon cake,0,2,0,4
sefton bakery,0,8,0,10.5
selection of cakes,0,1,0,71
semi naked cake alexandria,0,25,0,6.7
semi naked cake chatswood,0,32,0,13.1
semi naked cake darlinghurst,0,47,0,11.4
senioras bakery,0,1,0,10
seoul public holiday 2026,0,1,0,4
shalvey bakery,0,4,0,9
sheet cake,0,1,0,6
sheet cake buy,0,1,0,5
sheet cake for 200 people,0,1,0,11
sheet cake near me,0,1,0,9
sheet cake order,0,1,0,8
sheet cake printed image,0,2,0,6.5
sheet cake serving size,0,1,0,5
sheet cake sydney,0,3,0,9.3
sheet cake with custom picture,0,1,0,3
sheet cake with image,0,1,0,6
shop cake,0,1,0,18
shop sydney cakes,0,2,0,10
shops that open at 6,0,1,0,20
show picture,0,1,0,1
shreya bakery near me,0,1,0,1
singh sweets near me,0,1,0,27
single sweets,0,1,0,1
size of cakes,0,1,0,3
sizes of cakes,0,1,0,7
slab cake,0,1,0,10
slab cake near me,0,1,0,20
slab cakes near me,0,1,0,10
slice cake,0,1,0,5
slice cake calories,0,1,0,9
slice of cake,0,1,0,2
slice of cake calories,0,3,0,8.7
small 4 inch cake,0,1,0,9
small cake,0,3,0,12.3
small cake near me,0,2,0,5.5
small cake price,0,1,0,8
small cake shop,0,1,0,1
small cakes near me,0,3,0,3.3
small cakes sydney,0,10,0,23.7
small eggless cake,0,1,0,1
small eggless cake near me,0,7,0,4.6
small mini cupcakes,0,1,0,2
small photo cake,0,3,0,7.3
small rasmalai cake,0,1,0,7
small slice of cake calories,0,1,0,10
small wedding cakes prices,0,1,0,37
small.cakes,0,1,0,1
smash cake,0,5,0,6.4
smash cake for 1 year old near me,0,5,0,6.4
smash cake sydney,0,8,0,6.4
smoothies near me,0,1,0,28
snack near me,0,1,0,8
snacks near me,0,3,0,24.7
snoopy birthday cake,0,1,0,7
so num,0,1,0,1
so safe to eat?,0,1,0,3
soccer ball cake,0,2,0,4
soccer ball cakes,0,1,0,4
soccer birthday cake,0,2,0,21.5
soccer cake,0,1,0,15
soccer cakes,0,1,0,6
soccer cupcakes,0,1,0,15
soft cakes near me,0,1,0,8
soft chiffon cake,0,1,0,16
south indian sweet shop near me,0,1,0,23
south indian sweets near me,0,1,0,25
south western sydney,0,1,0,4
special birthday cakes near me,0,1,0,5
special cake bakery near me,0,1,0,14
speciality cakes near me,0,1,0,1
specialty cakes near me,0,1,0,25
specialty cakes sydney,0,1,0,9
spider man cake near me,0,1,0,2
spiderman cake,0,6,0,15.7
spiderman cake near me,0,2,0,6.5
spiderman cupcakes,0,1,0,30
spidey cake near me,0,1,0,5
spinach and ricotta rolls near me,0,1,0,28
sponge birthday cake,0,1,0,9
sponge cake near me,0,1,0,12
sponge vs cake,0,1,0,24
square cake serving size,0,1,0,9
sri lankan cake near me,0,1,0,3
standard cake size,0,3,0,12
standard cake sizes,0,1,0,23
standard cake sizes round,0,1,0,5
star shaped cake,0,2,0,7
stones bakery,0,2,0,31
stonewood bakery,0,1,0,40
strathfield cakes,0,1,0,11
strawberry birthday cake,0,1,0,14
strawberry cake birthday,0,1,0,9
strawberry lemon cake,0,1,0,7
sugar cookies near me,0,1,0,9
sugar free bakery,0,1,0,99
sugar free birthday cakes,0,1,0,77
sugar free cake,0,1,0,1
sugar free cake near me,0,4,0,5.5
sugar free cake sydney,0,3,0,32.7
sugar free cake to buy,0,1,0,9
sugar free cakes,0,3,0,13.3
sugar free cakes sydney,0,4,0,48
sugar free cupcakes near me,0,1,0,24
sugar free dessert near me,0,1,0,20
sugar free desserts near me,0,3,0,30
sugar free eggless cake near me,0,1,0,5
sugar paper printing near me,0,1,0,25
sugarless bakery near me,0,4,0,28.8
superman cake near me,0,1,0,5
sweet boondi near me,0,1,0,5
sweet bun near me,0,1,0,15
sweet food near me,0,1,0,9
sweet kg price,0,1,0,13
sweet land harris park,0,2,0,19
sweet mango slices,0,1,0,9
sweet mithai shop near me,0,1,0,21
sweet near me,0,2,0,15.5
sweet pastry dough,0,1,0,8
sweet price per kg,0,1,0,12
sweet shop harris park,0,1,0,10
sweet shop in harris park,0,32,0,6.1
sweet shop near me,0,12,0,18
sweet shop near me indian,0,2,0,31.5
sweet stuff near me,0,1,0,32
sweet tooth,0,1,0,4
sweet treat,0,1,0,10
sweet treat near me,0,2,0,11
sweet treats,0,1,0,23
sweet treats near me,0,2,0,13.5
sweets,0,1,0,16
sweets 1 kg price,0,1,0,11
sweets for engagement party,0,1,0,50
sweets harris park,0,4,0,10
sweets mithai,0,2,0,12.5
sweets near me,0,18,0,10.4
sweets near me indian,0,3,0,25.7
sweets near me open now,0,1,0,14
sweets near me within 400m,0,1,0,5
sweets order online,0,1,0,14
sweets per kg price,0,2,0,6
sweets price per kg near me,0,1,0,1
sweets rate,0,1,0,11
sweets shop indian,0,1,0,36
swiss roll,0,1,0,8
sydney,0,1,0,12
sydney best birthday cake,0,84,0,25.7
sydney best birthday cakes,0,23,0,26.1
sydney best cake,0,29,0,13.2
sydney best cake shop,0,1,0,14
sydney best chocolate cake,0,1,0,21
sydney best wedding cakes,0,10,0,11.9
sydney birthday cakes,0,2,0,10
sydney cake shop,0,12,0,67.2
sydney cake stores,0,1,0,60
sydney cake toppers online,0,1,0,8
sydney cakes,0,5,0,51.6
sydney corporate cake,0,1,0,10
sydney custom cakes,0,1,0,16
sydney dairy free cake delivery,0,20,0,45.0
sydney dairy free cakes delivered,0,14,0,26.5
sydney dairy free cakes delivery,0,22,0,26.1
sydney durga puja 2026,0,1,0,4
sydney fruit cake,0,3,0,8
sydney fruit cakes,0,12,0,9.4
sydney office cake delivery,0,77,0,34.0
sydney office cakes,0,154,0,13.0
take away food near me open now,0,1,0,1
takeaway riverstone,0,4,0,17.2
talawong,0,2,0,38
tannum bakehouse,0,2,0,33.5
tannum bakery,0,2,0,43
taro cake,0,4,0,11.8
taro cake near me,0,1,0,10
tart vs cake,0,1,0,7
tarts,0,1,0,12
tarts near me,0,1,0,8
tarun bakery,0,1,0,4
tea and cake,0,1,0,49
tea near me,0,1,0,6
teej 2026 date in nepal,0,1,0,1
teej cake,0,4,0,7.2
teej dar khane din 2026,0,3,0,9.3
teej date 2026 nepal,0,1,0,1
teej ko dar khane din 2026,0,2,0,9
teramisu,0,1,0,6
that dessert shop,0,1,0,9
that dessert shop sydney,0,2,0,12.5
the bakery place,0,1,0,8
the best cake,0,3,0,36.3
the best cake in sydney,0,7,0,9
the best cake shop in sydney,0,1,0,12
the best cake shop near me,0,1,0,12
the best cakes,0,1,0,8
the desert shop,0,2,0,8.5
the dessert shop,0,10,0,9.2
the dessert shop near me,0,2,0,8.5
the eggless baker,0,1,0,7
the eggless cake shop,0,1,0,5
the magnolia bakery,0,1,0,57
the sum of sweets eggless cake,0,48,0,17.5
themed cakes sydney,0,3,0,18
these,0,1,0,1
they sold out,0,1,0,1
thick cookies near me,0,1,0,7
thin slice of cake calories,0,1,0,1
thomas bakery,0,2,0,40.5
thornton bakery,0,1,0,38
three milk cake near me,0,1,0,1
tier cakes near me,0,1,0,13
tilla kulfi near me,0,1,0,42
tiramisu,0,10,0,8.2
tiramisu auburn,0,1,0,19
tiramisu birthday cake near me,0,2,0,3.5
tiramisu buy near me,0,1,0,5
tiramisu cake,0,13,0,12.9
tiramisu cake buy,0,1,0,7
tiramisu cake near me,0,8,0,7
tiramisu cake near me bakery,0,1,0,5
tiramisu cake sydney,0,1,0,3
tiramisu cakes,0,1,0,7
tiramisu cupcakes near me,0,1,0,16
tiramisu magnum,0,1,0,4
tiramisu near me,0,21,0,7.5
tiramisu near me open now,0,2,0,12
tiramisu nearby,0,1,0,9
tiramisu parramatta,0,5,0,19.2
tiramisu regents park,0,1,0,7
tiramisu shop near me,0,1,0,4
tiramisu stand,0,1,0,9
tiếng anh,0,1,0,1
toddler birthday cakes,0,1,0,21
toddler cake restaurant,0,2,0,7
toko kue terdekat,0,1,0,5
tom cakes,0,9,0,29.8
tom thumb bakery,0,1,0,27
tom's bakery,0,3,0,27.3
toongabbie bakery,0,1,0,11
top cakes,0,1,0,44
top impression bakery north sydney,0,3,0,43.3
top rated bakery near me,0,1,0,6
top rated birthday cake,0,2,0,5
top rated cake,0,3,0,13.3
top rated cake near me,0,1,0,4
top rated cake shop near me,0,12,0,4.9
top rated cake shops near me,0,2,0,12.5
top rated cakes,0,2,0,27
top rated cakes near me,0,3,0,5.7
top rated croissant near me,0,1,0,13
top rated dessert,0,1,0,10
top rated dessert near me,0,1,0,19
top rated desserts near me,0,1,0,1
top rated eggless cake near me,0,4,0,2.2
top rated pastry shop near me,0,1,0,18
top rated patisserie near me,0,2,0,10
toppers bakery,0,3,0,5
townhall bakery,0,1,0,14
tree nut free bakery near me,0,1,0,62
treliche cake near me,0,1,0,10
tres leches cake near me,0,4,0,11
tres leches near me,0,2,0,6
tres leches where to buy,0,1,0,28
tumut bakery,0,6,0,37.7
two hearts bakery,0,1,0,11
two tarts tumut,0,2,0,55.5
types of modern cakes,0,1,0,1
ube cake near me,0,3,0,19.3
ube flan near me,0,1,0,8
uber cake delivery,0,1,0,5
uber eats bakery,0,1,0,3
ukaz mi ukazky,0,1,0,4
umina bakery,0,2,0,49
unfilled sponge cake,0,1,0,1
unfinished cakes sydney,0,22,0,15.7
unique bday cake,0,1,0,6
unique birthday cake for 60 year old man near me,0,1,0,1
unique birthday cakes,0,2,0,9
unique cakes,0,4,0,8.8
unique cakes for birthday,0,1,0,9
unique desserts near me,0,1,0,16
uno bakery,0,1,0,22
v cakes,0,1,0,5
vanilla buttercream cake near me,0,1,0,1
vanilla cake calories per 100g,0,1,0,11
vanilla cake halal,0,1,0,12
vanilla cake near me,0,4,0,11
vanilla cake shop near me,0,1,0,13
vanilla cake sydney,0,1,0,3
vanilla cakes near me,0,2,0,7.5
vanilla pastry,0,1,0,6
vanilla slice cake,0,2,0,8
vanilla slice near me,0,1,0,3
vanilla sponge cake near me,0,1,0,3
vanilla sponge fruit cake,0,1,0,45
variety cake,0,1,0,4
veg cake,0,1,0,5
veg cake near me,0,13,0,6.5
veg cake shop,0,1,0,1
veg cake shop near me,0,4,0,8
veg cakes near me,0,6,0,4.2
veg puff,0,1,0,4
veg puff near me,0,4,0,2.8
veg puffs,0,1,0,10
vegan almond croissant near me,0,1,0,10
vegan bakeries near me,0,1,0,12
vegan bakeries sydney,0,1,0,16
vegan bakery,0,1,0,10
vegan bakery near me,0,1,0,5
vegan bakery sydney,0,1,0,9
vegan cake,0,10,0,10.2
vegan cake meaning,0,1,0,1
vegan cake shop near me,0,1,0,1
vegan cake vs regular cake,0,10,0,16.3
vegan cake windsor,0,1,0,8
vegan cakes cherrybrook,0,18,0,50
vegan cakes near me,0,4,0,8
vegan cakes parramatta,0,7,0,33.9
vegan cakes sydney,0,1,0,28
vegan chocolate mousse cake,0,1,0,14
vegan cookies near me,0,1,0,2
vegan dark chocolate cake,0,1,0,4
vegan dessert near me open now,0,1,0,10
vegan desserts near me,0,1,0,30
vegan food around me,0,1,0,69
vegan pastries near me,0,1,0,21
vegan pie near me,0,1,0,7
vegan tiramisu near me,0,1,0,14
vegetarian bakery near me,0,1,0,4
vegetarian cake,0,1,0,4
vegetarian cake near me,0,7,0,7.1
vegetarian cake shop near me,0,1,0,4
vegetarian cakes near me,0,1,0,8
vegetarian pie near me,0,1,0,9
veggie pies,0,1,0,5
victoria sponge cake near me,0,1,0,4
villawood bakery,0,1,0,9
walk in cake shop near me,0,1,0,12
walnut brownie near me,0,1,0,58
walnut cake,0,1,0,7
watermelon cake,0,3,0,21.7
watermelon cake near me,0,2,0,4
watermelon cake parramatta,0,2,0,10
weather stanhope gardens,0,1,0,3
wedding cake cost,0,1,0,30
wedding cake cost sydney,0,14,0,11
wedding cake prices sydney,0,2,0,11
wedding cake tasting cost,0,1,0,10
wedding cake with fruit,0,1,0,20
wedding cakes & desserts sydney,0,93,0,12.3
wedding cakes barangaroo,0,7,0,82
wedding cakes eastern suburbs,0,1,0,33
wedding cakes inner west,0,1,0,6
wedding cakes near me,0,1,0,33
wedding cakes sydney,0,1,0,4
wentworthville bakery,0,1,0,9
wentworthville cake shop,0,2,0,16.5
west end dessert,0,1,0,11
west ryde bakery,0,3,0,11.3
west ryde cake,0,1,0,12
west ryde postcode,0,1,0,30
western bakery,0,20,0,9.8
western sydney,0,1,0,3
westmead,0,1,0,4
what does it do?,0,1,0,6
what is a halal cake,0,3,0,17
what is a smash cake,0,1,0,17
what is a standard cake size,0,2,0,7.5
what is a standard round cake size,0,1,0,5
what is a topper on a cake,0,1,0,2
what is an eggless cake,0,1,0,1
what is butter scotch,0,1,0,4
what is eggless cake,0,4,0,2.2
what is halal cake,0,3,0,9.7
what is photo cake,0,1,0,6
what is the best tasting cake,0,1,0,10
what is the standard cake size,0,1,0,7
what makes a cake halal,0,6,0,8.3
what size cake feeds 100 people,0,1,0,6
what size cake feeds 15 people,0,1,0,5
what size cake for 35 people,0,1,0,4
what stores do photo cakes,0,1,0,1
whats a cake topper,0,5,0,4.2
whatsapp+dessert,0,1,0,9
when,0,1,0,1
when is teej 2026 in nepal,0,1,0,1
when is teej in nepali date 2026,0,1,0,1
where can i buy a gluten free cake,0,2,0,6
where can i buy a sugar free cake near me,0,1,0,21
where can i buy an eggless cake,0,2,0,6
where can i buy cassava cake near me,0,1,0,1
where can i buy eggless cake,0,7,0,7
where can i buy eggless cake near me,0,2,0,3
where can i buy focaccia,0,1,0,12
where can i buy pastries near me,0,1,0,7
where can i buy sugar free desserts near me,0,1,0,30
where can i buy them,0,1,0,5
where can i find eggless cakes near me,0,1,0,3
where can i get a cake with a picture on it,0,1,0,8
where can i get a photo cake,0,1,0,8
where can i get a photo on a cake,0,1,0,8
where can i get a photo printed on a cake,0,1,0,9
where can i get a photo put on a cake?,0,1,0,9
where can i get a picture on a cake,0,2,0,11
where can i get edible images printed near me,0,1,0,6
where can i get eggless cake near me,0,6,0,4.5
where can i get kulcha bread near me,0,1,0,2
where can i get num noms,0,1,0,2
where can i order a cake with a photo on it,0,1,0,6
where can i print edible images near me,0,3,0,12.7
where do they sell cinnamon rolls,0,1,0,14
where to buy birthday cake near me,0,1,0,2
where to buy birthday cakes near me,0,1,0,11
where to buy brazo de mercedes,0,2,0,6.5
where to buy cake near me,0,1,0,5
where to buy cakes,0,1,0,32
where to buy cakes near me,0,2,0,7
where to buy chocolate mousse cake near me,0,2,0,26
where to buy cookies near me,0,1,0,7
where to buy desserts,0,1,0,19
where to buy desserts near me,0,3,0,12.3
where to buy diabetic cakes near me,0,2,0,28
where to buy egg free cake,0,1,0,11
where to buy eggless cupcakes near me,0,1,0,5
where to buy fruit cake,0,1,0,2
where to buy fruit shaped pastries,0,1,0,24
where to buy ghee,0,3,0,1
where to buy indian sweets near me,0,3,0,19
where to buy jungle juice,0,1,0,5
where to buy kulfi near me,0,1,0,67
where to buy mini cakes for afternoon tea,0,1,0,5
where to buy mini desserts near me,0,1,0,23
where to buy mochi donuts,0,1,0,18
where to buy mooncake,0,1,0,6
where to buy nut free desserts,0,1,0,7
where to buy nyonya kuih near me,0,1,0,10
where to buy red velvet cake near me,0,1,0,1
where to buy sugar free cupcakes near me,0,2,0,29.5
where to buy sugar free desserts near me,0,2,0,25.5
where to buy sweet puff,0,1,0,74
where to buy tiramisu,0,1,0,34
where to buy tres leches cake near me,0,1,0,1
where to buy undecorated cakes near me,0,1,0,57
where to get a birthday cake near me,0,1,0,18
where to get a cake with a picture printed on it,0,1,0,9
where to get a picture printed on a cake,0,1,0,7
where to get cake near me,0,2,0,5.5
where to get cakes with pictures on them,0,1,0,1
where to get edible images printed near me,0,1,0,8
where to get eggless cake near me,0,1,0,4
where to get good donuts near me,0,1,0,6
where to go at night near me,0,1,0,53
where to order cupcakes,0,1,0,10
where to order smash cake for baby,0,1,0,13
where to print edible images for cakes near me,0,145,0,28.4
which better,0,1,0,1
which cake is best,0,4,0,16.2
which cake is better egg or eggless,0,1,0,9
which cake tastes better egg or eggless,0,1,0,9
which eggless cake is best?,0,1,0,20
which fruit ingredients work best for bakery fillings and fruit layers?,0,5,0,6.8
which is the best,0,1,0,4
white chocolate mousse cake near me,0,1,0,23
white flower pattern,0,1,0,9
white forest cake near me,0,4,0,8.5
white forest eggless cake,0,1,0,2
white kulcha bread,0,1,0,3
who is that,0,1,0,2
who makes photo cakes,0,1,0,7
who makes photo cakes near me,0,1,0,4
whole cake bakery,0,1,0,24
whole cake calories,0,1,0,7
wholesale cakes for cafes,0,3,0,23
wholesale cakes for restaurants,0,3,0,31.3
wholesale cakes sydney,0,3,0,58
wholesale celebration custom cake,0,3,0,12.7
why eggless cake is costly,0,2,0,10
whynum,0,1,0,12
winston bakery,0,1,0,11
woodville bakery,0,1,0,11
would it be safe?,0,1,0,4
www.nums,0,1,0,8
wynnum bakery,0,3,0,41.3
wynnum plaza bakery,0,1,0,97
wynnum west bakery,0,1,0,45
y&m patisserie,0,2,0,49.5
yema cake,0,1,0,4
yema cake near me,0,1,0,8
yes,0,3,0,5.3
yes bakery,0,5,0,8.8
yes eggless,0,1,0,7
yes please,0,3,0,2.3
yoona baking,0,27,0,37.8
yum num,0,1,0,1
yuzu cake sydney,0,2,0,44
zhong qiu jie 2026,0,1,0,12
zomato cake order,0,1,0,1
zumbo desserts sydney,0,1,0,77
zumbo patisserie sydney,0,1,0,88
zumbo patisserie sydney stores,0,1,0,76
ñum,0,2,0,2.5
والكيك,0,1,0,5
เบอเกอรี่ใกล้ฉัน,0,1,0,10
順成蛋糕,0,1,0,3
여긴 호주야,0,1,0,9
