query,page,clicks,impressions,ctr,position
num num bakery,https://numnumsbakery.com.au/,170,971,17.51,2.1
numnum bakery,https://numnumsbakery.com.au/,61,219,27.85,1.4
num nums bakery,https://numnumsbakery.com.au/,47,362,12.98,1.7
num num bakery riverstone,https://numnumsbakery.com.au/,41,264,15.53,1.2
cake shop near me,https://numnumsbakery.com.au/,24,736,3.26,6.8
eggless cake near me,https://numnumsbakery.com.au/blog/best-eggless-cake-shops-sydney-2026,21,912,2.3,7.5
eggless cake near me,https://numnumsbakery.com.au/blog/eggless-cake-bakery-harris-park-riverstone-sydney,19,1240,1.53,7.2
numnums bakery,https://numnumsbakery.com.au/,19,101,18.81,1.8
num num bakery harris park,https://numnumsbakery.com.au/,18,108,16.67,1.2
eggless cake near me,https://numnumsbakery.com.au/,15,458,3.28,16.6
num num riverstone,https://numnumsbakery.com.au/,15,123,12.2,1.0
num nums bakery riverstone menu,https://numnumsbakery.com.au/,14,78,17.95,2.6
num num bakery,http://www.numnumsbakery.com.au/,13,90,14.44,1.3
num num harris park,https://numnumsbakery.com.au/,13,102,12.75,1.0
num num bakery,https://numnumsbakery.com.au/order,12,817,1.47,2.4
nums nums bakery,https://numnumsbakery.com.au/,11,44,25.0,1.5
nom nom bakery,https://numnumsbakery.com.au/,10,303,3.3,5.0
num nums bakery harris park,https://numnumsbakery.com.au/,10,41,24.39,1.0
eggless cake sydney,https://numnumsbakery.com.au/blog/best-eggless-cake-shops-sydney-2026,9,299,3.01,7.0
num num cakes,https://numnumsbakery.com.au/,9,51,17.65,1.5
eggless cake sydney,https://numnumsbakery.com.au/blog/eggless-cake-bakery-harris-park-riverstone-sydney,8,355,2.25,11.3
num num,https://numnumsbakery.com.au/,8,395,2.03,2.6
num nums bakery menu,https://numnumsbakery.com.au/,8,89,8.99,3.3
photo cake sydney,https://numnumsbakery.com.au/blog/photo-cake-sydney,8,52,15.38,4.5
eggless cakes near me,https://numnumsbakery.com.au/blog/eggless-cake-bakery-harris-park-riverstone-sydney,7,317,2.21,8.3
cakes near me,https://numnumsbakery.com.au/,6,169,3.55,9.7
eggless cake parramatta,https://numnumsbakery.com.au/,6,44,13.64,3.0
eggless cakes near me,https://numnumsbakery.com.au/blog/best-eggless-cake-shops-sydney-2026,6,185,3.24,13.2
harris park cake shop,https://numnumsbakery.com.au/,6,68,8.82,4.1
nam nam bakery,https://numnumsbakery.com.au/,6,65,9.23,1.8
num nums bakery riverstone,https://numnumsbakery.com.au/,6,85,7.06,1.6
bakery harris park,https://numnumsbakery.com.au/,5,44,11.36,3.1
cake near me,https://numnumsbakery.com.au/,5,159,3.14,7.8
cake shop harris park,https://numnumsbakery.com.au/,5,76,6.58,3.2
cake shop riverstone,https://numnumsbakery.com.au/,5,80,6.25,1.7
eggless cake parramatta,https://numnumsbakery.com.au/blog/eggless-cake-bakery-harris-park-riverstone-sydney,5,115,4.35,4.4
eggless cakes sydney,https://numnumsbakery.com.au/blog/best-eggless-cake-shops-sydney-2026,5,254,1.97,8.8
num num bakery,https://numnumsbakery.com.au/cakes,5,683,0.73,1.9
num num bakery riverstone,http://www.numnumsbakery.com.au/,5,35,14.29,1.6
bakery near me,https://numnumsbakery.com.au/,4,304,1.32,9.3
eggless cake in sydney,https://numnumsbakery.com.au/blog/best-eggless-cake-shops-sydney-2026,4,37,10.81,6.1
eggless cake near me,https://numnumsbakery.com.au/blog/eggless-cakes-quakers-hill,4,32,12.5,4.9
eggless cake near me,https://numnumsbakery.com.au/blog/eggless-cakes-schofields,4,62,6.45,6.3
num nums,https://numnumsbakery.com.au/,4,778,0.51,5.5
num nums bakery,http://www.numnumsbakery.com.au/,4,40,10.0,2.7
num nums bakery photos,https://numnumsbakery.com.au/,4,68,5.88,2.9
rasmalai cake near me,https://numnumsbakery.com.au/,4,99,4.04,8.3
bakeries near me,https://numnumsbakery.com.au/,3,32,9.38,10.5
best cakes sydney,https://numnumsbakery.com.au/blog/best-cake-sydney,3,542,0.55,10.8
cake shop in harris park,https://numnumsbakery.com.au/,3,53,5.66,2.9
cake shops near me,https://numnumsbakery.com.au/,3,97,3.09,8.8
eggless cake,https://numnumsbakery.com.au/,3,119,2.52,6.0
eggless cake,https://numnumsbakery.com.au/blog/best-eggless-cake-shops-sydney-2026,3,154,1.95,10.4
eggless cakes,https://numnumsbakery.com.au/blog/best-eggless-cake-shops-sydney-2026,3,333,0.9,13.7
num num bakery riverstone,https://numnumsbakery.com.au/cakes,3,231,1.3,2.5
num num bakery wentworthville,https://numnumsbakery.com.au/,3,126,2.38,2.2
numnums,https://numnumsbakery.com.au/,3,150,2.0,3.6
rasmalai cake,https://numnumsbakery.com.au/,3,86,3.49,4.0
birthday cake,https://numnumsbakery.com.au/,2,21,9.52,8.4
birthday cakes near me,https://numnumsbakery.com.au/,2,22,9.09,8.5
cake shop near me,http://www.numnumsbakery.com.au/,2,64,3.12,7.5
cake shops near me,http://www.numnumsbakery.com.au/,2,12,16.67,5.8
cookies and cream cake near me,https://numnumsbakery.com.au/,2,2,100,3
cookies near me,https://numnumsbakery.com.au/,2,23,8.7,9.0
custom photo cake,https://numnumsbakery.com.au/blog/photo-cake-sydney,2,32,6.25,5.2
egg free cakes sydney,https://numnumsbakery.com.au/blog/best-eggless-cake-shops-sydney-2026,2,110,1.82,6.2
eggless cake blacktown,https://numnumsbakery.com.au/blog/eggless-cakes-schofields,2,20,10.0,5.5
eggless cake near me,https://numnumsbakery.com.au/blog/eggless-cakes-north-kellyville,2,31,6.45,5.6
eggless cake parramatta,http://www.numnumsbakery.com.au/,2,4,50.0,2
eggless cake shop near me,https://numnumsbakery.com.au/blog/best-eggless-cake-shops-sydney-2026,2,39,5.13,6.3
eggless cake shop near me,https://numnumsbakery.com.au/blog/eggless-cake-bakery-harris-park-riverstone-sydney,2,48,4.17,6.0
eggless cake sydney,https://numnumsbakery.com.au/,2,103,1.94,43.8
eggless cupcakes near me,https://numnumsbakery.com.au/,2,6,33.33,12
eggless cupcakes near me,https://numnumsbakery.com.au/blog/eggless-cake-bakery-harris-park-riverstone-sydney,2,44,4.55,7.0
halal cakes near me,https://numnumsbakery.com.au/,2,16,12.5,21.2
nam's eggless bakes,https://numnumsbakery.com.au/blog/best-eggless-cake-shops-sydney-2026,2,24,8.33,5.7
num num cakes,https://numnumsbakery.com.au/cakes,2,47,4.26,2.5
num num cakes,https://numnumsbakery.com.au/order,2,42,4.76,2.7
num nums bakery,https://numnumsbakery.com.au/order,2,206,0.97,3.0
num nums bakery reviews,https://numnumsbakery.com.au/,2,100,2.0,3.8
numnum bakery,https://numnumsbakery.com.au/cakes,2,155,1.29,1.5
numnum cake,https://numnumsbakery.com.au/,2,8,25.0,5.1
photo cake,https://numnumsbakery.com.au/blog/photo-cake-sydney,2,233,0.86,11.7
rasmalai cake,http://www.numnumsbakery.com.au/,2,7,28.57,4.7
riverstone bakery,https://numnumsbakery.com.au/,2,172,1.16,4.6
riverstone village shopping centre directory,https://numnumsbakery.com.au/,2,2,100,1
15 people cake size,https://numnumsbakery.com.au/blog/cake-serving-size-guide-sydney,1,2,50.0,5.5
baby first birthday smash cake,https://numnumsbakery.com.au/,1,1,100,5
bakery cake,https://numnumsbakery.com.au/,1,1,100,6
bakery in harris park,https://numnumsbakery.com.au/,1,18,5.56,4.2
bakery parramatta,https://numnumsbakery.com.au/,1,29,3.45,20.8
bakery riverstone,http://www.numnumsbakery.com.au/,1,3,33.33,1
bakery riverstone,https://numnumsbakery.com.au/,1,110,0.91,3.2
bento box cake near me,https://numnumsbakery.com.au/,1,1,100,11
bento cake near me,https://numnumsbakery.com.au/,1,3,33.33,17
best cake,https://numnumsbakery.com.au/blog/best-cake-sydney,1,81,1.23,8.6
best cake near me,https://numnumsbakery.com.au/,1,7,14.29,11.4
best cake sydney,https://numnumsbakery.com.au/blog/best-cake-sydney,1,97,1.03,13.0
best dessert western sydney,https://numnumsbakery.com.au/blog/best-dessert-shop-sydney,1,19,5.26,9.1
best donuts near me,https://numnumsbakery.com.au/,1,3,33.33,8.7
best eggless cake near me,https://numnumsbakery.com.au/blog/best-eggless-cake-shops-sydney-2026,1,16,6.25,4.8
birthday cake for 60 people,https://numnumsbakery.com.au/,1,1,100,10
black forest cake near me,https://numnumsbakery.com.au/,1,5,20.0,4.4
buy eggless cake,https://numnumsbakery.com.au/blog/best-eggless-cake-shops-sydney-2026,1,10,10.0,6.5
cake,https://numnumsbakery.com.au/,1,74,1.35,6.9
cake delivery windsor,https://numnumsbakery.com.au/,1,1,100,22
cake eggless,https://numnumsbakery.com.au/,1,2,50.0,9.5
cake printing near me,https://numnumsbakery.com.au/blog/photo-cake-sydney,1,8,12.5,8.6
cake shop,https://numnumsbakery.com.au/,1,93,1.08,14.9
cake shop in parramatta,https://numnumsbakery.com.au/,1,19,5.26,13.9
cake shop near me open now,https://numnumsbakery.com.au/,1,17,5.88,6.4
cake shop parramatta,https://numnumsbakery.com.au/,1,41,2.44,19.9
cake shop riverstone,http://www.numnumsbakery.com.au/,1,2,50.0,1
cake shop riverstone,https://numnumsbakery.com.au/blog/eggless-cake-bakery-harris-park-riverstone-sydney,1,17,5.88,9.2
cake shop riverstone,https://numnumsbakery.com.au/cakes,1,28,3.57,1.0
cake shop rouse hill,https://numnumsbakery.com.au/,1,12,8.33,10.3
cake shops in parramatta,http://www.numnumsbakery.com.au/,1,1,100,1
cake store near me,https://numnumsbakery.com.au/,1,18,5.56,5.8
cake stores near me,https://numnumsbakery.com.au/,1,7,14.29,5.3
cake with photo,https://numnumsbakery.com.au/blog/photo-cake-sydney,1,31,3.23,8.9
cake with printed image,https://numnumsbakery.com.au/blog/photo-cake-sydney,1,11,9.09,5.8
cake without egg near me,https://numnumsbakery.com.au/blog/best-eggless-cake-shops-sydney-2026,1,3,33.33,5.7
cakes near me,https://numnumsbakery.com.au/cakes,1,11,9.09,5.1
cakes parramatta,https://numnumsbakery.com.au/,1,26,3.85,15.3
cakes photos,https://numnumsbakery.com.au/blog/photo-cake-sydney,1,2,50.0,6
cakes sydney,https://numnumsbakery.com.au/,1,61,1.64,71.0
cakeshop near me,https://numnumsbakery.com.au/,1,1,100,1
cannoli cake near me,https://numnumsbakery.com.au/,1,1,100,1
cannolis near me,https://numnumsbakery.com.au/,1,2,50.0,2
coconut cake,https://numnumsbakery.com.au/,1,1,100,4
coffee cake for sale,https://numnumsbakery.com.au/,1,1,100,2
coffee near me,https://numnumsbakery.com.au/,1,17,5.88,4.6
cookies near me,https://numnumsbakery.com.au/cakes,1,3,33.33,5.3
croissants near me,https://numnumsbakery.com.au/,1,3,33.33,8.3
cupcake parramatta,https://numnumsbakery.com.au/,1,4,25.0,5.5
cupcakes,https://numnumsbakery.com.au/,1,15,6.67,7.3
cupcakes near me,https://numnumsbakery.com.au/,1,33,3.03,8.0
cupcakes parramatta,https://numnumsbakery.com.au/,1,20,5.0,7.3
custom cake,https://numnumsbakery.com.au/,1,1,100,12
custom cake toppers sydney,https://numnumsbakery.com.au/blog/cake-toppers-sydney,1,7,14.29,8
custom cake with photo,https://numnumsbakery.com.au/blog/photo-cake-sydney,1,11,9.09,5.6
custom cakes parramatta,https://numnumsbakery.com.au/,1,10,10.0,7.6
custom desserts near me,https://numnumsbakery.com.au/blog/best-dessert-shop-sydney,1,2,50.0,4
custom print cake,https://numnumsbakery.com.au/blog/photo-cake-sydney,1,5,20.0,6.2
custom print cakes,https://numnumsbakery.com.au/blog/photo-cake-sydney,1,2,50.0,6
custom printed cakes,https://numnumsbakery.com.au/blog/photo-cake-sydney,1,4,25.0,4.5
delicious cake,https://numnumsbakery.com.au/,1,1,100,23
deseert shop,https://numnumsbakery.com.au/blog/best-dessert-shop-sydney,1,1,100,15
dessert western sydney,https://numnumsbakery.com.au/blog/best-dessert-shop-sydney,1,48,2.08,8.7
dinosaur cakes near me,https://numnumsbakery.com.au/,1,1,100,38
donuts near me,https://numnumsbakery.com.au/,1,31,3.23,7.8
doughnut cakes near me,https://numnumsbakery.com.au/,1,1,100,9
edible paper printing near me,https://numnumsbakery.com.au/blog/photo-cake-sydney,1,4,25.0,11
edible print cake near me,https://numnumsbakery.com.au/blog/photo-cake-sydney,1,1,100,6
egg free birthday cake near me,https://numnumsbakery.com.au/blog/best-eggless-cake-shops-sydney-2026,1,4,25.0,5.5
egg free cake,https://numnumsbakery.com.au/,1,3,33.33,7.7
egg free cake,https://numnumsbakery.com.au/blog/eggless-cakes-northwest-sydney,1,1,100,1
egg free cake near me,https://numnumsbakery.com.au/blog/eggless-cakes-dean-park,1,2,50.0,6
egg less cake,https://numnumsbakery.com.au/,1,3,33.33,1
egg less cake near me,https://numnumsbakery.com.au/,1,3,33.33,1
egg less cake near me,https://numnumsbakery.com.au/blog/eggless-cakes-merrylands-west,1,2,50.0,4
egg puff near me,https://numnumsbakery.com.au/,1,2,50.0,6.5
eggless birthday cake near me,https://numnumsbakery.com.au/blog/best-eggless-cake-shops-sydney-2026,1,12,8.33,9.2
eggless birthday cake near me,https://numnumsbakery.com.au/blog/eggless-cake-bakery-harris-park-riverstone-sydney,1,16,6.25,6.9
eggless birthday cake near me,https://numnumsbakery.com.au/blog/eggless-cakes-beaumont-hills,1,1,100,9
eggless cake blacktown,https://numnumsbakery.com.au/blog/eggless-cakes-kings-park,1,1,100,5
eggless cake buy,https://numnumsbakery.com.au/blog/eggless-cake-bakery-harris-park-riverstone-sydney,1,2,50.0,6.5
eggless cake in sydney,https://numnumsbakery.com.au/,1,8,12.5,60.6
eggless cake in sydney,https://numnumsbakery.com.au/blog/eggless-cake-bakery-harris-park-riverstone-sydney,1,18,5.56,16.7
eggless cake near me,http://www.numnumsbakery.com.au/,1,12,8.33,7.3
eggless cake near me,https://numnumsbakery.com.au/blog/eggless-cake-for-vegetarians-sydney,1,12,8.33,34.2
eggless cake near me,https://numnumsbakery.com.au/blog/eggless-cakes-blacktown,1,1,100,7
eggless cake near me,https://numnumsbakery.com.au/blog/eggless-cakes-dean-park,1,226,0.44,9.7
eggless cake near me,https://numnumsbakery.com.au/blog/eggless-cakes-doonside,1,101,0.99,5.2
eggless cake near me,https://numnumsbakery.com.au/blog/eggless-cakes-glenorie,1,1,100,9
eggless cake near me,https://numnumsbakery.com.au/blog/eggless-cakes-greystanes,1,6,16.67,8
eggless cake near me,https://numnumsbakery.com.au/blog/eggless-cakes-plumpton,1,14,7.14,5.2
eggless cake near me,https://numnumsbakery.com.au/blog/eggless-cakes-ryde,1,3,33.33,4.3
eggless cake near me,https://numnumsbakery.com.au/blog/eggless-cakes-villawood,1,21,4.76,5.6
eggless cake near me,https://numnumsbakery.com.au/blog/eggless-cakes-winston-hills,1,40,2.5,8.3
eggless cake online order,https://numnumsbakery.com.au/blog/best-eggless-cake-shops-sydney-2026,1,3,33.33,7.3
eggless cake order online,https://numnumsbakery.com.au/,1,2,50.0,4.5
eggless cake shop,https://numnumsbakery.com.au/blog/best-eggless-cake-shops-sydney-2026,1,689,0.15,12.3
eggless cake shop,https://numnumsbakery.com.au/blog/eggless-cake-bakery-harris-park-riverstone-sydney,1,529,0.19,6.4
eggless cake shops near me,https://numnumsbakery.com.au/blog/eggless-cakes-schofields,1,2,50.0,3
eggless cake to buy,https://numnumsbakery.com.au/blog/eggless-cakes-dean-park,1,2,50.0,7
eggless cakes,https://numnumsbakery.com.au/blog/eggless-cakes-the-ponds,1,2,50.0,1.5
eggless cakes near me,https://numnumsbakery.com.au/,1,253,0.4,33.3
eggless cakes near me,https://numnumsbakery.com.au/blog/eggless-cakes-schofields,1,3,33.33,6.7
eggless cakes sydney,https://numnumsbakery.com.au/,1,84,1.19,50.0
eggless cheesecake near me,https://numnumsbakery.com.au/blog/best-eggless-cake-shops-sydney-2026,1,7,14.29,7.3
eggless chocolate cake near me,https://numnumsbakery.com.au/,1,2,50.0,5
eggless cupcake near me,https://numnumsbakery.com.au/blog/eggless-cake-bakery-harris-park-riverstone-sydney,1,9,11.11,5.2
eggless donuts near me,https://numnumsbakery.com.au/,1,4,25.0,2.2
eggless pastry near me,https://numnumsbakery.com.au/blog/eggless-cake-bakery-harris-park-riverstone-sydney,1,19,5.26,6.9
eggless rasmalai cake near me,https://numnumsbakery.com.au/cakes,1,3,33.33,6.7
eggless sugar free cake near me,https://numnumsbakery.com.au/blog/best-eggless-cake-shops-sydney-2026,1,3,33.33,8.3
eggless wedding cakes,https://numnumsbakery.com.au/cakes,1,1,100,3
elsa birthday cake,https://numnumsbakery.com.au/,1,2,50.0,1.5
elsa cake near me,https://numnumsbakery.com.au/,1,1,100,6
first bday cakes,https://numnumsbakery.com.au/blog/first-birthday-cake-sydney,1,2,50.0,12.5
gluten free cakes near me,https://numnumsbakery.com.au/,1,3,33.33,13.7
gulab jamun cake,https://numnumsbakery.com.au/,1,8,12.5,2.5
gulab jamun cake near me,https://numnumsbakery.com.au/,1,8,12.5,15.5
gulab jamun cale,https://numnumsbakery.com.au/,1,1,100,4
how much does a red velvet cake cost,https://numnumsbakery.com.au/blog/cake-price-guide-sydney,1,1,100,1
image cake,https://numnumsbakery.com.au/blog/photo-cake-sydney,1,29,3.45,7.4
image cakes near me,https://numnumsbakery.com.au/blog/photo-cake-sydney,1,4,25.0,7.2
indian bakery near me,https://numnumsbakery.com.au/,1,11,9.09,8.9
indian bakery near me,https://numnumsbakery.com.au/indian-sweet,1,50,2.0,8.1
indian cake shop near me,https://numnumsbakery.com.au/blog/best-eggless-cake-shops-sydney-2026,1,20,5.0,7.5
indian cake shop near me,https://numnumsbakery.com.au/blog/eggless-cake-bakery-harris-park-riverstone-sydney,1,27,3.7,5.0
indian cakes near me,https://numnumsbakery.com.au/blog/eggless-cakes-doonside,1,2,50.0,5.5
kids birthday cakes,https://numnumsbakery.com.au/,1,3,33.33,34.3
kids cakes,https://numnumsbakery.com.au/,1,1,100,1
mango cakes near me,https://numnumsbakery.com.au/,1,2,50.0,11.5
marsden park cake shop,https://numnumsbakery.com.au/,1,1,100,8
naked cakes near me,https://numnumsbakery.com.au/,1,1,100,1
nam bakery,https://numnumsbakery.com.au/,1,2,50.0,3.5
nam nam bakery,http://www.numnumsbakery.com.au/,1,12,8.33,1
no egg cake near me,https://numnumsbakery.com.au/blog/eggless-cake-bakery-harris-park-riverstone-sydney,1,6,16.67,4.3
nom nom cakes,https://numnumsbakery.com.au/,1,4,25.0,4
nom noma,https://numnumsbakery.com.au/,1,1,100,1
nomnom cake,https://numnumsbakery.com.au/,1,32,3.12,5.7
num num bakery,https://numnumsbakery.com.au/about,1,501,0.2,1.9
num num bakery,https://numnumsbakery.com.au/blog/cake-delivery-areas-sydney,1,5,20.0,2
num num bakery,https://numnumsbakery.com.au/blog/eggless-cake-bakery-harris-park-riverstone-sydney,1,375,0.27,3.2
num num bakery,https://numnumsbakery.com.au/blog/eggless-cakes-doonside,1,63,1.59,2.0
num num bakery,https://numnumsbakery.com.au/blog/eggless-cakes-epping,1,5,20.0,2
num num bakery,https://numnumsbakery.com.au/blog/eggless-cakes-villawood,1,40,2.5,1.9
num num bakery harris park,https://numnumsbakery.com.au/about,1,91,1.1,2.0
num num bakery harris park,https://numnumsbakery.com.au/order,1,102,0.98,2
num num bakery riverstone,https://numnumsbakery.com.au/blog/eggless-cakes-riverstone,1,17,5.88,3.1
num num bakery riverstone,https://numnumsbakery.com.au/order,1,242,0.41,3.0
num num cakes,http://www.numnumsbakery.com.au/,1,2,50.0,1.5
num num cakes,https://numnumsbakery.com.au/about,1,34,2.94,2
num num harris park,https://numnumsbakery.com.au/about,1,68,1.47,2.1
num num harris park,https://numnumsbakery.com.au/order,1,99,1.01,2.0
num num near me,https://numnumsbakery.com.au/,1,2,50.0,1.5
num num riverstone,https://numnumsbakery.com.au/cakes,1,122,0.82,1.4
num nums bakery,https://numnumsbakery.com.au/blog/eggless-cake-bakery-harris-park-riverstone-sydney,1,92,1.09,7.2
num nums bakery menu,https://numnumsbakery.com.au/blog/eggless-cakes-birrong,1,9,11.11,8.4
num nums bakery riverstone,http://www.numnumsbakery.com.au/,1,6,16.67,9
num nums bakery riverstone menu,https://numnumsbakery.com.au/blog/eggless-cakes-dean-park,1,29,3.45,5.1
num nums website,https://numnumsbakery.com.au/,1,5,20.0,4
number cakes sydney,https://numnumsbakery.com.au/blog/number-cakes-sydney,1,1,100,6
numnum bakery,https://numnumsbakery.com.au/order,1,204,0.49,1.7
numnums bakery,https://numnumsbakery.com.au/order,1,36,2.78,5.1
nut free cake,https://numnumsbakery.com.au/,1,3,33.33,56.3
order cake near me,https://numnumsbakery.com.au/,1,3,33.33,1.7
order cake online,https://numnumsbakery.com.au/,1,3,33.33,17
order eggless cake online,https://numnumsbakery.com.au/blog/best-eggless-cake-shops-sydney-2026,1,4,25.0,7.5
oreo cakes near me,https://numnumsbakery.com.au/,1,1,100,18
pastry shop near me,https://numnumsbakery.com.au/,1,26,3.85,7.7
photo cake,https://numnumsbakery.com.au/,1,1,100,1
photo image cake,https://numnumsbakery.com.au/blog/photo-cake-sydney,1,9,11.11,6.3
photo sheet cake,https://numnumsbakery.com.au/blog/photo-cake-sydney,1,3,33.33,3.7
pregnancy safe cakes,https://numnumsbakery.com.au/blog/eggless-cake-for-pregnancy-sydney,1,1,100,4
print on cakes near me,https://numnumsbakery.com.au/blog/photo-cake-sydney,1,2,50.0,4.5
print photo on cake,https://numnumsbakery.com.au/blog/photo-cake-sydney,1,7,14.29,6.4
printed birthday cakes,https://numnumsbakery.com.au/blog/photo-cake-sydney,1,2,50.0,6
printed picture cake,https://numnumsbakery.com.au/blog/photo-cake-sydney,1,1,100,3
ras malai cake near me,https://numnumsbakery.com.au/,1,1,100,10
rasmalai cake near me,https://numnumsbakery.com.au/blog/eggless-cakes-schofields,1,14,7.14,4.6
rasmalai cake near me,https://numnumsbakery.com.au/cakes,1,19,5.26,8.5
rasmalai cake sydney,https://numnumsbakery.com.au/cakes,1,19,5.26,9.3
rasmalai cale,https://numnumsbakery.com.au/,1,1,100,1
revani cake near me,https://numnumsbakery.com.au/,1,1,100,2
riverstone,https://numnumsbakery.com.au/,1,1,100,2
riverstone cake shop,https://numnumsbakery.com.au/,1,12,8.33,1.5
riverstone cake shop,https://numnumsbakery.com.au/cakes,1,6,16.67,1
rouse hill cake shop,https://numnumsbakery.com.au/,1,3,33.33,15
sheet cake with photo near me,https://numnumsbakery.com.au/blog/photo-cake-sydney,1,1,100,4
sugar free cake near me,https://numnumsbakery.com.au/,1,5,20.0,5.8
sydney best cakes,https://numnumsbakery.com.au/blog/best-cake-sydney,1,23,4.35,13.8
the cake shop,https://numnumsbakery.com.au/,1,4,25.0,9.5
tiramisu cake near me,http://www.numnumsbakery.com.au/,1,2,50.0,12.5
top rated cake shop near me open now,https://numnumsbakery.com.au/,1,1,100,13
ube cake order,https://numnumsbakery.com.au/,1,1,100,1
vegan cake near me,https://numnumsbakery.com.au/,1,5,20.0,11.8
vegan cakes castle hill,https://numnumsbakery.com.au/blog/best-eggless-cake-shops-sydney-2026,1,2,50.0,11
vegan dessert near me,https://numnumsbakery.com.au/,1,1,100,13
vegan gluten free cake,https://numnumsbakery.com.au/blog/eggless-cakes-northwest-sydney,1,1,100,1
vegan.bakery,https://numnumsbakery.com.au/blog/eggless-cake-bakery-harris-park-riverstone-sydney,1,1,100,1
vegetarian cake,https://numnumsbakery.com.au/,1,1,100,1
warm cookie near me,https://numnumsbakery.com.au/,1,1,100,1
where to buy eggless cake near me,https://numnumsbakery.com.au/blog/eggless-cakes-winston-hills,1,1,100,3
"""ferrero rocher"" -site:reddit.com -site:twitter.com -site:x.com -site:wykop.pl -site:tripadvisor.com -site:youtube.com -site:yelp.com -site:booking.com -site:facebook.com -site:instagram.com -site:tiktok.com",https://numnumsbakery.com.au/order,0,1,0,10
"""riverstone bakery""",https://numnumsbakery.com.au/blog/best-dessert-shop-sydney,0,6,0,10.3
"""riverstone bakery""",https://numnumsbakery.com.au/blog/cake-shop-near-me-marsden-park-talawong,0,14,0,8.1
"""riverstone bakery""",https://numnumsbakery.com.au/blog/eggless-cakes-annangrove,0,2,0,9.5
"""riverstone bakery"" bakery",https://numnumsbakery.com.au/blog/best-dessert-shop-sydney,0,2,0,11
"""riverstone bakery"" bakery",https://numnumsbakery.com.au/blog/cake-shop-near-me-marsden-park-talawong,0,7,0,9.1
"""riverstone bakery"" bakery",https://numnumsbakery.com.au/blog/eggless-cakes-annangrove,0,11,0,10.2
"""riverstone bakery"" bakery",https://numnumsbakery.com.au/blog/eggless-cakes-schofields,0,1,0,10
"""riverstone bakery"" bakery website",https://numnumsbakery.com.au/blog/best-dessert-shop-sydney,0,1,0,7
"""riverstone bakery"" bakery website",https://numnumsbakery.com.au/blog/cake-shop-near-me-marsden-park-talawong,0,43,0,5.8
"""riverstone bakery"" bakery website",https://numnumsbakery.com.au/blog/eggless-cakes-schofields,0,2,0,8
"""riverstone bakery"" official website",https://numnumsbakery.com.au/blog/best-dessert-shop-sydney,0,4,0,6.5
"""riverstone bakery"" official website",https://numnumsbakery.com.au/blog/cake-shop-near-me-marsden-park-talawong,0,27,0,5.8
"""riverstone bakery"" official website",https://numnumsbakery.com.au/blog/eggless-cakes-annangrove,0,1,0,8
"""riverstone bakery"" official website",https://numnumsbakery.com.au/blog/eggless-cakes-schofields,0,1,0,5
"""riverstone bakery"" website",https://numnumsbakery.com.au/blog/best-dessert-shop-sydney,0,6,0,8.7
"""riverstone bakery"" website",https://numnumsbakery.com.au/blog/cake-shop-near-me-marsden-park-talawong,0,79,0,7.1
"""riverstonebakery.com""",https://numnumsbakery.com.au/,0,1,0,7
"""sydney"" bakery site:.com.au ""contact us""",https://numnumsbakery.com.au/blog/same-day-cake-sydney,0,4,0,8.2
1 cakes,https://numnumsbakery.com.au/blog/first-birthday-cake-sydney,0,1,0,11
1 kg mithai price,https://numnumsbakery.com.au/indian-sweet,0,2,0,13
1 magnum place minto,https://numnumsbakery.com.au/,0,1,0,70
1 month cake,http://www.numnumsbakery.com.au/,0,1,0,9
100 bakery,https://numnumsbakery.com.au/blog/best-cake-sydney,0,1,0,8
100g slice of cake,https://numnumsbakery.com.au/blog/eggless-cake-calories-guide-sydney,0,1,0,10
12 inch 2 layer cake servings,https://numnumsbakery.com.au/blog/cake-serving-size-guide-sydney,0,1,0,6
12 inch cake price,https://numnumsbakery.com.au/blog/cake-price-guide-sydney,0,2,0,4.5
12 inch cake servings,https://numnumsbakery.com.au/blog/cake-serving-size-guide-sydney,0,1,0,11
12 round cake servings,https://numnumsbakery.com.au/blog/cake-serving-size-guide-sydney,0,1,0,7
15,https://numnumsbakery.com.au/,0,1,0,9
15 12-16 toongabbie road toongabbie nsw 2146,https://numnumsbakery.com.au/blog/eggless-cakes-toongabbie.html,0,1,0,21
15 cullum street bossley park,https://numnumsbakery.com.au/,0,52,0,44.9
15 cullum street bossley park,https://numnumsbakery.com.au/blog/eggless-cakes-bossley-park,0,10,0,13.2
15 cullum street bossley park,https://numnumsbakery.com.au/cakes,0,11,0,37.7
15 cullum street bossley park nsw 2176,https://numnumsbakery.com.au/,0,63,0,41.1
15 cullum street bossley park nsw 2176,https://numnumsbakery.com.au/blog/eggless-cakes-bossley-park,0,6,0,12.8
15 cullum street bossley park nsw 2176,https://numnumsbakery.com.au/cakes,0,37,0,34.6
16cm cake for how many pax,https://numnumsbakery.com.au/blog/cake-serving-size-guide-sydney,0,1,0,7
17cm cake for how many people,https://numnumsbakery.com.au/blog/cake-serving-size-guide-sydney,0,1,0,6
17cm cake size,https://numnumsbakery.com.au/blog/cake-serving-size-guide-sydney,0,1,0,10
1kg cake calories,https://numnumsbakery.com.au/blog/eggless-cake-calories-guide-sydney,0,2,0,9.5
1st birthday cake,https://numnumsbakery.com.au/blog/first-birthday-cake-sydney,0,3,0,26.3
1st birthday cake order,https://numnumsbakery.com.au/blog/first-birthday-cake-sydney,0,2,0,5
1st birthday cakes,https://numnumsbakery.com.au/blog/first-birthday-cake-sydney,0,8,0,16.1
1st borthday cake,https://numnumsbakery.com.au/blog/first-birthday-cake-sydney,0,1,0,28
20 person cake size,https://numnumsbakery.com.au/blog/cake-serving-size-guide-sydney,0,1,0,4
20 serving cake size,https://numnumsbakery.com.au/blog/cake-serving-size-guide-sydney,0,1,0,6
2251,https://numnumsbakery.com.au/blog/photo-cake-sydney,0,1,0,7
3 layer 12 inch cake servings,https://numnumsbakery.com.au/blog/cake-serving-size-guide-sydney,0,1,0,8
39 cake,https://numnumsbakery.com.au/,0,1,0,8
4 inch cake for how many person,https://numnumsbakery.com.au/blog/cake-serving-size-guide-sydney,0,4,0,6
4 inch cake how many servings,https://numnumsbakery.com.au/blog/cake-serving-size-guide-sydney,0,1,0,5
4 inch cake serves how many,https://numnumsbakery.com.au/blog/cake-serving-size-guide-sydney,0,1,0,7
5 inch cake how many servings,https://numnumsbakery.com.au/blog/cake-serving-size-guide-sydney,0,1,0,11
5 inch cake serves how many,https://numnumsbakery.com.au/blog/cake-serving-size-guide-sydney,0,2,0,10
5 inch cake servings,https://numnumsbakery.com.au/blog/cake-serving-size-guide-sydney,0,1,0,10
50-70,https://numnumsbakery.com.au/blog/cake-serving-size-guide-sydney,0,1,0,3
6 inch cake for how many people,https://numnumsbakery.com.au/blog/cake-serving-size-guide-sydney,0,1,0,4
6 inch serving size,https://numnumsbakery.com.au/blog/cake-serving-size-guide-sydney,0,2,0,5.5
6 people cake size,https://numnumsbakery.com.au/blog/cake-serving-size-guide-sydney,0,1,0,4
6-inch cake size for how many person,https://numnumsbakery.com.au/blog/cake-serving-size-guide-sydney,0,1,0,4
6inch cake,https://numnumsbakery.com.au/,0,1,0,1
7 inch cake feeds how many,https://numnumsbakery.com.au/blog/cake-serving-size-guide-sydney,0,1,0,10
7 inch cake serves how many people,https://numnumsbakery.com.au/blog/cake-serving-size-guide-sydney,0,1,0,6
7 inch cake serving,https://numnumsbakery.com.au/blog/cake-serving-size-guide-sydney,0,2,0,8.5
7 inches cake for how many people,https://numnumsbakery.com.au/blog/cake-serving-size-guide-sydney,0,1,0,6
8 inch 2 layer cake servings,https://numnumsbakery.com.au/blog/cake-serving-size-guide-sydney,0,1,0,7
8 inch cake,https://numnumsbakery.com.au/,0,1,0,5
8 inch cake serves how many people,https://numnumsbakery.com.au/blog/cake-serving-size-guide-sydney,0,1,0,4
8 inch custom cake,https://numnumsbakery.com.au/blog/cake-price-guide-sydney,0,1,0,12
8inch cake for how many people,https://numnumsbakery.com.au/blog/cake-serving-size-guide-sydney,0,1,0,6
a bakery for every culture,https://numnumsbakery.com.au/blog/cake-cutting-ceremony-sydney,0,1,0,1
a bakery for every culture,https://numnumsbakery.com.au/blog/multicultural-celebration-cake-sydney,0,5,0,6
a cake serves 12 people. how many people will three such cakes serve?,https://numnumsbakery.com.au/blog/cake-serving-size-guide-sydney,0,1,0,4
a cakes bakery,https://numnumsbakery.com.au/blog/photo-cake-sydney,0,1,0,11
a slice of cake calories,https://numnumsbakery.com.au/blog/eggless-cake-calories-guide-sydney,0,1,0,9
a&a eggless cakes reviews,https://numnumsbakery.com.au/blog/eggless-cake-reviews-sydney,0,4,0,11
adaminaby bakery,https://numnumsbakery.com.au/,0,2,0,42.5
affordable cakes near me,https://numnumsbakery.com.au/,0,1,0,70
affordable cakes sydney,https://numnumsbakery.com.au/,0,1,0,68
affordable wedding cakes sydney,https://numnumsbakery.com.au/blog/wedding-cake-sydney-north-west,0,14,0,23.9
afternoon tea cake selection,https://numnumsbakery.com.au/blog/afternoon-tea-cakes-sydney,0,1,0,25
afternoon tea cakes to buy,https://numnumsbakery.com.au/blog/afternoon-tea-cakes-sydney,0,1,0,12
all occassion cake sydney,https://numnumsbakery.com.au/blog/celebration-cake-sydney,0,22,0,16.4
all occassion cake sydney,https://numnumsbakery.com.au/blog/luxury-cake-sydney,0,1,0,48
all the best cake,https://numnumsbakery.com.au/blog/best-cake-sydney,0,1,0,17
allambie cakes,https://numnumsbakery.com.au/,0,2,0,59.5
almond croissant near me,https://numnumsbakery.com.au/,0,3,0,12.3
almond croissants near me,https://numnumsbakery.com.au/,0,1,0,17
amazing cakes sydney,https://numnumsbakery.com.au/blog/best-cake-sydney,0,3,0,29.7
amoun sweets,https://numnumsbakery.com.au/,0,1,0,41
anjeer barfi near me,https://numnumsbakery.com.au/indian-sweet,0,1,0,4
anniversary cake sydney,https://numnumsbakery.com.au/blog/anniversary-cake-sydney,0,79,0,17.7
anniversary cake sydney,https://numnumsbakery.com.au/blog/eggless-cakes-anniversary-sydney,0,10,0,20.2
anniversary cakes sydney,https://numnumsbakery.com.au/blog/anniversary-cake-sydney,0,2,0,18.5
anniversary cakes sydney,https://numnumsbakery.com.au/blog/eggless-cakes-anniversary-sydney,0,4,0,17.2
anniversay cakes,https://numnumsbakery.com.au/blog/eggless-cakes-anniversary-sydney,0,1,0,12
any cake shop near me,https://numnumsbakery.com.au/,0,1,0,7
any cake shop open near me,http://www.numnumsbakery.com.au/,0,1,0,15
apple pie near me,https://numnumsbakery.com.au/,0,1,0,6
are all cakes vegetarian,https://numnumsbakery.com.au/blog/vegan-vs-eggless-cakes-difference,0,2,0,11
are cakes halal,https://numnumsbakery.com.au/blog/halal-friendly-cakes-eggless-sydney,0,6,0,10.7
are cakes vegetarian,https://numnumsbakery.com.au/blog/vegan-vs-eggless-cakes-difference,0,1,0,12
are cupcakes halal friendly,https://numnumsbakery.com.au/blog/halal-friendly-cakes-eggless-sydney,0,2,0,7
are eggless cakes good,https://numnumsbakery.com.au/blog/are-eggless-cakes-healthy,0,1,0,4
are eggless cakes good,https://numnumsbakery.com.au/blog/eggless-cake-reviews-sydney,0,1,0,3
are eggless cakes good,https://numnumsbakery.com.au/blog/vegan-vs-eggless-cakes-difference,0,1,0,6
are eggless cakes really eggless,https://numnumsbakery.com.au/blog/eggless-cakes-soft-moist-myths-vs-facts,0,1,0,8
are eggless cakes really eggless,https://numnumsbakery.com.au/blog/vegan-vs-eggless-cakes-difference,0,1,0,10
are eggs halal friendly,https://numnumsbakery.com.au/blog/halal-friendly-cakes-eggless-sydney,0,1,0,11
are ice cream cakes eggless,https://numnumsbakery.com.au/blog/eggless-cake-vs-ice-cream-cake-sydney,0,1,0,2
are they safe for pregnant women,https://numnumsbakery.com.au/blog/eggless-cake-for-pregnancy-sydney,0,1,0,2
are vegan cakes egg free,https://numnumsbakery.com.au/blog/vegan-vs-eggless-cakes-difference,0,1,0,12
artarmon bakery,https://numnumsbakery.com.au/,0,8,0,49.4
artarmon cake shop,https://numnumsbakery.com.au/,0,1,0,46
asian bakery,https://numnumsbakery.com.au/,0,1,0,24
asian bakery near me,http://www.numnumsbakery.com.au/,0,1,0,22
asian bakery near me,https://numnumsbakery.com.au/,0,3,0,6.7
asian birthday cake,https://numnumsbakery.com.au/,0,3,0,22
asian cake near me,https://numnumsbakery.com.au/,0,1,0,15
asian cake shop near me,https://numnumsbakery.com.au/,0,2,0,7
asian cake store,https://numnumsbakery.com.au/,0,2,0,32
asian cakes,https://numnumsbakery.com.au/,0,2,0,29.5
asian shop,https://numnumsbakery.com.au/blog/eggless-cakes-dean-park,0,1,0,8
assyrian new year,https://numnumsbakery.com.au/blog/assyrian-new-year-kha-b-nisan-sydney,0,1,0,21
atul bakery near me,https://numnumsbakery.com.au/,0,1,0,1
auburn bakery,https://numnumsbakery.com.au/blog/eggless-cakes-auburn,0,2,0,11.5
auburn bakery shop,https://numnumsbakery.com.au/,0,2,0,26.5
auburn cake bakery,https://numnumsbakery.com.au/blog/eggless-cakes-auburn,0,1,0,10
authentic black forest cake,https://numnumsbakery.com.au/,0,1,0,9
autumn bakery,https://numnumsbakery.com.au/blog/autumn-cake-sydney,0,1,0,3
baba sweets near me,https://numnumsbakery.com.au/indian-sweet,0,2,0,36.5
baby cakes sydney,https://numnumsbakery.com.au/cakes,0,1,0,31
baby cookies,https://numnumsbakery.com.au/,0,1,0,19
baby shower cake,https://numnumsbakery.com.au/,0,1,0,19
baby shower cake shops near me,https://numnumsbakery.com.au/blog/cakes-near-me-sydney,0,1,0,46
baby shower cake sydney,https://numnumsbakery.com.au/cakes,0,1,0,21
baby shower cakes near me,https://numnumsbakery.com.au/,0,1,0,44
baby shower cakes sydney,https://numnumsbakery.com.au/,0,11,0,44
baby shower cakes sydney,https://numnumsbakery.com.au/cakes,0,25,0,22.6
baby shower cupcakes near me,https://numnumsbakery.com.au/,0,1,0,54
backers near me,https://numnumsbakery.com.au/,0,1,0,20
bagel near me,https://numnumsbakery.com.au/,0,2,0,8.5
bagels,https://numnumsbakery.com.au/,0,1,0,11
bagels near me,https://numnumsbakery.com.au/,0,1,0,17
baked cheesecake near me,https://numnumsbakery.com.au/,0,1,0,25
baked goods,https://numnumsbakery.com.au/,0,1,0,7
bakehouse near me,https://numnumsbakery.com.au/,0,1,0,7
baker shops near me,https://numnumsbakery.com.au/,0,1,0,46
bakeries,http://www.numnumsbakery.com.au/,0,1,0,30
bakeries,https://numnumsbakery.com.au/,0,7,0,13.3
bakeries,https://numnumsbakery.com.au/cakes,0,1,0,41
bakeries and patisseries near me,https://numnumsbakery.com.au/,0,1,0,1
bakeries and patisseries near me,https://numnumsbakery.com.au/blog/eggless-cake-bakery-harris-park-riverstone-sydney,0,1,0,1
bakeries and patisseries near me,https://numnumsbakery.com.au/cakes,0,1,0,1
bakeries close by,https://numnumsbakery.com.au/,0,1,0,8
bakeries in milton,https://numnumsbakery.com.au/,0,1,0,59
bakeries in parramatta,https://numnumsbakery.com.au/,0,9,0,13.4
bakeries near me,http://www.numnumsbakery.com.au/,0,3,0,7
bakeries near me,https://numnumsbakery.com.au/blog/eggless-cakes-the-ponds,0,1,0,1
bakeries near me,https://numnumsbakery.com.au/cakes,0,4,0,7
bakeries open,http://www.numnumsbakery.com.au/,0,2,0,3
bakeries open now,https://numnumsbakery.com.au/,0,1,0,8
bakeries parramatta,https://numnumsbakery.com.au/,0,13,0,17.9
bakeries that print edible pictures,https://numnumsbakery.com.au/blog/photo-cake-sydney,0,5,0,18
bakers and sweets near me,https://numnumsbakery.com.au/,0,1,0,8
bakers in,https://numnumsbakery.com.au/,0,1,0,3
bakers near me,http://www.numnumsbakery.com.au/,0,1,0,4
bakers near me,https://numnumsbakery.com.au/,0,4,0,8
bakery,http://www.numnumsbakery.com.au/,0,11,0,12.5
bakery,https://numnumsbakery.com.au/,0,67,0,9.4
bakery,https://numnumsbakery.com.au/blog/eggless-cake-bakery-harris-park-riverstone-sydney,0,1,0,1
bakery,https://numnumsbakery.com.au/cakes,0,2,0,1
bakery and cafe near me,http://www.numnumsbakery.com.au/,0,1,0,15
bakery and cafe near me,https://numnumsbakery.com.au/,0,1,0,7
bakery artarmon,https://numnumsbakery.com.au/,0,7,0,49.1
bakery auburn,https://numnumsbakery.com.au/blog/eggless-cakes-auburn,0,1,0,9
bakery bat,https://numnumsbakery.com.au/blog/eggless-cakes-bar-mitzvah-sydney,0,1,0,8
bakery beaumont hills,https://numnumsbakery.com.au/blog/eggless-cakes-beaumont-hills,0,1,0,10
bakery beecroft,https://numnumsbakery.com.au/blog/eggless-cakes-beecroft,0,2,0,11.5
bakery bexley north,https://numnumsbakery.com.au/,0,1,0,64
bakery bligh park,https://numnumsbakery.com.au/blog/eggless-cakes-bligh-park,0,1,0,10
bakery bread near me,https://numnumsbakery.com.au/,0,1,0,8
bakery burger buns,http://www.numnumsbakery.com.au/,0,1,0,5
bakery business for sale near me,https://numnumsbakery.com.au/,0,1,0,9
bakery cake,https://numnumsbakery.com.au/cakes,0,1,0,6
bakery cake shop near me,https://numnumsbakery.com.au/,0,1,0,9
bakery cbd,https://numnumsbakery.com.au/,0,1,0,5
bakery chadstone,https://numnumsbakery.com.au/,0,8,0,54.4
bakery cheap,https://numnumsbakery.com.au/,0,1,0,8
bakery chester hill,https://numnumsbakery.com.au/blog/eggless-cakes-chester-hill,0,1,0,12
bakery constitution hill,https://numnumsbakery.com.au/blog/eggless-cakes-constitution-hill,0,14,0,8.2
bakery delivery sydney,https://numnumsbakery.com.au/,0,2,0,79.5
bakery doonside,https://numnumsbakery.com.au/blog/eggless-cakes-doonside,0,3,0,9
bakery dundas,https://numnumsbakery.com.au/blog/eggless-cakes-dundas,0,2,0,11
bakery dundas,https://numnumsbakery.com.au/blog/eggless-cakes-dundas-valley.html,0,1,0,1
bakery egg,https://numnumsbakery.com.au/,0,1,0,86
bakery eggless cake near me,https://numnumsbakery.com.au/blog/eggless-cake-bakery-harris-park-riverstone-sydney,0,1,0,4
bakery eggless cake near me,https://numnumsbakery.com.au/blog/eggless-cake-storage-freshness-guide,0,1,0,9
bakery for events sydney,https://numnumsbakery.com.au/blog/cakes-near-me-sydney,0,1,0,62
bakery for sale near me,https://numnumsbakery.com.au/,0,1,0,3
bakery greystanes,https://numnumsbakery.com.au/blog/eggless-cakes-greystanes,0,1,0,10
bakery harris park,http://www.numnumsbakery.com.au/,0,1,0,1
bakery harris park,https://numnumsbakery.com.au/about,0,1,0,4
bakery harris park,https://numnumsbakery.com.au/blog/eggless-cake-bakery-harris-park-riverstone-sydney,0,41,0,7.5
bakery harris park,https://numnumsbakery.com.au/blog/eggless-cakes-harris-park,0,1,0,8
bakery hawkesbury,https://numnumsbakery.com.au/,0,1,0,6
bakery hawkesbury,https://numnumsbakery.com.au/cakes,0,1,0,6
bakery in dundas,https://numnumsbakery.com.au/blog/eggless-cakes-dundas-valley.html,0,1,0,11
bakery in granville,http://www.numnumsbakery.com.au/,0,1,0,31
bakery in granville,https://numnumsbakery.com.au/,0,1,0,21
bakery in harris park,http://www.numnumsbakery.com.au/,0,2,0,2
bakery in harris park,https://numnumsbakery.com.au/about,0,1,0,51
bakery in harris park,https://numnumsbakery.com.au/blog/cake-shop-western-sydney,0,1,0,9
bakery in harris park,https://numnumsbakery.com.au/blog/eggless-cake-bakery-harris-park-riverstone-sydney,0,15,0,8.1
bakery in milton,https://numnumsbakery.com.au/,0,2,0,59.5
bakery in parramatta,https://numnumsbakery.com.au/,0,4,0,28.5
bakery in prospect,https://numnumsbakery.com.au/blog/eggless-cakes-prospect,0,1,0,9
bakery in south windsor,https://numnumsbakery.com.au/blog/eggless-cakes-south-windsor,0,1,0,12
bakery indian,https://numnumsbakery.com.au/blog/eggless-cake-bakery-harris-park-riverstone-sydney,0,1,0,4
bakery items near me,https://numnumsbakery.com.au/,0,1,0,6
bakery kincumber,https://numnumsbakery.com.au/,0,1,0,58
bakery local,https://numnumsbakery.com.au/blog/eggless-cake-bakery-harris-park-riverstone-sydney,0,1,0,18
bakery mannum,https://numnumsbakery.com.au/,0,2,0,38.5
bakery marsden park,http://www.numnumsbakery.com.au/,0,1,0,5
bakery marsden park,https://numnumsbakery.com.au/,0,11,0,7.5
bakery marsden park,https://numnumsbakery.com.au/blog/best-dessert-shop-sydney,0,18,0,9.1
bakery marsden park,https://numnumsbakery.com.au/blog/eggless-cakes-plumpton,0,1,0,10
bakery mckinnon,https://numnumsbakery.com.au/,0,2,0,59.5
bakery mear me,https://numnumsbakery.com.au/,0,1,0,1
bakery merrylands,https://numnumsbakery.com.au/,0,1,0,55
bakery milton,https://numnumsbakery.com.au/,0,5,0,52.2
bakery milton nsw,https://numnumsbakery.com.au/,0,1,0,47
bakery minchinbury,https://numnumsbakery.com.au/blog/eggless-cakes-minchinbury,0,2,0,9.5
bakery mona vale,https://numnumsbakery.com.au/,0,2,0,59
bakery mount druitt,https://numnumsbakery.com.au/blog/eggless-cakes-mount-druitt,0,1,0,10
bakery near,https://numnumsbakery.com.au/,0,2,0,12.5
bakery near auburn,https://numnumsbakery.com.au/,0,1,0,38
bakery near me,http://www.numnumsbakery.com.au/,0,26,0,9.9
bakery near me,https://numnumsbakery.com.au/blog/eggless-cakes-northwest-sydney,0,1,0,1
bakery near me,https://numnumsbakery.com.au/blog/eggless-cakes-the-ponds,0,1,0,1
bakery near me,https://numnumsbakery.com.au/cakes,0,23,0,1.3
bakery near me for bread,https://numnumsbakery.com.au/,0,2,0,6
bakery near me for bread,https://numnumsbakery.com.au/cakes,0,1,0,7
bakery near me gluten free,https://numnumsbakery.com.au/,0,1,0,23
bakery near me indian,https://numnumsbakery.com.au/indian-sweet,0,1,0,6
bakery near me now,https://numnumsbakery.com.au/,0,1,0,8
bakery near me open,https://numnumsbakery.com.au/,0,1,0,10
bakery near me open now,https://numnumsbakery.com.au/,0,5,0,6.4
bakery near me open now,https://numnumsbakery.com.au/blog/eggless-cakes-the-ponds,0,1,0,1
bakery near me with pies,https://numnumsbakery.com.au/,0,1,0,18
bakery near me.,https://numnumsbakery.com.au/,0,1,0,9
bakery near ne,http://www.numnumsbakery.com.au/,0,1,0,14
bakery near richmond,https://numnumsbakery.com.au/,0,1,0,11
bakery near us,https://numnumsbakery.com.au/,0,1,0,6
bakery nearby,https://numnumsbakery.com.au/,0,4,0,7.8
bakery newington,https://numnumsbakery.com.au/blog/eggless-cakes-newington,0,2,0,7.5
bakery nona,https://numnumsbakery.com.au/,0,2,0,32
bakery north ryde,https://numnumsbakery.com.au/,0,1,0,56
bakery north ryde,https://numnumsbakery.com.au/blog/eggless-cakes-ryde,0,1,0,12
bakery north sydney,https://numnumsbakery.com.au/,0,3,0,61.3
bakery northmead,https://numnumsbakery.com.au/blog/eggless-cakes-northmead,0,2,0,10.5
bakery number,https://numnumsbakery.com.au/,0,1,0,9
bakery oatlands,https://numnumsbakery.com.au/,0,2,0,7.5
bakery of last goodbye,https://numnumsbakery.com.au/blog/farewell-cake-sydney.html,0,2,0,6
bakery of last goodbyes,https://numnumsbakery.com.au/blog/farewell-cake-sydney.html,0,1,0,8
bakery open,https://numnumsbakery.com.au/,0,1,0,3
bakery open near me,https://numnumsbakery.com.au/,0,4,0,6
bakery open near me open now,https://numnumsbakery.com.au/,0,2,0,1.5
bakery parramatta,http://www.numnumsbakery.com.au/,0,2,0,23
bakery parramatta westfield,https://numnumsbakery.com.au/,0,1,0,29
bakery pie near me,https://numnumsbakery.com.au/,0,1,0,13
bakery plumpton,https://numnumsbakery.com.au/blog/eggless-cakes-plumpton,0,1,0,12
bakery quakers court,https://numnumsbakery.com.au/blog/eggless-cakes-quakers-hill,0,1,0,11
bakery quakers hill,https://numnumsbakery.com.au/blog/eggless-cakes-quakers-hill,0,9,0,9.7
bakery riverstone,https://numnumsbakery.com.au/blog/eggless-cake-bakery-harris-park-riverstone-sydney,0,15,0,11.3
bakery riverstone,https://numnumsbakery.com.au/blog/eggless-cakes-dean-park,0,1,0,27
bakery riverstone,https://numnumsbakery.com.au/blog/eggless-cakes-schofields,0,2,0,68.5
bakery riverstone,https://numnumsbakery.com.au/blog/eggless-cakes-shanes-park,0,3,0,29.7
bakery riverstone,https://numnumsbakery.com.au/cakes,0,13,0,7.1
bakery riverstone,https://numnumsbakery.com.au/order,0,2,0,89
bakery rouse hill,http://www.numnumsbakery.com.au/,0,1,0,32
bakery rouse hill,https://numnumsbakery.com.au/,0,8,0,13.6
bakery rouse hill village,https://numnumsbakery.com.au/,0,1,0,6
bakery rutherford,https://numnumsbakery.com.au/,0,1,0,4
bakery rye bread near me,https://numnumsbakery.com.au/,0,1,0,5
bakery shop,https://numnumsbakery.com.au/,0,1,0,4
bakery shop near me,http://www.numnumsbakery.com.au/,0,2,0,6.5
bakery shop near me,https://numnumsbakery.com.au/,0,6,0,10.2
bakery shop near me,https://numnumsbakery.com.au/cakes,0,1,0,13
bakery shops near me,http://www.numnumsbakery.com.au/,0,2,0,8.5
bakery stones corner,https://numnumsbakery.com.au/,0,2,0,46
bakery sweets near me,https://numnumsbakery.com.au/,0,1,0,18
bakery sydney,https://numnumsbakery.com.au/,0,1,0,11
bakery tannum sands,https://numnumsbakery.com.au/,0,1,0,44
bakery that does photo cakes,https://numnumsbakery.com.au/blog/photo-cake-sydney,0,1,0,2
bakery toongabbie,https://numnumsbakery.com.au/blog/eggless-cakes-old-toongabbie,0,3,0,9.7
bakery tumut,https://numnumsbakery.com.au/,0,4,0,43.8
bakery umina,https://numnumsbakery.com.au/,0,7,0,47.3
bakery villawood,https://numnumsbakery.com.au/blog/eggless-cakes-villawood,0,2,0,11
bakery waterloo,https://numnumsbakery.com.au/,0,1,0,61
bakery wentworthville,https://numnumsbakery.com.au/,0,1,0,41
bakery wetherill park,https://numnumsbakery.com.au/,0,1,0,65
bakery with croissants near me,https://numnumsbakery.com.au/,0,1,0,13
bakery woodcroft,https://numnumsbakery.com.au/blog/eggless-cakes-woodcroft,0,1,0,6
bakery woodville,https://numnumsbakery.com.au/blog/eggless-cakes-woodville,0,1,0,20
bakery woolloomooloo,https://numnumsbakery.com.au/,0,4,0,60
bakery wynnum,https://numnumsbakery.com.au/,0,6,0,42.5
bakerynona,https://numnumsbakery.com.au/,0,1,0,31
bakerys near me,https://numnumsbakery.com.au/,0,1,0,9
bakeshop near me open now,https://numnumsbakery.com.au/,0,1,0,6
bal mithai near me,https://numnumsbakery.com.au/indian-sweet,0,2,0,9
balery near me,https://numnumsbakery.com.au/,0,1,0,1
balery near me,https://numnumsbakery.com.au/cakes,0,1,0,1
balery shop near me,https://numnumsbakery.com.au/,0,1,0,1
banana bread buy,https://numnumsbakery.com.au/,0,1,0,6
banana bread near me,https://numnumsbakery.com.au/,0,1,0,8
banana cake buy,https://numnumsbakery.com.au/,0,2,0,1
banana cake near me,https://numnumsbakery.com.au/,0,1,0,15
banana cake sydney,https://numnumsbakery.com.au/,0,1,0,20
banana cream cake,https://numnumsbakery.com.au/,0,2,0,4.5
bangladeshi cake brand,https://numnumsbakery.com.au/,0,1,0,3
bankstown cake,https://numnumsbakery.com.au/,0,1,0,65
baptism cake,https://numnumsbakery.com.au/cakes,0,1,0,1
barbie cake,https://numnumsbakery.com.au/,0,1,0,17
barfi near me,https://numnumsbakery.com.au/indian-sweet,0,677,0,7.9
barfi price,https://numnumsbakery.com.au/indian-sweet,0,1,0,9
barfi sweet near me,https://numnumsbakery.com.au/indian-sweet,0,2,0,6.5
beat bakery,https://numnumsbakery.com.au/,0,1,0,25
bento cake for birthday boy,https://numnumsbakery.com.au/,0,1,0,5
bento cake near me,https://numnumsbakery.com.au/cakes,0,2,0,12.5
berala bakery,https://numnumsbakery.com.au/blog/eggless-cakes-berala.html,0,2,0,9.5
berala bakery,https://numnumsbakery.com.au/blog/eggless-cakes-chester-hill,0,3,0,10.7
besan burfi near me,http://www.numnumsbakery.com.au/,0,1,0,4
best bakeries,https://numnumsbakery.com.au/,0,1,0,21
best bakeries in windsor,https://numnumsbakery.com.au/,0,1,0,12
best bakeries near me,http://www.numnumsbakery.com.au/,0,1,0,17
best bakeries near me,https://numnumsbakery.com.au/,0,2,0,3
best bakery,https://numnumsbakery.com.au/,0,2,0,70
best bakery for cupcakes near me,https://numnumsbakery.com.au/,0,1,0,1
best bakery near me,http://www.numnumsbakery.com.au/,0,4,0,8
best bakery near me,https://numnumsbakery.com.au/,0,13,0,14.5
best bakery parramatta,https://numnumsbakery.com.au/,0,1,0,34
best bakery sydney,https://numnumsbakery.com.au/,0,1,0,84
best bakery western sydney,https://numnumsbakery.com.au/blog/best-dessert-shop-sydney,0,11,0,10.9
best best cake,https://numnumsbakery.com.au/blog/best-cake-sydney,0,1,0,13
best birthday cake,https://numnumsbakery.com.au/blog/best-cake-sydney,0,2,0,14
best birthday cake in sydney,https://numnumsbakery.com.au/blog/best-cake-sydney,0,4,0,14.2
best birthday cake sydney,https://numnumsbakery.com.au/blog/best-cake-sydney,0,19,0,27.4
best birthday cake to buy,https://numnumsbakery.com.au/blog/best-cake-sydney,0,1,0,14
best birthday cakes,https://numnumsbakery.com.au/blog/best-cake-sydney,0,3,0,20
best birthday cakes in sydney,https://numnumsbakery.com.au/blog/best-cake-sydney,0,3,0,12.3
best birthday cakes near me,https://numnumsbakery.com.au/,0,1,0,51
best birthday cakes northern beaches,https://numnumsbakery.com.au/,0,1,0,58
best birthday cakes sydney,https://numnumsbakery.com.au/blog/best-cake-sydney,0,109,0,22.1
best biryani in harris park,https://numnumsbakery.com.au/,0,1,0,57
best bread rolls near me,https://numnumsbakery.com.au/,0,1,0,79
best brownie near me,https://numnumsbakery.com.au/,0,1,0,9
best brownies near me,https://numnumsbakery.com.au/,0,1,0,5
best brownies sydney,http://www.numnumsbakery.com.au/,0,1,0,7
best cacke,https://numnumsbakery.com.au/blog/best-cake-sydney,0,1,0,10
best caje,https://numnumsbakery.com.au/blog/best-cake-sydney,0,1,0,10
best cake cake,https://numnumsbakery.com.au/blog/best-cake-sydney,0,2,0,18
best cake for birthday,https://numnumsbakery.com.au/blog/best-cake-sydney,0,1,0,10
best cake for birthday cake,https://numnumsbakery.com.au/blog/best-cake-sydney,0,1,0,30
best cake for birthday party,https://numnumsbakery.com.au/blog/how-to-design-birthday-cake-sydney,0,1,0,16
best cake in sydney,https://numnumsbakery.com.au/,0,1,0,35
best cake in sydney,https://numnumsbakery.com.au/blog/best-cake-sydney,0,145,0,11.0
best cake in taste,https://numnumsbakery.com.au/blog/best-cake-sydney,0,1,0,12
best cake shop around me,https://numnumsbakery.com.au/blog/best-dessert-shop-sydney,0,1,0,5
best cake shop in parramatta,https://numnumsbakery.com.au/,0,1,0,16
best cake shop in sydney,https://numnumsbakery.com.au/blog/best-cake-sydney,0,1,0,14
best cake shop near me,https://numnumsbakery.com.au/,0,14,0,9.4
best cake shop near me for birthday,https://numnumsbakery.com.au/,0,1,0,1
best cake shop parramatta,https://numnumsbakery.com.au/,0,2,0,24.5
best cake shop parramatta westfield,https://numnumsbakery.com.au/,0,1,0,26
best cake shop sydney,https://numnumsbakery.com.au/blog/best-cake-sydney,0,8,0,17.4
best cake shops in sydney,https://numnumsbakery.com.au/blog/best-cake-sydney,0,1,0,11
best cake shops near me,https://numnumsbakery.com.au/,0,2,0,16
best cake shops sydney,https://numnumsbakery.com.au/blog/best-cake-sydney,0,34,0,11.2
best cake stores sydney,https://numnumsbakery.com.au/blog/best-cake-sydney,0,1,0,20
best cake to buy,https://numnumsbakery.com.au/blog/best-cake-sydney,0,1,0,10
best cakes,https://numnumsbakery.com.au/blog/best-cake-sydney,0,50,0,11.9
best cakes bakery,https://numnumsbakery.com.au/,0,1,0,20
best cakes for a cake sale,https://numnumsbakery.com.au/blog/best-cake-sydney,0,1,0,32
best cakes in sydney,https://numnumsbakery.com.au/,0,1,0,13
best cakes in sydney,https://numnumsbakery.com.au/blog/best-cake-sydney,0,61,0,23.3
best cakes inner west,https://numnumsbakery.com.au/blog/best-dessert-shop-sydney,0,1,0,19
best cakes near me,http://www.numnumsbakery.com.au/,0,1,0,38
best cakes near me,https://numnumsbakery.com.au/,0,8,0,10.2
best cakes parramatta,https://numnumsbakery.com.au/,0,2,0,18
best cakes ranked,https://numnumsbakery.com.au/blog/best-cake-sydney,0,1,0,5
best cakes sydney,http://www.numnumsbakery.com.au/,0,1,0,25
best cakes sydney,https://numnumsbakery.com.au/,0,3,0,20
best cakes to order,https://numnumsbakery.com.au/blog/best-cake-sydney,0,1,0,12
best carrot cake to buy,https://numnumsbakery.com.au/,0,1,0,43
best celebration cakes sydney,https://numnumsbakery.com.au/blog/best-cake-sydney,0,8,0,10.4
best cheap cake,https://numnumsbakery.com.au/blog/best-cake-sydney,0,1,0,9
best cheesecake near me,https://numnumsbakery.com.au/,0,1,0,24
best cheesecake near me open now,https://numnumsbakery.com.au/,0,1,0,10
best chocolate cake in sydney,https://numnumsbakery.com.au/blog/best-cake-sydney,0,3,0,26
best chocolate cake sydney,https://numnumsbakery.com.au/blog/best-cake-sydney,0,121,0,26.9
best cinnamon donuts near me,https://numnumsbakery.com.au/,0,1,0,3
best cookies near me,https://numnumsbakery.com.au/,0,2,0,21
best croissant near me,https://numnumsbakery.com.au/,0,1,0,17
best croissant near me,https://numnumsbakery.com.au/cakes,0,1,0,17
best croissant place near me,https://numnumsbakery.com.au/,0,1,0,13
best cronuts near me,https://numnumsbakery.com.au/,0,1,0,29
best cronuts near me,https://numnumsbakery.com.au/cakes,0,1,0,29
best cupcakes near me,https://numnumsbakery.com.au/,0,5,0,9.8
best custard tarts near me,https://numnumsbakery.com.au/,0,1,0,21
best customised cake near me,https://numnumsbakery.com.au/,0,1,0,22
best desert shops near me,https://numnumsbakery.com.au/blog/best-dessert-shop-sydney,0,1,0,9
best dessert in sydney,https://numnumsbakery.com.au/blog/best-dessert-shop-sydney,0,1,0,17
best dessert near me,http://www.numnumsbakery.com.au/,0,1,0,64
best dessert near me,https://numnumsbakery.com.au/,0,4,0,19.5
best dessert parramatta,https://numnumsbakery.com.au/blog/best-dessert-shop-sydney,0,6,0,10.8
best dessert shop near me,https://numnumsbakery.com.au/,0,1,0,10
best dessert shop near me,https://numnumsbakery.com.au/blog/best-dessert-shop-sydney,0,2,0,7.5
best dessert shops near me,https://numnumsbakery.com.au/blog/best-dessert-shop-sydney,0,1,0,11
best dessert shops sydney,https://numnumsbakery.com.au/blog/best-dessert-shop-sydney,0,3,0,13.7
best desserts near me,http://www.numnumsbakery.com.au/,0,1,0,45
best desserts sydney,https://numnumsbakery.com.au/blog/best-dessert-shop-sydney,0,1,0,11
best donuts near me,https://numnumsbakery.com.au/cakes,0,1,0,5
best eggless bakery near me,https://numnumsbakery.com.au/blog/best-eggless-cake-shops-sydney-2026,0,1,0,2
best eggless cake near me,https://numnumsbakery.com.au/,0,3,0,18.3
best eggless cake near me,https://numnumsbakery.com.au/blog/best-cake-sydney,0,3,0,8
best eggless cake near me,https://numnumsbakery.com.au/blog/eggless-cake-bakery-harris-park-riverstone-sydney,0,12,0,8
best eggless cake near me,https://numnumsbakery.com.au/blog/eggless-cake-for-vegetarians-sydney,0,1,0,37
best eggless cake near me,https://numnumsbakery.com.au/blog/eggless-cakes-dean-park,0,1,0,12
best eggless cake shop near me,https://numnumsbakery.com.au/,0,1,0,38
best eggless cake shop near me,https://numnumsbakery.com.au/blog/best-eggless-cake-shops-sydney-2026,0,3,0,4
best eggless cake shop near me,https://numnumsbakery.com.au/blog/eggless-cake-bakery-harris-park-riverstone-sydney,0,2,0,7
best eggless cakes,https://numnumsbakery.com.au/blog/best-eggless-cake-shops-sydney-2026,0,3,0,6
best eggless cakes near me,https://numnumsbakery.com.au/,0,1,0,12
best eggless cakes near me,https://numnumsbakery.com.au/blog/best-eggless-cake-shops-sydney-2026,0,3,0,2
best eggless cakes near me,https://numnumsbakery.com.au/blog/eggless-cake-bakery-harris-park-riverstone-sydney,0,1,0,7
best eggless cakes near me,https://numnumsbakery.com.au/blog/eggless-cakes-near-me-sydney,0,1,0,12
best food near me,https://numnumsbakery.com.au/,0,1,0,13
best friends cake,https://numnumsbakery.com.au/,0,1,0,5
best gulab jamun near me,https://numnumsbakery.com.au/indian-sweet,0,1,0,30
best halal cake shop near me,https://numnumsbakery.com.au/,0,1,0,53
best halal food near me,https://numnumsbakery.com.au/,0,1,0,22
best indian bakery near me,https://numnumsbakery.com.au/,0,1,0,1
best indian desserts near me,https://numnumsbakery.com.au/indian-sweet,0,1,0,59
best indian mithai near me,https://numnumsbakery.com.au/indian-sweet,0,1,0,34
best indian sweet near me,https://numnumsbakery.com.au/indian-sweet,0,3,0,48.3
best indian sweet shop in sydney,https://numnumsbakery.com.au/indian-sweet,0,4,0,38.2
best indian sweet shop near me,https://numnumsbakery.com.au/indian-sweet,0,1,0,40
best indian sweets in sydney,https://numnumsbakery.com.au/indian-sweet,0,2,0,37
best indian sweets near me,https://numnumsbakery.com.au/indian-sweet,0,3,0,40
best indian sweets shop near me,https://numnumsbakery.com.au/indian-sweet,0,1,0,33
best indian sweets sydney,https://numnumsbakery.com.au/indian-sweet,0,8,0,36
best kids cake in sydney,https://numnumsbakery.com.au/blog/kids-birthday-cake-sydney,0,22,0,12.9
best kids cakes in sydney,https://numnumsbakery.com.au/blog/kids-birthday-cake-north-west-sydney,0,2,0,31
best kids cakes in sydney,https://numnumsbakery.com.au/blog/kids-birthday-cake-sydney,0,21,0,12.9
best kids cakes near me,https://numnumsbakery.com.au/,0,1,0,38
best lemon cake near me,https://numnumsbakery.com.au/,0,1,0,50
best meat pies near me,https://numnumsbakery.com.au/,0,2,0,17
best mud cake near me,https://numnumsbakery.com.au/,0,1,0,37
best nut free bakery near me,https://numnumsbakery.com.au/blog/best-eggless-cake-shops-sydney-2026,0,1,0,49
best pastries near me,https://numnumsbakery.com.au/,0,3,0,13.7
best pastry near me,https://numnumsbakery.com.au/,0,3,0,26.7
best pie near me,https://numnumsbakery.com.au/,0,1,0,18
best pie shops near me,https://numnumsbakery.com.au/,0,2,0,10
best pies near me,http://www.numnumsbakery.com.au/,0,4,0,7.2
best pies near me,https://numnumsbakery.com.au/,0,2,0,19
best place to buy cakes near me,https://numnumsbakery.com.au/,0,1,0,20
best rasmalai cake near me,http://www.numnumsbakery.com.au/,0,1,0,5
best rasmalai cake near me,https://numnumsbakery.com.au/,0,2,0,8
best rasmalai near me,https://numnumsbakery.com.au/,0,1,0,15
best rated cake shop near me,https://numnumsbakery.com.au/,0,1,0,7
best red velvet cake sydney,https://numnumsbakery.com.au/blog/eggless-red-velvet-cake-sydney,0,5,0,12.6
best schwarzwalder kirschtorte near me,https://numnumsbakery.com.au/blog/best-dessert-shop-sydney,0,1,0,10
best sweet shop near me,http://www.numnumsbakery.com.au/,0,1,0,7
best sweet shop near me,https://numnumsbakery.com.au/,0,2,0,4
best sweets near me,https://numnumsbakery.com.au/,0,1,0,7
best sweets shop near me,https://numnumsbakery.com.au/blog/best-dessert-shop-sydney,0,2,0,9
best sydney cakes,https://numnumsbakery.com.au/blog/best-cake-sydney,0,12,0,11.7
best tiramisu near me,https://numnumsbakery.com.au/,0,1,0,6
best ube cake near me,https://numnumsbakery.com.au/,0,1,0,27
best vegan desserts near me,https://numnumsbakery.com.au/,0,1,0,9
best wedding cake sydney,https://numnumsbakery.com.au/blog/wedding-cake-sydney-north-west,0,14,0,15.8
best wedding cakes sydney,https://numnumsbakery.com.au/blog/wedding-cake-sydney-north-west,0,21,0,19.6
beurre noisette milton,https://numnumsbakery.com.au/,0,4,0,74.8
bexley north bakery,https://numnumsbakery.com.au/,0,1,0,64
beyond cakes,https://numnumsbakery.com.au/,0,1,0,4
big mishra pedha near me,https://numnumsbakery.com.au/indian-sweet,0,1,0,6
big serving of cake,https://numnumsbakery.com.au/blog/cake-serving-size-guide-sydney,0,8,0,3.4
birrong bakery,https://numnumsbakery.com.au/blog/eggless-cakes-birrong,0,7,0,7.7
birrong postcode,https://numnumsbakery.com.au/blog/eggless-cakes-birrong,0,17,0,9.3
birthday brownie,https://numnumsbakery.com.au/,0,1,0,12
birthday cake,http://www.numnumsbakery.com.au/,0,3,0,8.7
birthday cake,https://numnumsbakery.com.au/blog/eggless-cake-storage-freshness-guide,0,1,0,6
birthday cake,https://numnumsbakery.com.au/blog/how-to-design-birthday-cake-sydney,0,4,0,7.5
birthday cake,https://numnumsbakery.com.au/cakes,0,1,0,17
birthday cake and smash cake,https://numnumsbakery.com.au/blog/cake-smash-vs-first-birthday-cake-sydney,0,7,0,19.1
birthday cake and smash cake,https://numnumsbakery.com.au/blog/first-birthday-cake-sydney,0,12,0,19.3
birthday cake best,https://numnumsbakery.com.au/blog/best-cake-sydney,0,1,0,6
birthday cake cbd,https://numnumsbakery.com.au/,0,1,0,1
birthday cake cheap,https://numnumsbakery.com.au/,0,1,0,8
birthday cake eggless,https://numnumsbakery.com.au/blog/eggless-birthday-cakes-every-age-sydney,0,1,0,8
birthday cake for 48 year old man,https://numnumsbakery.com.au/blog/birthday-cake-for-men-sydney,0,1,0,11
birthday cake for infants,https://numnumsbakery.com.au/blog/first-birthday-cake-sydney,0,1,0,10
birthday cake for men,https://numnumsbakery.com.au/blog/birthday-cake-for-men-sydney,0,1,0,5
birthday cake halal,https://numnumsbakery.com.au/,0,1,0,7
birthday cake hurstville,https://numnumsbakery.com.au/,0,1,0,64
birthday cake near me,https://numnumsbakery.com.au/,0,22,0,7.0
birthday cake near me,https://numnumsbakery.com.au/cakes,0,1,0,12
birthday cake near me open now,https://numnumsbakery.com.au/,0,1,0,2
birthday cake north sydney,https://numnumsbakery.com.au/,0,6,0,55.7
birthday cake north sydney,https://numnumsbakery.com.au/cakes,0,5,0,81.4
birthday cake northern beaches,https://numnumsbakery.com.au/,0,1,0,85
birthday cake nut free,https://numnumsbakery.com.au/blog/eggless-cake-nut-free-sydney,0,1,0,6
birthday cake one year,https://numnumsbakery.com.au/blog/first-birthday-cake-sydney,0,1,0,17
birthday cake parramatta,http://www.numnumsbakery.com.au/,0,1,0,11
birthday cake parramatta,https://numnumsbakery.com.au/,0,7,0,13
birthday cake photo print,https://numnumsbakery.com.au/blog/photo-cake-sydney,0,1,0,8
birthday cake places near me,https://numnumsbakery.com.au/,0,1,0,13
birthday cake recommendation,https://numnumsbakery.com.au/blog/best-cake-sydney,0,2,0,6.5
birthday cake reservation,https://numnumsbakery.com.au/blog/how-to-order-cake-sydney,0,1,0,61
birthday cake shop,http://www.numnumsbakery.com.au/,0,1,0,49
birthday cake shop,https://numnumsbakery.com.au/,0,2,0,47.5
birthday cake shop near me,https://numnumsbakery.com.au/,0,9,0,6.2
birthday cake shop near me,https://numnumsbakery.com.au/blog/eggless-cakes-pitt-town,0,1,0,1
birthday cake shop near me open now,https://numnumsbakery.com.au/,0,1,0,1
birthday cake shops near me,https://numnumsbakery.com.au/,0,2,0,10.5
birthday cake size,https://numnumsbakery.com.au/blog/cake-serving-size-guide-sydney,0,1,0,9
birthday cake sizes,https://numnumsbakery.com.au/blog/eggless-cake-size-guide-sydney,0,1,0,65
birthday cake sizes,https://numnumsbakery.com.au/blog/number-cakes-sydney,0,1,0,14
birthday cake stores,https://numnumsbakery.com.au/,0,1,0,8
birthday cake sydney,https://numnumsbakery.com.au/,0,1,0,3
birthday cake with custom photo,https://numnumsbakery.com.au/blog/photo-cake-sydney,0,1,0,9
birthday cake with photo,https://numnumsbakery.com.au/blog/photo-cake-sydney,0,15,0,7.1
birthday cake with photo near me,https://numnumsbakery.com.au/blog/photo-cake-sydney,0,1,0,5
birthday cake with photo on,https://numnumsbakery.com.au/blog/photo-cake-sydney,0,2,0,10
birthday cake with photograph,https://numnumsbakery.com.au/blog/photo-cake-sydney,0,1,0,3
birthday cake with picture,https://numnumsbakery.com.au/blog/photo-cake-sydney,0,4,0,8
birthday cake with picture on it,https://numnumsbakery.com.au/blog/photo-cake-sydney,0,2,0,6
birthday cake with picture on top,https://numnumsbakery.com.au/blog/photo-cake-sydney,0,3,0,5.3
birthday cake without eggs near me,https://numnumsbakery.com.au/blog/eggless-cake-bakery-harris-park-riverstone-sydney,0,1,0,8
birthday cakes,http://www.numnumsbakery.com.au/,0,2,0,14
birthday cakes,https://numnumsbakery.com.au/,0,3,0,9.7
birthday cakes bakery near me,https://numnumsbakery.com.au/,0,1,0,13
birthday cakes near me,https://numnumsbakery.com.au/cakes,0,2,0,9
birthday cakes north sydney,https://numnumsbakery.com.au/,0,2,0,67
birthday cakes northern beaches,https://numnumsbakery.com.au/,0,2,0,70.5
birthday cakes parramatta,https://numnumsbakery.com.au/,0,5,0,19.6
birthday cakes shops,https://numnumsbakery.com.au/,0,1,0,17
birthday cakes sydney,https://numnumsbakery.com.au/,0,3,0,11.3
birthday cakes sydney australia,https://numnumsbakery.com.au/,0,2,0,58
birthday cakes sydney north shore,https://numnumsbakery.com.au/,0,1,0,74
birthday cakes sydney west,https://numnumsbakery.com.au/blog/birthday-cake-north-west-sydney,0,57,0,8.6
birthday cakes western sydney,https://numnumsbakery.com.au/blog/best-dessert-shop-sydney,0,5,0,10.8
birthday cakes western sydney,https://numnumsbakery.com.au/blog/cake-shop-western-sydney,0,1,0,11
birthday cakes wholesale sydney,https://numnumsbakery.com.au/,0,1,0,70
birthday cakes with photo,https://numnumsbakery.com.au/blog/photo-cake-sydney,0,1,0,7
birthday cakes with photos on them,https://numnumsbakery.com.au/blog/photo-cake-sydney,0,1,0,5
birthday cakes yummiest,https://numnumsbakery.com.au/blog/best-cake-sydney,0,2,0,15
birthday cupcake,https://numnumsbakery.com.au/,0,3,0,2
birthday cupcakes,https://numnumsbakery.com.au/,0,1,0,2
birthday donuts,http://www.numnumsbakery.com.au/,0,1,0,4
birthday party restaurant parramatta,https://numnumsbakery.com.au/,0,4,0,1
birthday photo cake,https://numnumsbakery.com.au/blog/photo-cake-sydney,0,5,0,5.8
birthday topper near me,https://numnumsbakery.com.au/,0,1,0,8
black currant,https://numnumsbakery.com.au/,0,1,0,4
black currant cake near me,https://numnumsbakery.com.au/,0,1,0,3
black forest cake,http://www.numnumsbakery.com.au/,0,1,0,28
black forest cake,https://numnumsbakery.com.au/,0,22,0,11.3
black forest cake near me,http://www.numnumsbakery.com.au/,0,1,0,19
black forest cake near me,https://numnumsbakery.com.au/cakes,0,2,0,1
black forest cake slice near me,https://numnumsbakery.com.au/,0,1,0,11
black forest cake sydney,https://numnumsbakery.com.au/,0,3,0,5.3
black forest premium cake,https://numnumsbakery.com.au/,0,1,0,9
black forest premium cake,https://numnumsbakery.com.au/cakes,0,1,0,9
blackforest pastry,http://www.numnumsbakery.com.au/,0,1,0,9
blacktown filipino bakery,https://numnumsbakery.com.au/blog/eggless-cakes-filipino-debut-sydney,0,1,0,6
bligh park bakery,https://numnumsbakery.com.au/blog/eggless-cakes-bligh-park,0,14,0,9.1
bombay halwa near me,https://numnumsbakery.com.au/,0,1,0,12
boondi ladoo near me,https://numnumsbakery.com.au/,0,2,0,12.5
boondi sweet near me,https://numnumsbakery.com.au/,0,1,0,8
both closed,https://numnumsbakery.com.au/blog/best-eggless-cake-shops-sydney-2026,0,1,0,3
boulangerie near me,https://numnumsbakery.com.au/,0,1,0,6
bread bakeries near me,https://numnumsbakery.com.au/,0,1,0,2
bread bakery near me,https://numnumsbakery.com.au/,0,2,0,7.5
bread near me,http://www.numnumsbakery.com.au/,0,1,0,10
bread near me,https://numnumsbakery.com.au/,0,5,0,9.6
bread near me,https://numnumsbakery.com.au/cakes,0,1,0,3
bread near me open now,https://numnumsbakery.com.au/,0,2,0,10
bread shop near me,http://www.numnumsbakery.com.au/,0,2,0,1
bread shop near me,https://numnumsbakery.com.au/,0,2,0,5.5
bread shop.near me,http://www.numnumsbakery.com.au/,0,1,0,7
breadshop near me,https://numnumsbakery.com.au/,0,1,0,16
breakfast bakery,https://numnumsbakery.com.au/,0,1,0,10
brioche buns,http://www.numnumsbakery.com.au/,0,1,0,3
brownie,http://www.numnumsbakery.com.au/,0,1,0,1
brownie,https://numnumsbakery.com.au/,0,3,0,3.7
brownie cake,https://numnumsbakery.com.au/,0,2,0,6
brownie cake near me,http://www.numnumsbakery.com.au/,0,1,0,4
brownie cake near me,https://numnumsbakery.com.au/,0,2,0,5
brownie cakes,https://numnumsbakery.com.au/,0,1,0,4
brownie cakes near me,https://numnumsbakery.com.au/,0,1,0,6
brownie near me,https://numnumsbakery.com.au/,0,14,0,6.9
brownie near me,https://numnumsbakery.com.au/cakes,0,1,0,6
brownie place,https://numnumsbakery.com.au/,0,1,0,3
brownie places,https://numnumsbakery.com.au/,0,1,0,9
brownie places near me,https://numnumsbakery.com.au/,0,1,0,4
brownie shop near me,https://numnumsbakery.com.au/,0,2,0,3.5
brownie with ice cream near me,http://www.numnumsbakery.com.au/,0,1,0,10
brownies,https://numnumsbakery.com.au/,0,4,0,11.8
brownies near me,https://numnumsbakery.com.au/,0,19,0,11.1
brownies shop,https://numnumsbakery.com.au/,0,3,0,4
budget wedding cake,https://numnumsbakery.com.au/blog/wedding-cake-sydney-north-west,0,1,0,32
build your own dessert station west,https://numnumsbakery.com.au/blog/best-dessert-shop-sydney,0,1,0,10
bun butter jam near me,https://numnumsbakery.com.au/,0,3,0,4.3
burrito,https://numnumsbakery.com.au/,0,1,0,20
butter cake near me,https://numnumsbakery.com.au/,0,3,0,7.7
butter cake near me,https://numnumsbakery.com.au/cakes,0,1,0,8
butter cookies,https://numnumsbakery.com.au/,0,1,0,3
butter cream cake near me,https://numnumsbakery.com.au/,0,1,0,10
butter muffins,https://numnumsbakery.com.au/,0,1,0,10
buttercream or fondant,https://numnumsbakery.com.au/blog/eggless-cake-buttercream-vs-fondant,0,1,0,16
butterscotch cake,http://www.numnumsbakery.com.au/,0,1,0,17
butterscotch cake,https://numnumsbakery.com.au/,0,9,0,4.3
butterscotch cake near me,https://numnumsbakery.com.au/,0,1,0,7
butterscotch cakes,https://numnumsbakery.com.au/,0,1,0,3
butterscotch pastry,https://numnumsbakery.com.au/,0,3,0,11
butterscotch pastry shop,https://numnumsbakery.com.au/,0,1,0,2
buy a cake,https://numnumsbakery.com.au/,0,1,0,8
buy birthday cake near me,http://www.numnumsbakery.com.au/,0,1,0,1
buy bread near me,https://numnumsbakery.com.au/,0,2,0,6
buy cake,https://numnumsbakery.com.au/,0,2,0,5
buy cake near me,https://numnumsbakery.com.au/,0,4,0,19
buy cake sydney,https://numnumsbakery.com.au/,0,2,0,65
buy eggless cake,https://numnumsbakery.com.au/,0,1,0,1
buy eggless cake,https://numnumsbakery.com.au/blog/eggless-cake-bakery-harris-park-riverstone-sydney,0,8,0,8.8
buy eggless cake,https://numnumsbakery.com.au/blog/eggless-cakes-northmead,0,1,0,7
buy eggless cake,https://numnumsbakery.com.au/blog/eggless-cakes-northwest-sydney,0,1,0,2
buy eggless cake,https://numnumsbakery.com.au/blog/eggless-cakes-riverstone,0,1,0,13
buy eggless cake near me,https://numnumsbakery.com.au/blog/best-eggless-cake-shops-sydney-2026,0,1,0,7
buy eggless cake near me,https://numnumsbakery.com.au/blog/eggless-cake-bakery-harris-park-riverstone-sydney,0,1,0,8
buy eggless cake near me,https://numnumsbakery.com.au/blog/eggless-cakes-doonside,0,1,0,5
buy eggless cake near me,https://numnumsbakery.com.au/blog/eggless-cakes-eastwood,0,1,0,15
buy eggless cake near me,https://numnumsbakery.com.au/blog/eggless-cakes-woodville,0,1,0,13
buy ice cream cake near me,https://numnumsbakery.com.au/,0,1,0,9
buy indian bakery online,https://numnumsbakery.com.au/indian-sweet,0,78,0,8.0
buy indian sweets near me,https://numnumsbakery.com.au/indian-sweet,0,1,0,12
buy lemon meringue pie near me,http://www.numnumsbakery.com.au/,0,1,0,29
buy mango cake,https://numnumsbakery.com.au/,0,1,0,7
buy matilda cake,https://numnumsbakery.com.au/,0,1,0,2
buy mithai online,https://numnumsbakery.com.au/indian-sweet,0,2,0,14.5
buy pastries near me,https://numnumsbakery.com.au/,0,3,0,7
buy scones,https://numnumsbakery.com.au/,0,2,0,8.5
buy wedding cakes,https://numnumsbakery.com.au/blog/wedding-cake-sydney-north-west,0,1,0,14
cabramatta cakes,https://numnumsbakery.com.au/,0,1,0,55
cafe cake,https://numnumsbakery.com.au/,0,1,0,7
cafe cake suppliers sydney,https://numnumsbakery.com.au/blog/eggless-cake-wholesale-sydney,0,1,0,29
cafe cakes wholesale,https://numnumsbakery.com.au/blog/eggless-cake-wholesale-sydney,0,1,0,34
cafe cakes wholesale sydney,https://numnumsbakery.com.au/blog/eggless-cake-wholesale-sydney,0,1,0,24
cafe in riverstone,http://www.numnumsbakery.com.au/,0,1,0,12
cafe near me,https://numnumsbakery.com.au/,0,4,0,29.8
cafe pastries near me,https://numnumsbakery.com.au/,0,1,0,19
cake,http://www.numnumsbakery.com.au/,0,4,0,17.8
cake,https://numnumsbakery.com.au/blog/eggless-cakes-maha-shivratri-sydney,0,1,0,2
cake,https://numnumsbakery.com.au/blog/eggless-cakes-northwest-sydney,0,1,0,1
cake,https://numnumsbakery.com.au/cakes,0,4,0,4
cake 8th birthday,https://numnumsbakery.com.au/cakes,0,1,0,1
cake and cookies near me,https://numnumsbakery.com.au/,0,1,0,9
cake and smash cake,https://numnumsbakery.com.au/blog/first-birthday-cake-sydney,0,1,0,14
cake annandale,https://numnumsbakery.com.au/,0,1,0,64
cake around me,https://numnumsbakery.com.au/,0,1,0,31
cake auburn,https://numnumsbakery.com.au/,0,1,0,52
cake bakeries near me,https://numnumsbakery.com.au/,0,2,0,13
cake bakeries near me,https://numnumsbakery.com.au/blog/eggless-cake-bakery-harris-park-riverstone-sydney,0,1,0,9
cake bakers near me,https://numnumsbakery.com.au/,0,3,0,9.7
cake bakers near me,https://numnumsbakery.com.au/blog/eggless-cakes-northwest-sydney,0,1,0,1
cake bakers near me,https://numnumsbakery.com.au/blog/eggless-cakes-the-ponds,0,1,0,1
cake bakery,https://numnumsbakery.com.au/,0,2,0,17.5
cake bakery near me,https://numnumsbakery.com.au/,0,11,0,5
cake bakery sydney,https://numnumsbakery.com.au/,0,3,0,66.7
cake birthday,https://numnumsbakery.com.au/,0,2,0,11.5
cake box how long does it last,https://numnumsbakery.com.au/blog/eggless-cake-storage-freshness-guide,0,1,0,11
cake buy near me,https://numnumsbakery.com.au/,0,1,0,4
cake calories,https://numnumsbakery.com.au/blog/eggless-cake-calories-guide-sydney,0,10,0,7.8
cake campbelltown,https://numnumsbakery.com.au/,0,3,0,70
cake chatswood,https://numnumsbakery.com.au/,0,1,0,77
cake collingwood,https://numnumsbakery.com.au/,0,1,0,82
cake cost,https://numnumsbakery.com.au/blog/cake-price-guide-sydney,0,2,0,3.5
cake cutting ceremony,https://numnumsbakery.com.au/blog/cake-cutting-ceremony-sydney,0,2,0,5.5
cake cutting ceremony for birthday,https://numnumsbakery.com.au/blog/cake-cutting-ceremony-sydney,0,1,0,7
cake darlinghurst,https://numnumsbakery.com.au/,0,1,0,68
cake delivered,https://numnumsbakery.com.au/,0,1,0,13
cake delivered campbelltown,https://numnumsbakery.com.au/,0,4,0,69.5
cake delivered matraville,https://numnumsbakery.com.au/,0,2,0,66
cake delivered pennant hills,https://numnumsbakery.com.au/blog/eggless-cakes-west-pennant-hills,0,2,0,5
cake delivery,https://numnumsbakery.com.au/,0,4,0,20.2
cake delivery campbelltown,https://numnumsbakery.com.au/,0,29,0,72.7
cake delivery castle hill,https://numnumsbakery.com.au/,0,4,0,72
cake delivery castle hill,https://numnumsbakery.com.au/blog/eggless-cakes-castle-hill,0,1,0,14
cake delivery matraville,https://numnumsbakery.com.au/,0,1,0,72
cake delivery near me,https://numnumsbakery.com.au/,0,3,0,6.3
cake delivery north sydney,https://numnumsbakery.com.au/,0,9,0,52.4
cake delivery north sydney,https://numnumsbakery.com.au/blog/cake-delivery-sydney,0,1,0,51
cake delivery north sydney,https://numnumsbakery.com.au/blog/eggless-cake-delivery-sydney,0,5,0,28.4
cake delivery north sydney,https://numnumsbakery.com.au/cakes,0,5,0,68.4
cake delivery now,https://numnumsbakery.com.au/,0,1,0,1
cake delivery point piper,https://numnumsbakery.com.au/,0,3,0,82.7
cake delivery sunday,https://numnumsbakery.com.au/,0,2,0,4
cake delivery sydney,https://numnumsbakery.com.au/,0,1,0,6
cake delivery windsor,https://numnumsbakery.com.au/blog/cake-shop-western-sydney,0,1,0,34
cake delivery windsor,https://numnumsbakery.com.au/blog/eggless-cakes-windsor,0,2,0,10.5
cake design near me,https://numnumsbakery.com.au/,0,1,0,35
cake discovery,https://numnumsbakery.com.au/cakes,0,1,0,2
cake edible printing near me,https://numnumsbakery.com.au/,0,1,0,1
cake edible printing near me,https://numnumsbakery.com.au/blog/photo-cake-sydney,0,1,0,8
cake eggless,https://numnumsbakery.com.au/cakes,0,1,0,11
cake eggless near me,https://numnumsbakery.com.au/,0,1,0,10
cake eggless near me,https://numnumsbakery.com.au/blog/best-eggless-cake-shops-sydney-2026,0,5,0,4.4
cake eggless near me,https://numnumsbakery.com.au/blog/eggless-cake-bakery-harris-park-riverstone-sydney,0,7,0,9.6
cake eggless near me,https://numnumsbakery.com.au/blog/eggless-cakes-dean-park,0,1,0,9
cake eggless near me,https://numnumsbakery.com.au/blog/eggless-cakes-quakers-hill,0,1,0,5
cake eggless near me,https://numnumsbakery.com.au/blog/eggless-cakes-schofields,0,1,0,7
cake eggless shop near me,https://numnumsbakery.com.au/blog/best-eggless-cake-shops-sydney-2026,0,1,0,10
cake eggless shop near me,https://numnumsbakery.com.au/blog/eggless-cake-bakery-harris-park-riverstone-sydney,0,3,0,7
cake eggless shop near me,https://numnumsbakery.com.au/blog/eggless-cakes-rooty-hill,0,1,0,4
cake eggless shop near me,https://numnumsbakery.com.au/blog/eggless-cakes-schofields,0,1,0,4
cake elsa,http://www.numnumsbakery.com.au/,0,1,0,10
cake first birthday,https://numnumsbakery.com.au/blog/first-birthday-cake-sydney,0,23,0,17.1
cake for,http://www.numnumsbakery.com.au/,0,1,0,1
cake for,https://numnumsbakery.com.au/,0,1,0,1
cake for 100 people,https://numnumsbakery.com.au/blog/sheet-cake-sydney,0,1,0,2
cake for 12 people size,https://numnumsbakery.com.au/blog/cake-serving-size-guide-sydney,0,2,0,6
cake for 50 people price,https://numnumsbakery.com.au/blog/cake-price-guide-sydney,0,2,0,25
cake for birthday,https://numnumsbakery.com.au/,0,2,0,10.5
cake for my birthday,https://numnumsbakery.com.au/cakes,0,1,0,6
cake for pregnant women,https://numnumsbakery.com.au/blog/eggless-cake-for-pregnancy-sydney,0,1,0,7
cake halal near me,https://numnumsbakery.com.au/,0,2,0,57
cake hurstville,https://numnumsbakery.com.au/,0,1,0,66
cake image printing near me,https://numnumsbakery.com.au/blog/photo-cake-sydney,0,2,0,8.5
cake in a can,https://numnumsbakery.com.au/cakes,0,2,0,3
cake in a cup,http://www.numnumsbakery.com.au/,0,1,0,7
cake in city,https://numnumsbakery.com.au/blog/best-cake-sydney,0,1,0,10
cake in parramatta,http://www.numnumsbakery.com.au/,0,1,0,13
cake in parramatta,https://numnumsbakery.com.au/,0,5,0,14.6
cake in sydney,https://numnumsbakery.com.au/,0,2,0,42
cake in the city,https://numnumsbakery.com.au/blog/best-cake-sydney,0,4,0,10.2
cake inches,https://numnumsbakery.com.au/blog/cake-serving-size-guide-sydney,0,1,0,6
cake ingredients shop near me,https://numnumsbakery.com.au/,0,2,0,10.5
cake is veg or non veg,https://numnumsbakery.com.au/blog/vegan-vs-eggless-cakes-difference,0,1,0,8
cake kcal,https://numnumsbakery.com.au/blog/eggless-cake-calories-guide-sydney,0,1,0,10
cake kings cross,https://numnumsbakery.com.au/,0,1,0,71
cake leichhardt,https://numnumsbakery.com.au/,0,4,0,59.8
cake less sugar,https://numnumsbakery.com.au/,0,2,0,9
cake lidcombe,https://numnumsbakery.com.au/,0,1,0,30
cake lidcombe,https://numnumsbakery.com.au/blog/eggless-cakes-lidcombe,0,2,0,9.5
cake makers near me,https://numnumsbakery.com.au/,0,1,0,40
cake makers western sydney,https://numnumsbakery.com.au/blog/best-dessert-shop-sydney,0,36,0,11.3
cake makers western sydney,https://numnumsbakery.com.au/blog/eggless-cake-bakery-harris-park-riverstone-sydney,0,2,0,9
cake milton,https://numnumsbakery.com.au/,0,4,0,43.5
cake near,https://numnumsbakery.com.au/,0,2,0,8
cake near by me,https://numnumsbakery.com.au/,0,1,0,12
cake near me,http://www.numnumsbakery.com.au/,0,11,0,7.5
cake near me,https://numnumsbakery.com.au/blog/eggless-cake-bakery-harris-park-riverstone-sydney,0,1,0,1
cake near me,https://numnumsbakery.com.au/blog/eggless-cakes-quakers-hill,0,1,0,1
cake near me,https://numnumsbakery.com.au/cakes,0,7,0,1.9
cake near me eggless,https://numnumsbakery.com.au/blog/best-eggless-cake-shops-sydney-2026,0,3,0,7.3
cake near me eggless,https://numnumsbakery.com.au/blog/eggless-cake-bakery-harris-park-riverstone-sydney,0,3,0,6.7
cake near me eggless,https://numnumsbakery.com.au/blog/eggless-cakes-dean-park,0,1,0,8
cake near me eggless,https://numnumsbakery.com.au/blog/eggless-cakes-doonside,0,2,0,14
cake near me eggless,https://numnumsbakery.com.au/blog/eggless-cakes-schofields,0,1,0,5
cake near me now,http://www.numnumsbakery.com.au/,0,2,0,15.5
cake near me open now,http://www.numnumsbakery.com.au/,0,1,0,2
cake near me open now,https://numnumsbakery.com.au/,0,3,0,6
cake near me tres leches,https://numnumsbakery.com.au/,0,1,0,2
cake near me.,http://www.numnumsbakery.com.au/,0,1,0,8
cake near me.,https://numnumsbakery.com.au/,0,1,0,7
cake near ne,https://numnumsbakery.com.au/,0,1,0,9
cake near parramatta,https://numnumsbakery.com.au/,0,1,0,22
cake near.me,http://www.numnumsbakery.com.au/,0,1,0,22
cake near.me,https://numnumsbakery.com.au/,0,1,0,27
cake nearby,https://numnumsbakery.com.au/,0,1,0,2
cake nearby me,https://numnumsbakery.com.au/,0,1,0,4
cake north sydney,https://numnumsbakery.com.au/,0,8,0,57.1
cake north sydney,https://numnumsbakery.com.au/cakes,0,2,0,80
cake north sydney,https://numnumsbakery.com.au/order,0,1,0,78
cake online,https://numnumsbakery.com.au/,0,1,0,2
cake open now,https://numnumsbakery.com.au/,0,1,0,9
cake order,https://numnumsbakery.com.au/,0,1,0,8
cake order online,https://numnumsbakery.com.au/,0,4,0,4.2
cake order sydney,https://numnumsbakery.com.au/,0,3,0,43.7
cake patisserie near me,https://numnumsbakery.com.au/,0,1,0,23
cake patties,https://numnumsbakery.com.au/,0,1,0,6
cake photo cake,https://numnumsbakery.com.au/blog/photo-cake-sydney,0,3,0,10.3
cake photo cake photo,https://numnumsbakery.com.au/blog/photo-cake-sydney,0,1,0,19
cake photo printing,https://numnumsbakery.com.au/blog/photo-cake-sydney,0,22,0,8.3
cake picture printing,https://numnumsbakery.com.au/blog/photo-cake-sydney,0,7,0,6.7
cake place,https://numnumsbakery.com.au/,0,2,0,20.5
cake place near me,http://www.numnumsbakery.com.au/,0,2,0,12.5
cake place near me,https://numnumsbakery.com.au/,0,5,0,5.8
cake place open near me,https://numnumsbakery.com.au/,0,2,0,13
cake place open near me,https://numnumsbakery.com.au/cakes,0,1,0,13
cake places in sydney,https://numnumsbakery.com.au/,0,1,0,58
cake places near me,http://www.numnumsbakery.com.au/,0,3,0,16.7
cake places near me,https://numnumsbakery.com.au/,0,9,0,9.6
cake pops sydney,https://numnumsbakery.com.au/,0,1,0,69
cake price,https://numnumsbakery.com.au/blog/best-eggless-cake-shops-sydney-2026,0,1,0,4
cake price,https://numnumsbakery.com.au/blog/cake-price-guide-sydney,0,2,0,11.5
cake prices list,https://numnumsbakery.com.au/blog/cake-price-guide-sydney,0,1,0,9
cake print near me,https://numnumsbakery.com.au/,0,2,0,3.5
cake print near me,https://numnumsbakery.com.au/blog/photo-cake-sydney,0,1,0,6
cake print photo,https://numnumsbakery.com.au/blog/photo-cake-sydney,0,6,0,6.5
cake print shop,https://numnumsbakery.com.au/blog/photo-cake-sydney,0,3,0,8
cake printed picture,https://numnumsbakery.com.au/blog/photo-cake-sydney,0,1,0,6
cake printing,https://numnumsbakery.com.au/blog/photo-cake-sydney,0,4,0,14.5
cake recommendation,https://numnumsbakery.com.au/blog/best-cake-sydney,0,1,0,13
cake serving guide,https://numnumsbakery.com.au/blog/cake-serving-size-guide-sydney,0,5,0,7.6
cake serving guide australia,https://numnumsbakery.com.au/blog/cake-serving-size-guide-sydney,0,2,0,6.5
cake serving size,https://numnumsbakery.com.au/blog/cake-serving-size-guide-sydney,0,7,0,5
cake serving size chart,https://numnumsbakery.com.au/blog/cake-serving-size-guide-sydney,0,3,0,7
cake serving size guide,https://numnumsbakery.com.au/blog/cake-serving-size-guide-sydney,0,1,0,8
cake serving sizes,https://numnumsbakery.com.au/blog/cake-serving-size-guide-sydney,0,7,0,8.6
cake servings,https://numnumsbakery.com.au/blog/cake-serving-size-guide-sydney,0,2,0,12.5
cake shop,http://www.numnumsbakery.com.au/,0,12,0,14.8
cake shop,https://numnumsbakery.com.au/blog/eggless-cake-bakery-harris-park-riverstone-sydney,0,1,0,1
cake shop,https://numnumsbakery.com.au/cakes,0,3,0,5
cake shop armidale,https://numnumsbakery.com.au/,0,2,0,63.5
cake shop around me,https://numnumsbakery.com.au/,0,3,0,12.7
cake shop auburn,https://numnumsbakery.com.au/,0,1,0,40
cake shop barangaroo,https://numnumsbakery.com.au/,0,1,0,63
cake shop bear me,http://www.numnumsbakery.com.au/,0,1,0,5
cake shop bexley,https://numnumsbakery.com.au/,0,2,0,68
cake shop brighton le sands,https://numnumsbakery.com.au/,0,3,0,64
cake shop broadway,https://numnumsbakery.com.au/,0,2,0,57.5
cake shop broadway shopping centre,https://numnumsbakery.com.au/,0,2,0,47
cake shop campbelltown,https://numnumsbakery.com.au/,0,3,0,63
cake shop chadstone,https://numnumsbakery.com.au/,0,5,0,49.2
cake shop chatswood,https://numnumsbakery.com.au/,0,1,0,77
cake shop cheap,https://numnumsbakery.com.au/,0,1,0,3
cake shop cherrybrook,https://numnumsbakery.com.au/blog/eggless-cakes-cherrybrook,0,2,0,10
cake shop chinatown,https://numnumsbakery.com.au/,0,1,0,20
cake shop chipping norton,https://numnumsbakery.com.au/,0,4,0,62.5
cake shop delivery near me,https://numnumsbakery.com.au/,0,1,0,9
cake shop drummoyne,https://numnumsbakery.com.au/,0,5,0,51.8
cake shop eggless,https://numnumsbakery.com.au/blog/best-eggless-cake-shops-sydney-2026,0,1,0,8
cake shop eggless,https://numnumsbakery.com.au/blog/eggless-cake-bakery-harris-park-riverstone-sydney,0,1,0,16
cake shop eggless,https://numnumsbakery.com.au/cakes,0,1,0,48
cake shop eggless near me,https://numnumsbakery.com.au/,0,2,0,6
cake shop eggless near me,https://numnumsbakery.com.au/blog/best-eggless-cake-shops-sydney-2026,0,4,0,6.8
cake shop eggless near me,https://numnumsbakery.com.au/blog/eggless-cake-bakery-harris-park-riverstone-sydney,0,5,0,5.2
cake shop eggless near me,https://numnumsbakery.com.au/blog/eggless-cakes-northmead,0,1,0,9
cake shop frenchs forest,https://numnumsbakery.com.au/,0,1,0,72
cake shop halal,https://numnumsbakery.com.au/,0,1,0,45
cake shop halal near me,https://numnumsbakery.com.au/,0,1,0,35
cake shop harris park,http://www.numnumsbakery.com.au/,0,5,0,1.6
cake shop harris park,https://numnumsbakery.com.au/about,0,6,0,81.5
cake shop harris park,https://numnumsbakery.com.au/blog/best-dessert-shop-sydney,0,7,0,24.7
cake shop harris park,https://numnumsbakery.com.au/blog/eggless-cake-bakery-harris-park-riverstone-sydney,0,128,0,7.4
cake shop harris park,https://numnumsbakery.com.au/blog/eggless-cakes-bossley-park,0,3,0,11.7
cake shop harris park,https://numnumsbakery.com.au/blog/eggless-cakes-eastwood,0,1,0,19
cake shop harris park,https://numnumsbakery.com.au/blog/eggless-cakes-harris-park,0,4,0,7.5
cake shop harris park,https://numnumsbakery.com.au/blog/eggless-cakes-prospect,0,1,0,17
cake shop harris park,https://numnumsbakery.com.au/blog/eggless-cakes-seven-hills,0,3,0,18.3
cake shop harris park,https://numnumsbakery.com.au/blog/eggless-cakes-wentworth-point,0,1,0,34
cake shop harris park,https://numnumsbakery.com.au/blog/eggless-cakes-yagoona,0,1,0,19
cake shop harris park,https://numnumsbakery.com.au/order,0,5,0,77.4
cake shop in auburn,https://numnumsbakery.com.au/,0,2,0,12.5
cake shop in auburn,https://numnumsbakery.com.au/blog/eggless-cakes-auburn,0,1,0,12
cake shop in chadstone,https://numnumsbakery.com.au/,0,2,0,64.5
cake shop in granville,https://numnumsbakery.com.au/,0,1,0,9
cake shop in harris park,http://www.numnumsbakery.com.au/,0,5,0,1.4
cake shop in harris park,https://numnumsbakery.com.au/about,0,2,0,64
cake shop in harris park,https://numnumsbakery.com.au/blog/best-dessert-shop-sydney,0,5,0,36.2
cake shop in harris park,https://numnumsbakery.com.au/blog/eggless-cake-bakery-harris-park-riverstone-sydney,0,76,0,6.7
cake shop in harris park,https://numnumsbakery.com.au/blog/eggless-cake-delivery-sydney,0,1,0,92
cake shop in harris park,https://numnumsbakery.com.au/blog/eggless-cakes-harris-park,0,1,0,6
cake shop in harris park,https://numnumsbakery.com.au/blog/eggless-cakes-homebush,0,1,0,13
cake shop in harris park,https://numnumsbakery.com.au/blog/eggless-cakes-mays-hill,0,2,0,18
cake shop in harris park,https://numnumsbakery.com.au/blog/eggless-cakes-northmead,0,1,0,14
cake shop in harris park,https://numnumsbakery.com.au/blog/eggless-cakes-prospect,0,2,0,14.5
cake shop in merrylands,https://numnumsbakery.com.au/,0,1,0,27
cake shop in near me,https://numnumsbakery.com.au/,0,1,0,11
cake shop in parramatta,http://www.numnumsbakery.com.au/,0,1,0,22
cake shop in rockdale,https://numnumsbakery.com.au/,0,2,0,41.5
cake shop in town hall,https://numnumsbakery.com.au/,0,1,0,37
cake shop in wentworthville,http://www.numnumsbakery.com.au/,0,1,0,15
cake shop in wentworthville,https://numnumsbakery.com.au/,0,4,0,7.2
cake shop in westfield parramatta,https://numnumsbakery.com.au/,0,2,0,24
cake shop ingleburn,https://numnumsbakery.com.au/,0,1,0,46
cake shop inner west,https://numnumsbakery.com.au/,0,1,0,70
cake shop inner west,https://numnumsbakery.com.au/blog/best-dessert-shop-sydney,0,1,0,38
cake shop kellyville,https://numnumsbakery.com.au/,0,3,0,57
cake shop kings langley,https://numnumsbakery.com.au/blog/eggless-cakes-woodcroft,0,1,0,10
cake shop knox,https://numnumsbakery.com.au/,0,1,0,54
cake shop lalor,https://numnumsbakery.com.au/blog/eggless-cakes-lalor-park,0,1,0,23
cake shop liverpool,https://numnumsbakery.com.au/,0,2,0,69
cake shop macquarie centre,https://numnumsbakery.com.au/,0,3,0,52.3
cake shop macquarie park,https://numnumsbakery.com.au/,0,1,0,48
cake shop manchester,https://numnumsbakery.com.au/,0,1,0,64
cake shop marsden park,http://www.numnumsbakery.com.au/,0,1,0,10
cake shop marsden park,https://numnumsbakery.com.au/,0,26,0,9.1
cake shop marsden park,https://numnumsbakery.com.au/blog/best-dessert-shop-sydney,0,1,0,11
cake shop marsden park,https://numnumsbakery.com.au/blog/eggless-cake-bakery-harris-park-riverstone-sydney,0,1,0,10
cake shop marsden park,https://numnumsbakery.com.au/cakes,0,1,0,10
cake shop mcgraths hill,https://numnumsbakery.com.au/blog/eggless-cakes-mcgraths-hill,0,3,0,4.3
cake shop mear me,https://numnumsbakery.com.au/,0,1,0,1
cake shop merrylands,https://numnumsbakery.com.au/,0,3,0,29.7
cake shop minto,https://numnumsbakery.com.au/,0,3,0,52.3
cake shop mona vale,https://numnumsbakery.com.au/,0,3,0,59.3
cake shop mosman,https://numnumsbakery.com.au/,0,4,0,56.2
cake shop name,https://numnumsbakery.com.au/,0,1,0,8
cake shop near,https://numnumsbakery.com.au/,0,1,0,6
cake shop near by me,https://numnumsbakery.com.au/,0,1,0,5
cake shop near m3,https://numnumsbakery.com.au/,0,1,0,2
cake shop near marsden park,https://numnumsbakery.com.au/,0,1,0,1
cake shop near marsden park,https://numnumsbakery.com.au/blog/best-dessert-shop-sydney,0,1,0,11
cake shop near marsden park,https://numnumsbakery.com.au/cakes,0,1,0,1
cake shop near me,https://numnumsbakery.com.au/blog/best-dessert-shop-sydney,0,1,0,12
cake shop near me,https://numnumsbakery.com.au/blog/eggless-cake-bakery-harris-park-riverstone-sydney,0,2,0,1
cake shop near me,https://numnumsbakery.com.au/blog/eggless-cakes-northwest-sydney,0,2,0,1
cake shop near me,https://numnumsbakery.com.au/blog/eggless-cakes-the-ponds,0,2,0,1
cake shop near me,https://numnumsbakery.com.au/cakes,0,30,0,5.9
cake shop near me customised,https://numnumsbakery.com.au/,0,1,0,18
cake shop near me eggless,https://numnumsbakery.com.au/blog/best-eggless-cake-shops-sydney-2026,0,2,0,7.5
cake shop near me eggless,https://numnumsbakery.com.au/blog/eggless-cake-bakery-harris-park-riverstone-sydney,0,2,0,4
cake shop near me halal,https://numnumsbakery.com.au/,0,2,0,27
cake shop near me home delivery,https://numnumsbakery.com.au/,0,1,0,4
cake shop near me now,http://www.numnumsbakery.com.au/,0,1,0,1
cake shop near me open,https://numnumsbakery.com.au/,0,2,0,4
cake shop near me open now,http://www.numnumsbakery.com.au/,0,3,0,6.3
cake shop near me within 1.6 km,https://numnumsbakery.com.au/,0,1,0,3
cake shop near me within 400m,http://www.numnumsbakery.com.au/,0,1,0,1
cake shop near me within 400m,https://numnumsbakery.com.au/,0,2,0,1.5
cake shop near me within 8.1 km,https://numnumsbakery.com.au/,0,1,0,4
cake shop near me within 800m,https://numnumsbakery.com.au/,0,2,0,4
cake shop near ne,https://numnumsbakery.com.au/,0,1,0,5
cake shop near parramatta,http://www.numnumsbakery.com.au/,0,2,0,12
cake shop near parramatta,https://numnumsbakery.com.au/,0,16,0,8.4
cake shop near town hall,http://www.numnumsbakery.com.au/,0,1,0,6
cake shop near wynyard station,https://numnumsbakery.com.au/,0,1,0,8
cake shop near.me,https://numnumsbakery.com.au/,0,3,0,3.3
cake shop near.me,https://numnumsbakery.com.au/cakes,0,1,0,6
cake shop nearby,https://numnumsbakery.com.au/,0,10,0,6
cake shop newtown,https://numnumsbakery.com.au/,0,1,0,68
cake shop north lakes,https://numnumsbakery.com.au/,0,2,0,59.5
cake shop north parramatta,https://numnumsbakery.com.au/,0,1,0,45
cake shop north parramatta,https://numnumsbakery.com.au/blog/eggless-cake-bakery-harris-park-riverstone-sydney,0,1,0,13
cake shop north ryde,https://numnumsbakery.com.au/,0,2,0,52.5
cake shop north sydney,https://numnumsbakery.com.au/,0,5,0,50
cake shop north sydney,https://numnumsbakery.com.au/cakes,0,1,0,77
cake shop northmead,https://numnumsbakery.com.au/blog/eggless-cakes-northmead,0,6,0,8
cake shop norwood,https://numnumsbakery.com.au/,0,1,0,63
cake shop now open,https://numnumsbakery.com.au/,0,2,0,5
cake shop oatley,https://numnumsbakery.com.au/,0,1,0,46
cake shop open near me,http://www.numnumsbakery.com.au/,0,1,0,8
cake shop open near me,https://numnumsbakery.com.au/,0,4,0,10.2
cake shop open near me now,https://numnumsbakery.com.au/blog/best-dessert-shop-sydney,0,1,0,5
cake shop open now,http://www.numnumsbakery.com.au/,0,1,0,3
cake shop opening hours,https://numnumsbakery.com.au/,0,1,0,1
cake shop parramatta,http://www.numnumsbakery.com.au/,0,4,0,22.8
cake shop parramatta westfield,https://numnumsbakery.com.au/,0,2,0,24
cake shop penrith,https://numnumsbakery.com.au/,0,1,0,39
cake shop pitt street,https://numnumsbakery.com.au/,0,4,0,54.2
cake shop pyrmont,https://numnumsbakery.com.au/,0,1,0,48
cake shop quakers hill,https://numnumsbakery.com.au/,0,1,0,39
cake shop quakers hill,https://numnumsbakery.com.au/blog/eggless-cakes-quakers-hill,0,5,0,10.4
cake shop quakers hill,https://numnumsbakery.com.au/blog/eggless-cakes-the-ponds,0,1,0,1
cake shop riverstone,https://numnumsbakery.com.au/blog/eggless-cakes-the-ponds,0,1,0,1
cake shop rouse hill,http://www.numnumsbakery.com.au/,0,1,0,9
cake shop rouse hill,https://numnumsbakery.com.au/blog/eggless-cakes-northwest-sydney,0,1,0,1
cake shop rouse hill,https://numnumsbakery.com.au/cakes,0,2,0,9.5
cake shop ryde,https://numnumsbakery.com.au/,0,3,0,61.7
cake shop schofields,http://www.numnumsbakery.com.au/,0,1,0,10
cake shop schofields,https://numnumsbakery.com.au/,0,7,0,10.6
cake shop schofields,https://numnumsbakery.com.au/blog/best-dessert-shop-sydney,0,4,0,11
cake shop schofields,https://numnumsbakery.com.au/blog/eggless-cakes-dean-park,0,4,0,11.2
cake shop schofields,https://numnumsbakery.com.au/blog/eggless-cakes-schofields,0,1,0,11
cake shop schofields,https://numnumsbakery.com.au/cakes,0,1,0,12
cake shop sydney,http://www.numnumsbakery.com.au/,0,1,0,9
cake shop sydney,https://numnumsbakery.com.au/,0,71,0,58.1
cake shop tallawong,https://numnumsbakery.com.au/,0,7,0,7.7
cake shop tallawong,https://numnumsbakery.com.au/blog/cake-shop-western-sydney,0,1,0,10
cake shop tallawong,https://numnumsbakery.com.au/cakes,0,1,0,8
cake shop wentworthville,https://numnumsbakery.com.au/,0,10,0,14.2
cake shop west ryde,https://numnumsbakery.com.au/blog/eggless-cakes-west-ryde,0,1,0,11
cake shop westfield parramatta,https://numnumsbakery.com.au/,0,2,0,24
cake shop williamstown,https://numnumsbakery.com.au/,0,2,0,50.5
cake shop windsor,https://numnumsbakery.com.au/,0,1,0,20
cake shop winston hills,https://numnumsbakery.com.au/blog/eggless-cakes-winston-hills,0,9,0,10.3
cake shop within 8.1 km,https://numnumsbakery.com.au/,0,1,0,5
cake shop woolloomooloo,https://numnumsbakery.com.au/,0,2,0,57.5
cake shop.,https://numnumsbakery.com.au/,0,3,0,15
cake shop.near me,http://www.numnumsbakery.com.au/,0,4,0,2
cake shop.near me,https://numnumsbakery.com.au/,0,9,0,10.2
cake shop.near me,https://numnumsbakery.com.au/cakes,0,1,0,9
cake shop.near.me,https://numnumsbakery.com.au/,0,1,0,10
cake shops,http://www.numnumsbakery.com.au/,0,2,0,27
cake shops,https://numnumsbakery.com.au/,0,18,0,17.3
cake shops campbelltown,https://numnumsbakery.com.au/,0,2,0,66
cake shops cbd,https://numnumsbakery.com.au/,0,1,0,16
cake shops chadstone,https://numnumsbakery.com.au/,0,3,0,61.7
cake shops in parramatta,https://numnumsbakery.com.au/,0,4,0,10.2
cake shops in parramatta westfield,http://www.numnumsbakery.com.au/,0,1,0,1
cake shops in parramatta westfield,https://numnumsbakery.com.au/,0,1,0,18
cake shops in sydney,https://numnumsbakery.com.au/,0,1,0,56
cake shops in sydney australia,https://numnumsbakery.com.au/,0,3,0,64.7
cake shops in the city,https://numnumsbakery.com.au/,0,1,0,38
cake shops inner west sydney,https://numnumsbakery.com.au/,0,2,0,78
cake shops inner west sydney,https://numnumsbakery.com.au/blog/best-dessert-shop-sydney,0,1,0,17
cake shops near by,https://numnumsbakery.com.au/,0,1,0,8
cake shops near here,https://numnumsbakery.com.au/,0,1,0,4
cake shops near me,https://numnumsbakery.com.au/blog/eggless-cake-bakery-harris-park-riverstone-sydney,0,2,0,6
cake shops near me,https://numnumsbakery.com.au/cakes,0,5,0,5.2
cake shops near me.,https://numnumsbakery.com.au/,0,1,0,6
cake shops nearby,https://numnumsbakery.com.au/,0,2,0,4
cake shops north sydney,https://numnumsbakery.com.au/,0,2,0,44.5
cake shops open,https://numnumsbakery.com.au/,0,2,0,13
cake shops open near me open now,https://numnumsbakery.com.au/,0,1,0,6
cake shops open now,https://numnumsbakery.com.au/,0,1,0,8
cake shops open now,https://numnumsbakery.com.au/blog/eggless-cake-bakery-harris-park-riverstone-sydney,0,1,0,9
cake shops parramatta,http://www.numnumsbakery.com.au/,0,1,0,20
cake shops parramatta,https://numnumsbakery.com.au/,0,8,0,18
cake shops parramatta westfield,https://numnumsbakery.com.au/,0,1,0,20
cake shops rouse hill,https://numnumsbakery.com.au/,0,1,0,10
cake shops sydney,https://numnumsbakery.com.au/,0,7,0,57.1
cake size,https://numnumsbakery.com.au/blog/number-cakes-sydney,0,1,0,25
cake size chart,https://numnumsbakery.com.au/blog/cake-serving-size-guide-sydney,0,1,0,8
cake size for 10 people,https://numnumsbakery.com.au/blog/cake-serving-size-guide-sydney,0,2,0,5.5
cake size for 12 people,https://numnumsbakery.com.au/blog/cake-serving-size-guide-sydney,0,1,0,7
cake size for 20,https://numnumsbakery.com.au/blog/cake-serving-size-guide-sydney,0,1,0,5
cake size for 6 people,https://numnumsbakery.com.au/blog/cake-serving-size-guide-sydney,0,1,0,4
cake size guide,https://numnumsbakery.com.au/blog/cake-serving-size-guide-sydney,0,2,0,9
cake sizes,https://numnumsbakery.com.au/blog/cake-serving-size-guide-sydney,0,1,0,7
cake sizes,https://numnumsbakery.com.au/blog/eggless-cake-size-guide-sydney,0,1,0,53
cake sizes and servings,https://numnumsbakery.com.au/blog/cake-serving-size-guide-sydney,0,2,0,7.5
cake sizes australia,https://numnumsbakery.com.au/blog/eggless-cake-size-guide-sydney,0,1,0,45
cake sizes round,https://numnumsbakery.com.au/blog/cake-serving-size-guide-sydney,0,4,0,6
cake sjop near me,https://numnumsbakery.com.au/,0,1,0,1
cake slice,https://numnumsbakery.com.au/,0,1,0,60
cake slice size,https://numnumsbakery.com.au/blog/cake-serving-size-guide-sydney,0,1,0,6
cake slice sizes,https://numnumsbakery.com.au/blog/cake-serving-size-guide-sydney,0,1,0,7
cake slices,https://numnumsbakery.com.au/,0,1,0,8
cake smash,https://numnumsbakery.com.au/blog/cake-smash-cakes-sydney,0,5,0,18.4
cake smash australia,https://numnumsbakery.com.au/blog/cake-smash-cakes-sydney,0,2,0,9.5
cake smash cakes,https://numnumsbakery.com.au/blog/cake-smash-cakes-sydney,0,1,0,11
cake smash cakes,https://numnumsbakery.com.au/blog/cake-smash-vs-first-birthday-cake-sydney,0,3,0,9
cake smash cakes,https://numnumsbakery.com.au/blog/first-birthday-cake-sydney,0,7,0,11.1
cake smash cakes sydney,https://numnumsbakery.com.au/blog/cake-smash-cakes-sydney,0,5,0,8.2
cake smash cakes sydney,https://numnumsbakery.com.au/blog/cake-smash-vs-first-birthday-cake-sydney,0,1,0,11
cake smash sydney,https://numnumsbakery.com.au/blog/cake-smash-cakes-sydney,0,1,0,19
cake smashing,http://www.numnumsbakery.com.au/,0,1,0,15
cake stall,https://numnumsbakery.com.au/blog/cake-school-fete-fundraiser-sydney,0,2,0,14
cake stand bakery,https://numnumsbakery.com.au/blog/photo-cake-sydney,0,1,0,8
cake store,https://numnumsbakery.com.au/,0,3,0,15
cake store near me,https://numnumsbakery.com.au/blog/eggless-cakes-riverstone,0,1,0,3
cake store near me,https://numnumsbakery.com.au/cakes,0,1,0,3
cake store open now,https://numnumsbakery.com.au/,0,1,0,8
cake store parramatta,https://numnumsbakery.com.au/,0,1,0,1
cake store sydney,https://numnumsbakery.com.au/,0,1,0,69
cake stores near me,http://www.numnumsbakery.com.au/,0,1,0,14
cake stores near me,https://numnumsbakery.com.au/cakes,0,1,0,1
cake stores sydney,https://numnumsbakery.com.au/,0,7,0,56
cake supplier near me,https://numnumsbakery.com.au/,0,1,0,84
cake supplier sydney,https://numnumsbakery.com.au/,0,5,0,83
cake suppliers sydney,https://numnumsbakery.com.au/,0,24,0,78.4
cake surry hills,https://numnumsbakery.com.au/,0,1,0,81
cake sydney,https://numnumsbakery.com.au/,0,21,0,68.3
cake tasting box sydney,https://numnumsbakery.com.au/blog/eggless-cake-tasting-sydney,0,1,0,19
cake that designer cakes,https://numnumsbakery.com.au/blog/luxury-cake-sydney,0,1,0,65
cake to buy near me,https://numnumsbakery.com.au/,0,1,0,9
cake to go price list 2026,https://numnumsbakery.com.au/blog/cake-price-guide-sydney,0,1,0,8
cake topper sydney,https://numnumsbakery.com.au/blog/cake-toppers-sydney,0,5,0,5.6
cake toppers sydney,https://numnumsbakery.com.au/blog/cake-toppers-sydney,0,37,0,8.6
cake trends 2026,https://numnumsbakery.com.au/blog/eggless-cake-trends-sydney-2026,0,1,0,6
cake vegetarian near me,https://numnumsbakery.com.au/blog/eggless-cake-for-vegetarians-sydney,0,1,0,9
cake vs tart,https://numnumsbakery.com.au/blog/eggless-cake-vs-tart-sydney,0,1,0,1
cake wholesale shop near me,https://numnumsbakery.com.au/blog/eggless-cake-wholesale-sydney,0,1,0,7
cake wholesale sydney,https://numnumsbakery.com.au/,0,1,0,71
cake wholesale sydney,https://numnumsbakery.com.au/blog/eggless-cake-wholesale-sydney,0,5,0,24.4
cake with a photo,https://numnumsbakery.com.au/blog/photo-cake-sydney,0,2,0,7
cake with a photo on it,https://numnumsbakery.com.au/blog/photo-cake-sydney,0,3,0,7
cake with a picture,https://numnumsbakery.com.au/blog/photo-cake-sydney,0,2,0,5.5
cake with a picture on it,https://numnumsbakery.com.au/blog/photo-cake-sydney,0,2,0,5
cake with custom image,https://numnumsbakery.com.au/blog/photo-cake-sydney,0,7,0,5.7
cake with custom image near me,https://numnumsbakery.com.au/blog/photo-cake-sydney,0,1,0,5
cake with custom photo,https://numnumsbakery.com.au/blog/photo-cake-sydney,0,3,0,4.7
cake with custom picture,https://numnumsbakery.com.au/blog/photo-cake-sydney,0,1,0,3
cake with custom writing,https://numnumsbakery.com.au/blog/photo-cake-sydney,0,1,0,9
cake with edible image near me,https://numnumsbakery.com.au/blog/photo-cake-sydney,0,1,0,9
cake with face,https://numnumsbakery.com.au/blog/photo-cake-sydney,0,3,0,6
cake with face on it,https://numnumsbakery.com.au/blog/photo-cake-sydney,0,9,0,6.2
cake with face on it near me,https://numnumsbakery.com.au/blog/photo-cake-sydney,0,1,0,8
cake with face printed on it,https://numnumsbakery.com.au/blog/photo-cake-sydney,0,4,0,7
cake with image,https://numnumsbakery.com.au/blog/photo-cake-sydney,0,5,0,9.4
cake with image on it,https://numnumsbakery.com.au/blog/photo-cake-sydney,0,2,0,6
cake with image on top,https://numnumsbakery.com.au/blog/photo-cake-sydney,0,5,0,9.8
cake with image printed on it,https://numnumsbakery.com.au/blog/photo-cake-sydney,0,2,0,4
cake with personalised photo,https://numnumsbakery.com.au/blog/photo-cake-sydney,0,2,0,7.5
cake with photo near me,https://numnumsbakery.com.au/blog/photo-cake-sydney,0,1,0,11
cake with photo on,https://numnumsbakery.com.au/blog/photo-cake-sydney,0,2,0,8
cake with photo on it,https://numnumsbakery.com.au/blog/photo-cake-sydney,0,5,0,7.6
cake with photo on it near me,https://numnumsbakery.com.au/blog/photo-cake-sydney,0,1,0,7
cake with photo on top,https://numnumsbakery.com.au/blog/photo-cake-sydney,0,80,0,8.8
cake with photo on top near me,https://numnumsbakery.com.au/blog/photo-cake-sydney,0,13,0,10.2
cake with photo print,https://numnumsbakery.com.au/blog/photo-cake-sydney,0,1,0,8
cake with photo printed,https://numnumsbakery.com.au/blog/photo-cake-sydney,0,2,0,7.5
cake with photo printed on it,https://numnumsbakery.com.au/blog/photo-cake-sydney,0,1,0,6
cake with photograph,https://numnumsbakery.com.au/blog/photo-cake-sydney,0,2,0,7.5
cake with photographs,https://numnumsbakery.com.au/blog/photo-cake-sydney,0,1,0,13
cake with photos,https://numnumsbakery.com.au/blog/photo-cake-sydney,0,7,0,9.1
cake with photos on it,https://numnumsbakery.com.au/blog/photo-cake-sydney,0,1,0,10
cake with photos on top,https://numnumsbakery.com.au/blog/photo-cake-sydney,0,1,0,9
cake with picture,https://numnumsbakery.com.au/blog/photo-cake-sydney,0,6,0,5.3
cake with picture on,https://numnumsbakery.com.au/blog/photo-cake-sydney,0,1,0,3
cake with picture on it,https://numnumsbakery.com.au/blog/photo-cake-sydney,0,2,0,8.5
cake with picture on it near me,https://numnumsbakery.com.au/blog/photo-cake-sydney,0,2,0,6.5
cake with picture on top,https://numnumsbakery.com.au/,0,1,0,4
cake with picture on top,https://numnumsbakery.com.au/blog/photo-cake-sydney,0,9,0,6.9
cake with picture on top near me,https://numnumsbakery.com.au/blog/photo-cake-sydney,0,1,0,9
cake with picture printed,https://numnumsbakery.com.au/blog/photo-cake-sydney,0,2,0,12
cake with picture printed on it,https://numnumsbakery.com.au/blog/photo-cake-sydney,0,4,0,4.2
cake with pictures on top,https://numnumsbakery.com.au/blog/photo-cake-sydney,0,3,0,5.7
cake with print,https://numnumsbakery.com.au/blog/photo-cake-sydney,0,1,0,4
cake with printed photo,https://numnumsbakery.com.au/blog/photo-cake-sydney,0,1,0,6
cake with printed picture near me,https://numnumsbakery.com.au/blog/photo-cake-sydney,0,7,0,9.4
cake with writing on top,https://numnumsbakery.com.au/blog/photo-cake-sydney,0,2,0,10.5
cake without egg near me,https://numnumsbakery.com.au/blog/eggless-cake-bakery-harris-park-riverstone-sydney,0,3,0,9
cake without eggs near me,https://numnumsbakery.com.au/,0,3,0,6.7
cake without eggs near me,https://numnumsbakery.com.au/blog/best-eggless-cake-shops-sydney-2026,0,2,0,4.5
cake without eggs near me,https://numnumsbakery.com.au/blog/eggless-cake-bakery-harris-park-riverstone-sydney,0,1,0,4
cake without eggs near me,https://numnumsbakery.com.au/blog/eggless-cake-for-vegetarians-sydney,0,1,0,4
cake without eggs near me,https://numnumsbakery.com.au/blog/eggless-cakes-dean-park,0,1,0,8
cake without eggs near me,https://numnumsbakery.com.au/blog/eggless-cakes-schofields,0,1,0,4
cake wynyard,https://numnumsbakery.com.au/,0,2,0,73
cake.,https://numnumsbakery.com.au/,0,1,0,8
cake.shop near me,https://numnumsbakery.com.au/,0,2,0,5
cakes,http://www.numnumsbakery.com.au/,0,4,0,8
cakes,https://numnumsbakery.com.au/,0,34,0,12.5
cakes artarmon,https://numnumsbakery.com.au/,0,2,0,47
cakes auburn,https://numnumsbakery.com.au/blog/eggless-cakes-auburn,0,1,0,9
cakes bankstown,https://numnumsbakery.com.au/,0,2,0,59.5
cakes barangaroo,https://numnumsbakery.com.au/,0,2,0,71
cakes best,https://numnumsbakery.com.au/blog/best-cake-sydney,0,1,0,16
cakes by jacob's mum,https://numnumsbakery.com.au/,0,5,0,61.6
cakes by jacob's mum,https://numnumsbakery.com.au/cakes,0,2,0,85.5
cakes campbelltown,https://numnumsbakery.com.au/,0,1,0,71
cakes carlingford,https://numnumsbakery.com.au/,0,1,0,42
cakes carlingford,https://numnumsbakery.com.au/blog/eggless-cakes-carlingford,0,1,0,10
cakes chadstone,https://numnumsbakery.com.au/,0,2,0,43
cakes chatswood,https://numnumsbakery.com.au/,0,1,0,76
cakes eastwood,https://numnumsbakery.com.au/blog/eggless-cakes-eastwood,0,1,0,15
cakes eggless,https://numnumsbakery.com.au/,0,1,0,2
cakes eggless,https://numnumsbakery.com.au/blog/best-eggless-cake-shops-sydney-2026,0,6,0,12.3
cakes eggless,https://numnumsbakery.com.au/blog/eggless-cake-for-vegetarians-sydney,0,1,0,17
cakes eggless,https://numnumsbakery.com.au/cakes,0,2,0,14
cakes eggless near me,https://numnumsbakery.com.au/blog/best-eggless-cake-shops-sydney-2026,0,1,0,7
cakes eggless near me,https://numnumsbakery.com.au/blog/eggless-cake-bakery-harris-park-riverstone-sydney,0,1,0,5
cakes epping,https://numnumsbakery.com.au/blog/eggless-cakes-epping,0,1,0,10
cakes erina,https://numnumsbakery.com.au/,0,1,0,57
cakes erina fair,https://numnumsbakery.com.au/,0,1,0,69
cakes for 1st birthday,https://numnumsbakery.com.au/blog/first-birthday-cake-sydney,0,1,0,10
cakes for 20 people,https://numnumsbakery.com.au/blog/corporate-cake-sydney.html,0,1,0,5
cakes for babys,https://numnumsbakery.com.au/blog/first-birthday-cake-sydney,0,1,0,7
cakes for elderly,https://numnumsbakery.com.au/blog/eggless-cake-for-seniors-sydney,0,13,0,9.2
cakes for kids sydney,https://numnumsbakery.com.au/,0,1,0,75
cakes for kids sydney,https://numnumsbakery.com.au/cakes,0,5,0,42.8
cakes for men sydney,https://numnumsbakery.com.au/blog/birthday-cake-for-men-sydney,0,7,0,6
cakes for sale near me,https://numnumsbakery.com.au/,0,1,0,16
cakes in parramatta,https://numnumsbakery.com.au/,0,7,0,15.9
cakes in sydney,https://numnumsbakery.com.au/,0,15,0,70.8
cakes in the city,https://numnumsbakery.com.au/blog/best-cake-sydney,0,1,0,13
cakes milton,https://numnumsbakery.com.au/,0,1,0,37
cakes mona vale,https://numnumsbakery.com.au/cakes,0,1,0,28
cakes mosman,https://numnumsbakery.com.au/,0,64,0,62.1
cakes near,https://numnumsbakery.com.au/,0,1,0,14
cakes near me,http://www.numnumsbakery.com.au/,0,19,0,10.5
cakes near me,https://numnumsbakery.com.au/blog/eggless-cake-bakery-harris-park-riverstone-sydney,0,1,0,1
cakes near me bakery,https://numnumsbakery.com.au/,0,1,0,8
cakes near me eggless,https://numnumsbakery.com.au/,0,1,0,7
cakes near me eggless,https://numnumsbakery.com.au/blog/eggless-cake-bakery-harris-park-riverstone-sydney,0,2,0,4.5
cakes near me eggless,https://numnumsbakery.com.au/blog/eggless-cakes-doonside,0,2,0,14.5
cakes near me eggless,https://numnumsbakery.com.au/blog/eggless-cakes-grantham-farm,0,1,0,12
cakes near me eggless,https://numnumsbakery.com.au/blog/eggless-cakes-quakers-hill,0,4,0,4
cakes near me eggless,https://numnumsbakery.com.au/cakes,0,1,0,13
cakes near me open now,https://numnumsbakery.com.au/,0,6,0,5.8
cakes near me within 400m,https://numnumsbakery.com.au/,0,1,0,5
cakes near parramatta,http://www.numnumsbakery.com.au/,0,1,0,16
cakes nearby,https://numnumsbakery.com.au/,0,2,0,8.5
cakes neutral bay,https://numnumsbakery.com.au/,0,1,0,54
cakes north lakes,https://numnumsbakery.com.au/,0,1,0,68
cakes north shore,https://numnumsbakery.com.au/,0,2,0,60.5
cakes north sydney,https://numnumsbakery.com.au/,0,8,0,44
cakes north sydney,https://numnumsbakery.com.au/cakes,0,1,0,83
cakes northmead,https://numnumsbakery.com.au/blog/eggless-cakes-northmead,0,1,0,7
cakes online delivery near me,https://numnumsbakery.com.au/,0,2,0,5.5
cakes open now,https://numnumsbakery.com.au/,0,1,0,7
cakes parramatta,http://www.numnumsbakery.com.au/,0,2,0,15
cakes parramatta westfield,https://numnumsbakery.com.au/,0,2,0,17.5
cakes photo,https://numnumsbakery.com.au/blog/photo-cake-sydney,0,1,0,6
cakes premium,https://numnumsbakery.com.au/,0,1,0,4
cakes rouse hill,https://numnumsbakery.com.au/blog/eggless-cake-bakery-harris-park-riverstone-sydney,0,1,0,51
cakes same day delivery,https://numnumsbakery.com.au/,0,1,0,6
cakes shop around me,https://numnumsbakery.com.au/,0,1,0,26
cakes shop near me,https://numnumsbakery.com.au/,0,7,0,9.1
cakes silverwater,https://numnumsbakery.com.au/,0,1,0,66
cakes silverwater,https://numnumsbakery.com.au/blog/eggless-cakes-silverwater,0,1,0,7
cakes sizes,https://numnumsbakery.com.au/blog/how-to-choose-cake-sydney,0,1,0,95
cakes sizes,https://numnumsbakery.com.au/blog/number-cakes-sydney,0,1,0,12
cakes store near me,https://numnumsbakery.com.au/,0,1,0,1
cakes surry hills,https://numnumsbakery.com.au/,0,1,0,83
cakes sydney australia,https://numnumsbakery.com.au/,0,9,0,67.2
cakes sydney west,https://numnumsbakery.com.au/blog/best-dessert-shop-sydney,0,39,0,8.6
cakes sydney west,https://numnumsbakery.com.au/blog/cake-shop-western-sydney,0,1,0,23
cakes sydney west,https://numnumsbakery.com.au/blog/eggless-cake-bakery-harris-park-riverstone-sydney,0,1,0,40
cakes tiramisu,https://numnumsbakery.com.au/,0,1,0,5
cakes to order near me,https://numnumsbakery.com.au/,0,1,0,5
cakes western sydney,https://numnumsbakery.com.au/blog/best-dessert-shop-sydney,0,19,0,9.1
cakes western sydney,https://numnumsbakery.com.au/blog/cake-shop-western-sydney,0,1,0,6
cakes wholesale sydney,https://numnumsbakery.com.au/,0,1,0,75
cakes williamstown,https://numnumsbakery.com.au/,0,3,0,47.3
cakes with a picture on it,https://numnumsbakery.com.au/blog/photo-cake-sydney,0,1,0,3
cakes with custom image,https://numnumsbakery.com.au/blog/photo-cake-sydney,0,1,0,9
cakes with custom pictures,https://numnumsbakery.com.au/blog/photo-cake-sydney,0,2,0,2
cakes with images on them,https://numnumsbakery.com.au/blog/photo-cake-sydney,0,2,0,8.5
cakes with less cream,https://numnumsbakery.com.au/,0,1,0,6
cakes with photo,https://numnumsbakery.com.au/blog/photo-cake-sydney,0,2,0,9
cakes with photo images on them,https://numnumsbakery.com.au/blog/photo-cake-sydney,0,9,0,8.1
cakes with photo on top,https://numnumsbakery.com.au/blog/photo-cake-sydney,0,2,0,9
cakes with photos,https://numnumsbakery.com.au/blog/photo-cake-sydney,0,4,0,8.8
cakes with photos on them,https://numnumsbakery.com.au/blog/photo-cake-sydney,0,7,0,7
cakes with photos printed on them,https://numnumsbakery.com.au/blog/photo-cake-sydney,0,2,0,8.5
cakes with pictures,https://numnumsbakery.com.au/blog/photo-cake-sydney,0,1,0,6
cakes with pictures on them,https://numnumsbakery.com.au/blog/photo-cake-sydney,0,3,0,8.7
cakes with pictures on top,https://numnumsbakery.com.au/blog/photo-cake-sydney,0,1,0,7
cakes with printed images,https://numnumsbakery.com.au/blog/photo-cake-sydney,0,1,0,10
cakes without eggs near me,https://numnumsbakery.com.au/blog/best-eggless-cake-shops-sydney-2026,0,1,0,12
cakes without eggs near me,https://numnumsbakery.com.au/blog/eggless-cakes-woodville,0,1,0,6
cakes.near me,https://numnumsbakery.com.au/,0,1,0,6
cakeshop,https://numnumsbakery.com.au/,0,2,0,32.5
cakesin,https://numnumsbakery.com.au/blog/photo-cake-sydney,0,2,0,10
cakesnear me,https://numnumsbakery.com.au/blog/eggless-cakes-newington,0,1,0,8
cale,https://numnumsbakery.com.au/,0,1,0,6
calories for cake,https://numnumsbakery.com.au/blog/eggless-cake-calories-guide-sydney,0,1,0,7
calories in a cake,https://numnumsbakery.com.au/blog/eggless-cake-calories-guide-sydney,0,2,0,8
calories in cake,https://numnumsbakery.com.au/blog/eggless-cake-calories-guide-sydney,0,4,0,8.5
calories in cakes,https://numnumsbakery.com.au/blog/eggless-cake-calories-guide-sydney,0,1,0,7
calories in small slice of cake,https://numnumsbakery.com.au/blog/eggless-cake-calories-guide-sydney,0,1,0,8
calories of cake,https://numnumsbakery.com.au/blog/eggless-cake-calories-guide-sydney,0,1,0,8
can vegetarians eat cake,https://numnumsbakery.com.au/blog/vegan-vs-eggless-cakes-difference,0,1,0,9
can vegetarians eat cake with eggs,https://numnumsbakery.com.au/blog/vegan-vs-eggless-cakes-difference,0,6,0,8
cannoli cake near me,https://numnumsbakery.com.au/cakes,0,1,0,1
cannoli cake sydney,https://numnumsbakery.com.au/,0,1,0,80
cannoli platter near me,https://numnumsbakery.com.au/,0,1,0,16
cannolis near me,https://numnumsbakery.com.au/cakes,0,1,0,1
car detailing newington,https://numnumsbakery.com.au/blog/eggless-cakes-newington,0,4,0,19
carlingford bakery,https://numnumsbakery.com.au/,0,1,0,74
carlingford cake shop,https://numnumsbakery.com.au/blog/eggless-cakes-carlingford,0,1,0,13
carrot cake birthday cake,https://numnumsbakery.com.au/,0,10,0,9.2
carrot cake near me,https://numnumsbakery.com.au/,0,5,0,11.6
carrot cake order,https://numnumsbakery.com.au/,0,1,0,10
castle hill deliver cake,https://numnumsbakery.com.au/blog/eggless-cakes-castle-hill,0,1,0,10
castle hill mango festival,https://numnumsbakery.com.au/blog/eggless-cakes-castle-hill,0,1,0,20
ceremonial cake cutting,https://numnumsbakery.com.au/blog/cake-cutting-ceremony-sydney,0,1,0,6
chadstone bakery,https://numnumsbakery.com.au/,0,4,0,53.2
chadstone cake,https://numnumsbakery.com.au/,0,1,0,54
chadstone cake shop,https://numnumsbakery.com.au/,0,6,0,54.7
chadstone cakes,https://numnumsbakery.com.au/,0,2,0,43
chadstone dessert,https://numnumsbakery.com.au/,0,1,0,63
chadstone desserts,https://numnumsbakery.com.au/,0,1,0,60
cham cham sweet near me,https://numnumsbakery.com.au/,0,1,0,5
cheap cake bakery,https://numnumsbakery.com.au/,0,1,0,82
cheap cake near me,https://numnumsbakery.com.au/,0,2,0,1
cheap cake shop,https://numnumsbakery.com.au/,0,2,0,18
cheap cake shops,https://numnumsbakery.com.au/,0,1,0,9
cheap cakes,https://numnumsbakery.com.au/,0,1,0,55
cheap cakes for birthdays near me,https://numnumsbakery.com.au/blog/birthday-cake-north-west-sydney,0,1,0,27
cheap cakes near me,https://numnumsbakery.com.au/,0,2,0,31
cheap cakes online delivery,https://numnumsbakery.com.au/blog/cake-order-online-sydney,0,2,0,75.5
cheap cakes sydney,https://numnumsbakery.com.au/,0,3,0,47.3
cheap eggless cake near me,http://www.numnumsbakery.com.au/,0,1,0,8
cheap eggless cake near me,https://numnumsbakery.com.au/,0,2,0,18.5
cheap eggless cake near me,https://numnumsbakery.com.au/blog/best-eggless-cake-shops-sydney-2026,0,2,0,9.5
cheap eggless cake near me,https://numnumsbakery.com.au/blog/eggless-cake-bakery-harris-park-riverstone-sydney,0,4,0,6
cheap eggless cake near me,https://numnumsbakery.com.au/blog/eggless-cake-for-vegetarians-sydney,0,1,0,78
cheap eggless cake near me,https://numnumsbakery.com.au/blog/eggless-cakes-winston-hills,0,1,0,9
cheap wedding cake,https://numnumsbakery.com.au/blog/wedding-cake-sydney-north-west,0,2,0,27.5
cheap wedding cake sydney,https://numnumsbakery.com.au/blog/wedding-cake-sydney-north-west,0,4,0,20.8
cheap wedding cakes,https://numnumsbakery.com.au/blog/wedding-cake-sydney-north-west,0,1,0,29
cheap wedding cakes online,https://numnumsbakery.com.au/blog/wedding-cake-sydney-north-west,0,1,0,14
cheese cake has egg,https://numnumsbakery.com.au/blog/eggless-cake-vs-cheesecake-sydney,0,2,0,8
cheese cake have egg,https://numnumsbakery.com.au/blog/eggless-cake-vs-cheesecake-sydney,0,2,0,7.5
cheese cake shop eggless cake,https://numnumsbakery.com.au/,0,1,0,4
cheesecake contains egg,https://numnumsbakery.com.au/blog/eggless-cake-vs-cheesecake-sydney,0,1,0,7
cheesecake contains egg or not,https://numnumsbakery.com.au/blog/eggless-cake-vs-cheesecake-sydney,0,2,0,7.5
cheesecake does it have eggs,https://numnumsbakery.com.au/blog/eggless-cake-vs-cheesecake-sydney,0,2,0,7.5
cheesecake eggless,https://numnumsbakery.com.au/,0,1,0,19
cheesecake eggless,https://numnumsbakery.com.au/blog/eggless-cakes-northwest-sydney,0,1,0,4
cheesecake eggless,https://numnumsbakery.com.au/blog/eggless-cakes-the-ponds,0,1,0,4
cheesecake eggless cake,https://numnumsbakery.com.au/blog/eggless-cake-vs-cheesecake-sydney,0,3,0,9
cheesecake has egg or not,https://numnumsbakery.com.au/blog/eggless-cake-vs-cheesecake-sydney,0,1,0,10
cheesecake near me,https://numnumsbakery.com.au/,0,8,0,11.2
cheesecake near me open now,https://numnumsbakery.com.au/,0,1,0,8
cheesecake near me within 800m,https://numnumsbakery.com.au/,0,1,0,7
cheesecake nearby,https://numnumsbakery.com.au/,0,1,0,15
cheesecake parramatta,https://numnumsbakery.com.au/,0,1,0,30
cheesecake shop near me,https://numnumsbakery.com.au/,0,2,0,21
chewy cookie near me,https://numnumsbakery.com.au/,0,3,0,1.7
chicken puff pastry,https://numnumsbakery.com.au/,0,2,0,12
chicken shop near me,https://numnumsbakery.com.au/,0,1,0,40
chiffon cakes,https://numnumsbakery.com.au/,0,1,0,4
chiffon vs sponge cake,https://numnumsbakery.com.au/blog/eggless-cake-vs-sponge-cake,0,1,0,24
chinese bakery sydney,https://numnumsbakery.com.au/,0,1,0,79
chinese cakes near me,https://numnumsbakery.com.au/,0,1,0,10
chocochip cupcake,https://numnumsbakery.com.au/,0,1,0,7
chocochip cupcake,https://numnumsbakery.com.au/cakes,0,1,0,7
chocolate birthday cake,https://numnumsbakery.com.au/,0,1,0,7
chocolate brownie near me,https://numnumsbakery.com.au/,0,3,0,5.7
chocolate cake,https://numnumsbakery.com.au/,0,12,0,12.6
chocolate cake delivered,https://numnumsbakery.com.au/,0,1,0,3
chocolate cake delivery,https://numnumsbakery.com.au/,0,1,0,31
chocolate cake near me,http://www.numnumsbakery.com.au/,0,1,0,4
chocolate cake near me,https://numnumsbakery.com.au/,0,11,0,6
chocolate cake shop near me,https://numnumsbakery.com.au/,0,1,0,49
chocolate cake slice near me,https://numnumsbakery.com.au/,0,1,0,9
chocolate cake sydney,https://numnumsbakery.com.au/,0,1,0,3
chocolate cakes sydney,https://numnumsbakery.com.au/,0,1,0,10
chocolate chip cookie cake,https://numnumsbakery.com.au/,0,1,0,3
chocolate croissant,https://numnumsbakery.com.au/,0,1,0,12
chocolate cupcakes,https://numnumsbakery.com.au/,0,1,0,6
chocolate flourless cake near me,https://numnumsbakery.com.au/,0,1,0,84
chocolate fudge cake,https://numnumsbakery.com.au/,0,1,0,10
chocolate hazelnut birthday cake,https://numnumsbakery.com.au/,0,1,0,16
chocolate mousse cake,https://numnumsbakery.com.au/,0,1,0,10
chocolate mousse cake near me,https://numnumsbakery.com.au/blog/best-dessert-shop-sydney,0,1,0,22
chocolate mud cake,https://numnumsbakery.com.au/,0,4,0,34.2
chocolate mud cake near me,https://numnumsbakery.com.au/,0,2,0,11.5
chocolate mud cake sydney,https://numnumsbakery.com.au/,0,1,0,4
chocolate pastry,https://numnumsbakery.com.au/,0,1,0,59
chocolate rice cakes,https://numnumsbakery.com.au/,0,1,0,8
chocolate smash cake,https://numnumsbakery.com.au/,0,1,0,8
chocolate sponge cake,https://numnumsbakery.com.au/,0,1,0,28
churma ladoo near me,https://numnumsbakery.com.au/indian-sweet,0,1,0,11
cinnabon cake,https://numnumsbakery.com.au/,0,1,0,8
cinnamon donuts,http://www.numnumsbakery.com.au/,0,1,0,9
cinnamon donuts near me,https://numnumsbakery.com.au/,0,1,0,3
cinnamon roll,https://numnumsbakery.com.au/,0,1,0,15
cinnamon roll near me,https://numnumsbakery.com.au/,0,4,0,11.5
cinnamon rolls,https://numnumsbakery.com.au/,0,4,0,9.8
cinnamon rolls near me,http://www.numnumsbakery.com.au/,0,1,0,3
cinnamon rolls near me,https://numnumsbakery.com.au/,0,7,0,8.6
cinnamon scroll near me,https://numnumsbakery.com.au/,0,1,0,4
cinnamon scrolls,https://numnumsbakery.com.au/,0,1,0,4
cinnamon scrolls near me,https://numnumsbakery.com.au/,0,5,0,10.2
city cake,https://numnumsbakery.com.au/blog/best-cake-sydney,0,2,0,9.5
clayton cake shop,https://numnumsbakery.com.au/,0,2,0,42
clemton park bakery,https://numnumsbakery.com.au/,0,3,0,24.7
clemton park cake shop,https://numnumsbakery.com.au/,0,4,0,33.5
clemton park cake shop menu,https://numnumsbakery.com.au/,0,1,0,33
closest bakery,https://numnumsbakery.com.au/blog/eggless-cakes-schofields,0,3,0,31
closest bakery to me,https://numnumsbakery.com.au/blog/eggless-cakes-schofields,0,2,0,49.5
closest cake shop,https://numnumsbakery.com.au/blog/best-eggless-cake-shops-sydney-2026,0,1,0,19
closest dessert,https://numnumsbakery.com.au/blog/best-dessert-shop-sydney,0,1,0,11
closest dessert near me,https://numnumsbakery.com.au/blog/best-dessert-shop-sydney,0,8,0,8
closest dessert place,https://numnumsbakery.com.au/blog/best-dessert-shop-sydney,0,2,0,13.5
closest dessert place near me,https://numnumsbakery.com.au/blog/best-dessert-shop-sydney,0,1,0,9
coconut cake,http://www.numnumsbakery.com.au/,0,1,0,15
coconut cream cake,https://numnumsbakery.com.au/,0,1,0,9
coconut lavender cake,https://numnumsbakery.com.au/,0,1,0,2
coffee birthday cake,http://www.numnumsbakery.com.au/,0,1,0,13
coffee cake,https://numnumsbakery.com.au/,0,1,0,8
coffee cake buy,https://numnumsbakery.com.au/,0,1,0,10
coffee near me,http://www.numnumsbakery.com.au/,0,1,0,5
coffee near me,https://numnumsbakery.com.au/cakes,0,1,0,1
coffee near me open now,https://numnumsbakery.com.au/,0,2,0,2.5
coffee riverstone,https://numnumsbakery.com.au/,0,1,0,7
coffee shop near me,https://numnumsbakery.com.au/,0,1,0,1
coffee shop near me,https://numnumsbakery.com.au/cakes,0,1,0,1
coles eggless cake,https://numnumsbakery.com.au/blog/best-eggless-cake-shops-sydney-2026,0,1,0,6
common cake sizes,https://numnumsbakery.com.au/blog/cake-serving-size-guide-sydney,0,1,0,9
communion cakes sydney,https://numnumsbakery.com.au/blog/eggless-cakes-first-communion-sydney,0,12,0,10.8
condensed milk cake,https://numnumsbakery.com.au/,0,1,0,8
constitution hill bakery,https://numnumsbakery.com.au/blog/eggless-cakes-constitution-hill,0,7,0,9.6
constitution hill bakery,https://numnumsbakery.com.au/blog/eggless-cakes-winston-hills,0,1,0,11
continental cakes near me,https://numnumsbakery.com.au/,0,4,0,6
convenience store parramatta,https://numnumsbakery.com.au/,0,1,0,57
cooked,https://numnumsbakery.com.au/blog/eggless-cake-storage-freshness-guide,0,1,0,3
cookie places near me,https://numnumsbakery.com.au/,0,1,0,2
cookie stores near me,https://numnumsbakery.com.au/,0,1,0,8
cookies,https://numnumsbakery.com.au/,0,1,0,5
cookies and cream cake,https://numnumsbakery.com.au/,0,1,0,9
cookies and cream cake near me,https://numnumsbakery.com.au/cakes,0,1,0,3
cookies and cream cakes near me,https://numnumsbakery.com.au/,0,1,0,1
cookies and cupcakes near me,https://numnumsbakery.com.au/,0,1,0,7
cookies and treats near me,https://numnumsbakery.com.au/,0,1,0,14
cookies from bakery,https://numnumsbakery.com.au/,0,1,0,7
cookies near me,http://www.numnumsbakery.com.au/,0,1,0,16
cookies parramatta,http://www.numnumsbakery.com.au/,0,1,0,20
cookies parramatta,https://numnumsbakery.com.au/,0,2,0,35
corporake cake sydney,https://numnumsbakery.com.au/blog/corporate-cake-sydney,0,1,0,12
corporate cake delivery sydney,https://numnumsbakery.com.au/blog/corporate-cake-sydney,0,3,0,17.7
cost of a cake,https://numnumsbakery.com.au/blog/cake-price-guide-sydney,0,1,0,6
cream buns,https://numnumsbakery.com.au/,0,1,0,6
cream buns near me,https://numnumsbakery.com.au/,0,2,0,19.5
cream cakes near me,https://numnumsbakery.com.au/,0,1,0,115
cream roll,https://numnumsbakery.com.au/,0,1,0,6
cream rolls,https://numnumsbakery.com.au/,0,1,0,10
create your own birthday cake,https://numnumsbakery.com.au/blog/how-to-design-birthday-cake-sydney,0,1,0,10
creme pan,https://numnumsbakery.com.au/,0,1,0,4
crepe cake near me,https://numnumsbakery.com.au/,0,1,0,1
crepe cake near me,https://numnumsbakery.com.au/blog/eggless-cake-bakery-harris-park-riverstone-sydney,0,1,0,1
crepe cake near me,https://numnumsbakery.com.au/cakes,0,1,0,1
crepe cake sydney,https://numnumsbakery.com.au/,0,3,0,69.7
crepe cakes sydney,https://numnumsbakery.com.au/,0,1,0,63
croissant bakery near me,https://numnumsbakery.com.au/,0,1,0,19
croissant bakery near me,https://numnumsbakery.com.au/cakes,0,1,0,19
croissant near me,http://www.numnumsbakery.com.au/,0,2,0,9
croissant near me,https://numnumsbakery.com.au/,0,2,0,7.5
croissants near me,https://numnumsbakery.com.au/cakes,0,1,0,1
cronut,http://www.numnumsbakery.com.au/,0,1,0,4
cronut,https://numnumsbakery.com.au/,0,2,0,15.5
cronut sydney,https://numnumsbakery.com.au/,0,1,0,28
cronuts,https://numnumsbakery.com.au/,0,2,0,9
cronuts near me,https://numnumsbakery.com.au/,0,2,0,5
crumb cakes,https://numnumsbakery.com.au/,0,1,0,1
crumb cakes,https://numnumsbakery.com.au/cakes,0,1,0,1
crunch cake,https://numnumsbakery.com.au/,0,1,0,10
crunch cake near me,https://numnumsbakery.com.au/,0,5,0,10.6
crunch cakes near me,https://numnumsbakery.com.au/,0,2,0,10
cultural traditions,https://numnumsbakery.com.au/blog/cake-cutting-ceremony-sydney,0,1,0,1
cup cake near me,https://numnumsbakery.com.au/,0,2,0,4
cup cake shop near me,https://numnumsbakery.com.au/,0,3,0,3
cup cake shop near me open now,https://numnumsbakery.com.au/,0,1,0,2
cup cakes,http://www.numnumsbakery.com.au/,0,1,0,3
cup cakes,https://numnumsbakery.com.au/,0,3,0,4.3
cup cakes near me,https://numnumsbakery.com.au/,0,1,0,1
cupcake,https://numnumsbakery.com.au/,0,7,0,4.3
cupcake central sydney,https://numnumsbakery.com.au/,0,2,0,10.5
cupcake chadstone,https://numnumsbakery.com.au/,0,11,0,60.8
cupcake chatswood,https://numnumsbakery.com.au/,0,1,0,61
cupcake near me,http://www.numnumsbakery.com.au/,0,1,0,8
cupcake near me,https://numnumsbakery.com.au/,0,9,0,11.8
cupcake near me,https://numnumsbakery.com.au/cakes,0,1,0,1
cupcake no,https://numnumsbakery.com.au/,0,1,0,3
cupcake noggins,https://numnumsbakery.com.au/,0,1,0,53
cupcake north sydney,https://numnumsbakery.com.au/blog/best-dessert-shop-sydney,0,4,0,21.8
cupcake north sydney,https://numnumsbakery.com.au/blog/eggless-cupcakes-sydney,0,1,0,21
cupcake number cakes,https://numnumsbakery.com.au/blog/number-cakes-sydney,0,1,0,14
cupcake order near me,https://numnumsbakery.com.au/,0,1,0,10
cupcake pyrmont,https://numnumsbakery.com.au/,0,1,0,50
cupcake shop,https://numnumsbakery.com.au/,0,1,0,12
cupcake shop near me,https://numnumsbakery.com.au/,0,4,0,3.5
cupcake shops,https://numnumsbakery.com.au/,0,2,0,9
cupcake shops near me,https://numnumsbakery.com.au/,0,2,0,8.5
cupcake store near me,https://numnumsbakery.com.au/,0,1,0,3
cupcake stores,https://numnumsbakery.com.au/,0,1,0,36
cupcakes,http://www.numnumsbakery.com.au/,0,1,0,1
cupcakes around me,https://numnumsbakery.com.au/,0,2,0,8
cupcakes cute,https://numnumsbakery.com.au/,0,1,0,5
cupcakes delivery,https://numnumsbakery.com.au/,0,1,0,17
cupcakes drummoyne,https://numnumsbakery.com.au/,0,1,0,52
cupcakes marrickville,https://numnumsbakery.com.au/,0,2,0,65.5
cupcakes near me,http://www.numnumsbakery.com.au/,0,3,0,2
cupcakes near me,https://numnumsbakery.com.au/cakes,0,2,0,3
cupcakes north sydney,https://numnumsbakery.com.au/,0,6,0,52.5
cupcakes north sydney,https://numnumsbakery.com.au/blog/best-dessert-shop-sydney,0,7,0,24.3
cupcakes north sydney,https://numnumsbakery.com.au/blog/eggless-cupcakes-sydney,0,1,0,25
cupcakes parramatta,http://www.numnumsbakery.com.au/,0,2,0,7
cupcakes parramatta westfield,https://numnumsbakery.com.au/,0,1,0,1
cupcakes place near me,https://numnumsbakery.com.au/,0,1,0,1
cupcakes shop near me,https://numnumsbakery.com.au/,0,2,0,14.5
custard pudding near me,https://numnumsbakery.com.au/,0,1,0,24
custom bakery near me,https://numnumsbakery.com.au/,0,1,0,14
custom birthday cake prices,https://numnumsbakery.com.au/blog/cake-price-guide-sydney,0,1,0,1
custom birthday cake with picture,https://numnumsbakery.com.au/blog/photo-cake-sydney,0,1,0,4
custom cake cheesecake shop,https://numnumsbakery.com.au/blog/photo-cake-sydney,0,1,0,3
custom cake consultation,https://numnumsbakery.com.au/blog/cake-consultation-sydney,0,10,0,2.3
custom cake consultation,https://numnumsbakery.com.au/blog/custom-cake-sydney,0,14,0,68.5
custom cake consultations,https://numnumsbakery.com.au/blog/cake-consultation-sydney,0,31,0,1.9
custom cake image,https://numnumsbakery.com.au/blog/photo-cake-sydney,0,2,0,21.5
custom cake near me,http://www.numnumsbakery.com.au/,0,1,0,34
custom cake order,https://numnumsbakery.com.au/,0,1,0,16
custom cake photo,https://numnumsbakery.com.au/blog/photo-cake-sydney,0,12,0,6.2
custom cake photo printing,https://numnumsbakery.com.au/blog/photo-cake-sydney,0,2,0,5
custom cake picture,https://numnumsbakery.com.au/blog/photo-cake-sydney,0,3,0,5.3
custom cake picture printing,https://numnumsbakery.com.au/blog/photo-cake-sydney,0,1,0,3
custom cake pictures,https://numnumsbakery.com.au/blog/photo-cake-sydney,0,1,0,6
custom cake print,https://numnumsbakery.com.au/blog/photo-cake-sydney,0,3,0,6
custom cake printed image,https://numnumsbakery.com.au/blog/photo-cake-sydney,0,1,0,9
custom cake printing,https://numnumsbakery.com.au/blog/photo-cake-sydney,0,3,0,7.3
custom cake printing near me,https://numnumsbakery.com.au/blog/photo-cake-sydney,0,1,0,7
custom cake toppers in sydney,https://numnumsbakery.com.au/blog/cake-toppers-sydney,0,12,0,12.9
custom cake with edible image,https://numnumsbakery.com.au/blog/photo-cake-sydney,0,1,0,6
custom cake with face on it,https://numnumsbakery.com.au/blog/photo-cake-sydney,0,1,0,4
custom cake with image,https://numnumsbakery.com.au/blog/photo-cake-sydney,0,1,0,4
custom cake with photo near me,https://numnumsbakery.com.au/blog/photo-cake-sydney,0,2,0,2
custom cake with picture,https://numnumsbakery.com.au/blog/photo-cake-sydney,0,2,0,10.5
custom cake writing,https://numnumsbakery.com.au/blog/cake-message-ideas-sydney,0,2,0,9
custom cakes near me,https://numnumsbakery.com.au/,0,5,0,20.8
custom cakes photo,https://numnumsbakery.com.au/blog/photo-cake-sydney,0,1,0,6
custom cakes sydney,https://numnumsbakery.com.au/,0,1,0,38
custom cakes sydney,https://numnumsbakery.com.au/blog/photo-cake-sydney,0,1,0,7
custom cakes western sydney,https://numnumsbakery.com.au/blog/best-dessert-shop-sydney,0,1,0,27
custom cakes western sydney,https://numnumsbakery.com.au/blog/cake-shop-western-sydney,0,1,0,30
custom cakes with photo,https://numnumsbakery.com.au/blog/photo-cake-sydney,0,2,0,6
custom cakes with pictures,https://numnumsbakery.com.au/blog/photo-cake-sydney,0,1,0,4
custom cupcakes near me,https://numnumsbakery.com.au/,0,2,0,7
custom edible images for cakes near me,https://numnumsbakery.com.au/blog/photo-cake-sydney,0,1,0,8
custom edible photo cake,https://numnumsbakery.com.au/blog/photo-cake-sydney,0,1,0,6
custom eggless cakes,https://numnumsbakery.com.au/blog/best-eggless-cake-shops-sydney-2026,0,3,0,5
custom eggless cakes,https://numnumsbakery.com.au/cakes,0,1,0,12
custom eggless cakes near me,https://numnumsbakery.com.au/blog/best-eggless-cake-shops-sydney-2026,0,3,0,6.7
custom eggless cakes near me,https://numnumsbakery.com.au/blog/eggless-cake-bakery-harris-park-riverstone-sydney,0,2,0,3
custom eggless cakes near me,https://numnumsbakery.com.au/blog/eggless-cakes-constitution-hill,0,1,0,5
custom eggless cakes near me,https://numnumsbakery.com.au/blog/eggless-cakes-dean-park,0,1,0,10
custom face cake,https://numnumsbakery.com.au/blog/photo-cake-sydney,0,2,0,6
custom image cake,https://numnumsbakery.com.au/blog/photo-cake-sydney,0,38,0,5.2
custom image cake near me,https://numnumsbakery.com.au/blog/photo-cake-sydney,0,1,0,5
custom image cakes,https://numnumsbakery.com.au/blog/photo-cake-sydney,0,5,0,6.2
custom image cakes near me,https://numnumsbakery.com.au/blog/photo-cake-sydney,0,1,0,7
custom image on cake,https://numnumsbakery.com.au/blog/photo-cake-sydney,0,2,0,7
custom kids cake,https://numnumsbakery.com.au/cakes,0,1,0,30
custom made cake,https://numnumsbakery.com.au/,0,1,0,63
custom made wedding harris park,https://numnumsbakery.com.au/,0,1,0,17
custom photo birthday cake,https://numnumsbakery.com.au/blog/photo-cake-sydney,0,4,0,5.5
custom photo cakes,https://numnumsbakery.com.au/blog/photo-cake-sydney,0,3,0,5
custom photo cakes near me,https://numnumsbakery.com.au/blog/photo-cake-sydney,0,1,0,6
custom photo cale,https://numnumsbakery.com.au/blog/photo-cake-sydney,0,1,0,8
custom picture birthday cake,https://numnumsbakery.com.au/blog/photo-cake-sydney,0,1,0,5
custom picture cake,https://numnumsbakery.com.au/blog/photo-cake-sydney,0,9,0,6.2
custom picture cakes,https://numnumsbakery.com.au/blog/photo-cake-sydney,0,3,0,6.7
custom picture on cake,https://numnumsbakery.com.au/blog/photo-cake-sydney,0,1,0,8
custom print cake near me,https://numnumsbakery.com.au/blog/photo-cake-sydney,0,1,0,6
custom printed cakes near me,https://numnumsbakery.com.au/blog/photo-cake-sydney,0,2,0,5
custom sheet cake,https://numnumsbakery.com.au/blog/photo-cake-sydney,0,1,0,7
custom sheet cakes,https://numnumsbakery.com.au/blog/photo-cake-sydney,0,1,0,5
custom.photo cake,https://numnumsbakery.com.au/blog/photo-cake-sydney,0,1,0,5
customise photo cake,https://numnumsbakery.com.au/blog/photo-cake-sydney,0,1,0,7
customised cake near me,https://numnumsbakery.com.au/,0,1,0,3
customised cakes near me,https://numnumsbakery.com.au/,0,2,0,10
customize cake for boys,https://numnumsbakery.com.au/,0,1,0,2
customize cake near me,https://numnumsbakery.com.au/,0,1,0,4
cute cake near me,https://numnumsbakery.com.au/,0,1,0,37
daily num num,https://numnumsbakery.com.au/,0,1,0,8
dairy free bakery near me,https://numnumsbakery.com.au/,0,1,0,80
dairy free cake,http://www.numnumsbakery.com.au/,0,1,0,18
dairy free cake,https://numnumsbakery.com.au/,0,3,0,12.7
dairy free cake delivery sydney,https://numnumsbakery.com.au/,0,24,0,66.5
dairy free cake delivery sydney,https://numnumsbakery.com.au/blog/best-eggless-cake-shops-sydney-2026,0,48,0,25.3
dairy free cake delivery sydney,https://numnumsbakery.com.au/cakes,0,19,0,75.6
dairy free cake near me,https://numnumsbakery.com.au/,0,1,0,13
dairy free cake near me,https://numnumsbakery.com.au/blog/best-eggless-cake-shops-sydney-2026,0,1,0,21
dairy free cake sydney,https://numnumsbakery.com.au/blog/best-eggless-cake-shops-sydney-2026,0,21,0,17.3
dairy free cake sydney,https://numnumsbakery.com.au/cakes,0,3,0,70
dairy free cakes castle hill,https://numnumsbakery.com.au/,0,2,0,80
dairy free cakes cherrybrook,https://numnumsbakery.com.au/,0,3,0,87
dairy free cakes cherrybrook,https://numnumsbakery.com.au/blog/eggless-cakes-cherrybrook,0,2,0,7.5
dairy free cakes delivered sydney,https://numnumsbakery.com.au/,0,64,0,61.8
dairy free cakes delivered sydney,https://numnumsbakery.com.au/blog/best-eggless-cake-shops-sydney-2026,0,65,0,24.9
dairy free cakes delivery sydney,https://numnumsbakery.com.au/,0,5,0,64.8
dairy free cakes delivery sydney,https://numnumsbakery.com.au/blog/best-eggless-cake-shops-sydney-2026,0,51,0,24.7
dairy free cakes mount druitt,https://numnumsbakery.com.au/blog/eggless-cakes-mount-druitt,0,1,0,6
dairy free cakes mount druitt,https://numnumsbakery.com.au/blog/eggless-cakes-shalvey,0,2,0,18
dairy free cakes near me,https://numnumsbakery.com.au/,0,2,0,70
dairy free cakes parramatta,https://numnumsbakery.com.au/blog/eggless-cake-bakery-harris-park-riverstone-sydney,0,1,0,41
dairy free cakes sydney,https://numnumsbakery.com.au/,0,6,0,65.8
dairy free cakes sydney,https://numnumsbakery.com.au/blog/best-eggless-cake-shops-sydney-2026,0,122,0,17.7
dairy free cakes sydney,https://numnumsbakery.com.au/cakes,0,4,0,65.8
dairy free cupcakes,https://numnumsbakery.com.au/,0,1,0,17
dairy free cupcakes near me,https://numnumsbakery.com.au/,0,2,0,69.5
dairy free cupcakes near me,https://numnumsbakery.com.au/blog/eggless-cake-bakery-harris-park-riverstone-sydney,0,11,0,44.9
danish pastry near me,https://numnumsbakery.com.au/,0,3,0,17.3
dar khane din 2026,https://numnumsbakery.com.au/blog/teej-sydney,0,11,0,8.3
dark chocolate cake,https://numnumsbakery.com.au/,0,1,0,25
dark chocolate sponge cake,https://numnumsbakery.com.au/,0,1,0,8
dean park postcode,https://numnumsbakery.com.au/blog/eggless-cakes-dean-park,0,1,0,9
dean park shopping centre,https://numnumsbakery.com.au/blog/eggless-cakes-dean-park,0,3,0,10.7
decorate your own birthday cake,https://numnumsbakery.com.au/blog/how-to-design-birthday-cake-sydney,0,1,0,9
deliver cake liverpool,https://numnumsbakery.com.au/,0,6,0,69.3
desert near me,https://numnumsbakery.com.au/,0,3,0,12
desert near me,https://numnumsbakery.com.au/blog/best-dessert-shop-sydney,0,1,0,9
desert places near me,https://numnumsbakery.com.au/blog/best-dessert-shop-sydney,0,1,0,11
desert shop,https://numnumsbakery.com.au/blog/best-dessert-shop-sydney,0,1,0,11
desert shop.near me,https://numnumsbakery.com.au/blog/best-dessert-shop-sydney,0,1,0,9
desert shops,https://numnumsbakery.com.au/blog/best-dessert-shop-sydney,0,1,0,11
desert shops near me,https://numnumsbakery.com.au/blog/best-dessert-shop-sydney,0,6,0,8
desert stores near me,https://numnumsbakery.com.au/blog/best-dessert-shop-sydney,0,5,0,8.4
deserts near me,https://numnumsbakery.com.au/,0,2,0,15.5
deserts near me,https://numnumsbakery.com.au/cakes,0,1,0,24
deserts shop near me,https://numnumsbakery.com.au/blog/best-dessert-shop-sydney,0,3,0,7.7
desi bakery near me,https://numnumsbakery.com.au/,0,1,0,7
desi bakery near me,https://numnumsbakery.com.au/indian-sweet,0,1,0,4
design cakes near me,https://numnumsbakery.com.au/,0,1,0,9
design your birthday cake,https://numnumsbakery.com.au/blog/how-to-design-birthday-cake-sydney,0,1,0,6
desrt shop,https://numnumsbakery.com.au/blog/best-dessert-shop-sydney,0,1,0,8
dessert,https://numnumsbakery.com.au/,0,5,0,28.2
dessert around me,http://www.numnumsbakery.com.au/,0,1,0,5
dessert around me,https://numnumsbakery.com.au/,0,3,0,15.7
dessert bakery,https://numnumsbakery.com.au/blog/best-dessert-shop-sydney,0,3,0,10
dessert bexley,https://numnumsbakery.com.au/,0,1,0,78
dessert cafe near me,https://numnumsbakery.com.au/,0,2,0,16.5
dessert cake near me,https://numnumsbakery.com.au/blog/best-dessert-shop-sydney,0,3,0,10.7
dessert chadstone,https://numnumsbakery.com.au/,0,3,0,59.7
dessert chadstone shopping centre,https://numnumsbakery.com.au/,0,2,0,49.5
dessert for birthday party,https://numnumsbakery.com.au/,0,1,0,53
dessert in parramatta,http://www.numnumsbakery.com.au/,0,2,0,24.5
dessert in parramatta,https://numnumsbakery.com.au/,0,5,0,30.8
dessert in the area,https://numnumsbakery.com.au/blog/best-dessert-shop-sydney,0,1,0,8
dessert inner west,https://numnumsbakery.com.au/blog/best-dessert-shop-sydney,0,1,0,14
dessert marsden,https://numnumsbakery.com.au/blog/best-dessert-shop-sydney,0,7,0,9
dessert marsden park,https://numnumsbakery.com.au/blog/best-dessert-shop-sydney,0,24,0,8.7
dessert near,https://numnumsbakery.com.au/,0,1,0,8
dessert near .me,https://numnumsbakery.com.au/,0,1,0,10
dessert near by,https://numnumsbakery.com.au/,0,1,0,13
dessert near m,https://numnumsbakery.com.au/,0,1,0,12
dessert near me,http://www.numnumsbakery.com.au/,0,31,0,16.7
dessert near me,https://numnumsbakery.com.au/,0,292,0,17.7
dessert near me,https://numnumsbakery.com.au/blog/best-dessert-shop-sydney,0,1,0,6
dessert near me,https://numnumsbakery.com.au/cakes,0,3,0,6.7
dessert near me open now,https://numnumsbakery.com.au/,0,7,0,10.4
dessert near me within 800m,https://numnumsbakery.com.au/,0,2,0,7.5
dessert near me.,https://numnumsbakery.com.au/,0,3,0,8.7
dessert near ne,https://numnumsbakery.com.au/,0,1,0,18
dessert near parramatta,https://numnumsbakery.com.au/,0,4,0,30
dessert near.me,https://numnumsbakery.com.au/,0,1,0,17
dessert nearby,https://numnumsbakery.com.au/,0,1,0,11
dessert north sydney,https://numnumsbakery.com.au/,0,3,0,71.7
dessert north sydney,https://numnumsbakery.com.au/blog/best-dessert-shop-sydney,0,5,0,15.2
dessert only,https://numnumsbakery.com.au/blog/best-dessert-shop-sydney,0,3,0,10.7
dessert open now,https://numnumsbakery.com.au/,0,1,0,10
dessert pastries,https://numnumsbakery.com.au/,0,1,0,15
dessert pastries near me,https://numnumsbakery.com.au/,0,1,0,56
dessert pick up,https://numnumsbakery.com.au/blog/best-dessert-shop-sydney,0,1,0,11
dessert pick up near me,https://numnumsbakery.com.au/blog/best-dessert-shop-sydney,0,2,0,11
dessert place near me,http://www.numnumsbakery.com.au/,0,1,0,23
dessert place near me,https://numnumsbakery.com.au/,0,4,0,29.2
dessert places near me,http://www.numnumsbakery.com.au/,0,3,0,11
dessert places near me,https://numnumsbakery.com.au/,0,16,0,16.4
dessert places near me,https://numnumsbakery.com.au/blog/best-dessert-shop-sydney,0,1,0,10
dessert places western sydney,https://numnumsbakery.com.au/blog/best-dessert-shop-sydney,0,38,0,8.8
dessert shooters near me,https://numnumsbakery.com.au/blog/best-dessert-shop-sydney,0,1,0,11
dessert shop,https://numnumsbakery.com.au/blog/best-dessert-shop-sydney,0,28,0,9.8
dessert shop near m,https://numnumsbakery.com.au/blog/best-dessert-shop-sydney,0,1,0,10
dessert shop near me,http://www.numnumsbakery.com.au/,0,1,0,19
dessert shop near me,https://numnumsbakery.com.au/,0,3,0,15.3
dessert shop near me,https://numnumsbakery.com.au/blog/best-dessert-shop-sydney,0,6,0,9.5
dessert shop parramatta,https://numnumsbakery.com.au/blog/best-dessert-shop-sydney,0,2,0,11
dessert shop sydney,https://numnumsbakery.com.au/blog/best-dessert-shop-sydney,0,16,0,10.4
dessert shop.near me,https://numnumsbakery.com.au/blog/best-dessert-shop-sydney,0,2,0,8.5
dessert shops,https://numnumsbakery.com.au/blog/best-dessert-shop-sydney,0,2,0,8
dessert shops around me,https://numnumsbakery.com.au/blog/best-dessert-shop-sydney,0,2,0,11.5
dessert shops near me,http://www.numnumsbakery.com.au/,0,1,0,38
dessert shops near me,https://numnumsbakery.com.au/,0,2,0,14.5
dessert shops near me,https://numnumsbakery.com.au/blog/best-dessert-shop-sydney,0,48,0,9.2
dessert shops near me open now,https://numnumsbakery.com.au/blog/best-dessert-shop-sydney,0,1,0,6
dessert shops near me.,https://numnumsbakery.com.au/blog/best-dessert-shop-sydney,0,1,0,9
dessert shops nesr me,https://numnumsbakery.com.au/blog/best-dessert-shop-sydney,0,1,0,9
dessert shops sydney,https://numnumsbakery.com.au/blog/best-dessert-shop-sydney,0,5,0,12.6
dessert store near me,https://numnumsbakery.com.au/blog/best-dessert-shop-sydney,0,2,0,9.5
dessert stores,https://numnumsbakery.com.au/blog/best-dessert-shop-sydney,0,2,0,11.5
dessert stores near me,https://numnumsbakery.com.au/blog/best-dessert-shop-sydney,0,12,0,8.9
dessert western suburbs,https://numnumsbakery.com.au/blog/best-dessert-shop-sydney,0,1,0,6
dessert within 400m,https://numnumsbakery.com.au/,0,1,0,4
dessert+whatsapp,https://numnumsbakery.com.au/blog/best-dessert-shop-sydney,0,1,0,1
dessert.near me,https://numnumsbakery.com.au/,0,1,0,9
desserts,http://www.numnumsbakery.com.au/,0,1,0,4
desserts,https://numnumsbakery.com.au/,0,3,0,9.3
desserts bakery,https://numnumsbakery.com.au/blog/best-dessert-shop-sydney,0,1,0,6
desserts bear me,http://www.numnumsbakery.com.au/,0,1,0,12
desserts chadstone,https://numnumsbakery.com.au/,0,1,0,54
desserts delivery near me,https://numnumsbakery.com.au/,0,1,0,17
desserts in the area,https://numnumsbakery.com.au/blog/best-dessert-shop-sydney,0,3,0,10.7
desserts near me,http://www.numnumsbakery.com.au/,0,6,0,16.7
desserts near me,https://numnumsbakery.com.au/,0,56,0,17.6
desserts near me,https://numnumsbakery.com.au/blog/best-dessert-shop-sydney,0,2,0,5
desserts near me within 800m,https://numnumsbakery.com.au/,0,1,0,10
desserts near.me,https://numnumsbakery.com.au/,0,1,0,65
desserts only,https://numnumsbakery.com.au/blog/best-dessert-shop-sydney,0,2,0,11.5
desserts open near me,https://numnumsbakery.com.au/,0,2,0,14
desserts shop near me,https://numnumsbakery.com.au/,0,2,0,13
desserts shop near me,https://numnumsbakery.com.au/blog/best-dessert-shop-sydney,0,6,0,8.8
desserts shop near me open now,https://numnumsbakery.com.au/blog/best-dessert-shop-sydney,0,2,0,7
desserts shop open near me,https://numnumsbakery.com.au/blog/best-dessert-shop-sydney,0,1,0,10
desserts shops near me,https://numnumsbakery.com.au/blog/best-dessert-shop-sydney,0,2,0,9.5
desserts store near me,https://numnumsbakery.com.au/blog/best-dessert-shop-sydney,0,2,0,9.5
desserts sydney,https://numnumsbakery.com.au/,0,1,0,30
desserts to order,https://numnumsbakery.com.au/blog/best-dessert-shop-sydney,0,1,0,10
desserts to order near me,https://numnumsbakery.com.au/blog/best-dessert-shop-sydney,0,2,0,9.5
desserts western sydney,https://numnumsbakery.com.au/blog/best-dessert-shop-sydney,0,16,0,8.1
dessertshop,https://numnumsbakery.com.au/blog/best-dessert-shop-sydney,0,1,0,11
devom eggless cakes,https://numnumsbakery.com.au/,0,3,0,68.7
devom eggless cakes,https://numnumsbakery.com.au/blog,0,3,0,53.7
devom eggless cakes,https://numnumsbakery.com.au/blog/best-eggless-cake-shops-sydney-2026,0,2,0,56
devom eggless cakes,https://numnumsbakery.com.au/blog/eggless-cake-bakery-harris-park-riverstone-sydney,0,3,0,28.7
devom eggless cakes,https://numnumsbakery.com.au/blog/eggless-cake-for-vegetarians-sydney,0,1,0,71
devom eggless cakes,https://numnumsbakery.com.au/blog/eggless-cakes-dean-park,0,2,0,11.5
devom eggless cakes,https://numnumsbakery.com.au/blog/eggless-cakes-mays-hill,0,2,0,80
devom eggless cakes,https://numnumsbakery.com.au/blog/eggless-cakes-riverstone,0,1,0,11
devom eggless cakes,https://numnumsbakery.com.au/blog/eggless-cakes-schofields,0,2,0,10.5
devom eggless cakes,https://numnumsbakery.com.au/cakes,0,4,0,73.8
devom eggless cakes,https://numnumsbakery.com.au/order,0,1,0,98
dhoda barfi near me,https://numnumsbakery.com.au/indian-sweet,0,1,0,11
diabetic cakes near me,https://numnumsbakery.com.au/blog/best-dessert-shop-sydney,0,1,0,21
difference between cake and tart,https://numnumsbakery.com.au/blog/eggless-cake-vs-tart-sydney,0,1,0,11
difference between egg and eggless cake,https://numnumsbakery.com.au/blog/eggless-cakes-soft-moist-myths-vs-facts,0,1,0,1
difference between mud cake and sponge cake,https://numnumsbakery.com.au/blog/eggless-cake-vs-mud-cake,0,2,0,7.5
different cakes,https://numnumsbakery.com.au/,0,2,0,26.5
dinosaur cake near me,https://numnumsbakery.com.au/,0,1,0,7
dinosaur cakes near me,https://numnumsbakery.com.au/cakes,0,1,0,38
do all cakes have eggs,https://numnumsbakery.com.au/blog/eggless-cake-ingredients-sydney,0,4,0,8.2
do all cakes have eggs,https://numnumsbakery.com.au/blog/eggless-cake-vs-cheesecake-sydney,0,1,0,6
do any supermarkets do photo cakes?,https://numnumsbakery.com.au/blog/photo-cake-sydney,0,1,0,1
do cheesecake have eggs,https://numnumsbakery.com.au/blog/eggless-cake-vs-cheesecake-sydney,0,1,0,11
do cheesecakes have eggs,https://numnumsbakery.com.au/blog/eggless-cake-vs-cheesecake-sydney,0,2,0,8.5
do eggless cakes taste different,https://numnumsbakery.com.au/blog/eggless-cake-reviews-sydney,0,5,0,5.2
do eggless cakes taste different,https://numnumsbakery.com.au/blog/eggless-cake-texture-moist,0,7,0,6
do eggless cakes taste different,https://numnumsbakery.com.au/blog/vegan-vs-eggless-cakes-difference,0,3,0,6.3
do vegan cakes have eggs,https://numnumsbakery.com.au/blog/vegan-vs-eggless-cakes-difference,0,2,0,6
doda barfi near me,https://numnumsbakery.com.au/indian-sweet,0,4,0,11
does baked cheesecake have eggs,https://numnumsbakery.com.au/blog/eggless-cake-vs-cheesecake-sydney,0,1,0,6
does cake contain egg,https://numnumsbakery.com.au/blog/eggless-cake-ingredients-sydney,0,4,0,11
does cake have calories,https://numnumsbakery.com.au/blog/eggless-cake-calories-guide-sydney,0,1,0,10
does cheese cake contain egg,https://numnumsbakery.com.au/blog/eggless-cake-vs-cheesecake-sydney,0,1,0,5
does cheese cake contains egg,https://numnumsbakery.com.au/blog/eggless-cake-vs-cheesecake-sydney,0,10,0,7.6
does cheese cake have egg,https://numnumsbakery.com.au/blog/eggless-cake-vs-cheesecake-sydney,0,3,0,10.7
does cheese cake have eggs,https://numnumsbakery.com.au/blog/eggless-cake-vs-cheesecake-sydney,0,2,0,7.5
does cheesecake contain egg,https://numnumsbakery.com.au/blog/eggless-cake-vs-cheesecake-sydney,0,5,0,4.2
does cheesecake contain eggs,https://numnumsbakery.com.au/blog/eggless-cake-vs-cheesecake-sydney,0,9,0,8.6
does cheesecake has egg,https://numnumsbakery.com.au/blog/eggless-cake-vs-cheesecake-sydney,0,5,0,10.6
does cheesecake have egg,https://numnumsbakery.com.au/blog/eggless-cake-vs-cheesecake-sydney,0,27,0,8.1
does cheesecake have egg in it,https://numnumsbakery.com.au/blog/eggless-cake-vs-cheesecake-sydney,0,5,0,9.4
does cheesecake have eggs,https://numnumsbakery.com.au/blog/eggless-cake-vs-cheesecake-sydney,0,26,0,8.3
does cheesecake have eggs in it,https://numnumsbakery.com.au/blog/eggless-cake-vs-cheesecake-sydney,0,1,0,8
does cheesecake have eggs in them,https://numnumsbakery.com.au/blog/eggless-cake-vs-cheesecake-sydney,0,2,0,3.5
does cool cake contain egg,https://numnumsbakery.com.au/blog/eggless-cake-ingredients-sydney,0,1,0,8
does eggless cake contains egg,https://numnumsbakery.com.au/blog/eggless-cake-ingredients-sydney,0,3,0,7
does eggless cake contains egg,https://numnumsbakery.com.au/blog/eggless-cake-troubleshooting,0,1,0,8
does eggless cake contains egg,https://numnumsbakery.com.au/blog/vegan-vs-eggless-cakes-difference,0,1,0,3
does eggless cake taste different,https://numnumsbakery.com.au/blog/eggless-cake-reviews-sydney,0,5,0,4.8
does eggless cake taste different,https://numnumsbakery.com.au/blog/eggless-cake-texture-moist,0,3,0,8.7
does eggless cake taste different,https://numnumsbakery.com.au/blog/eggless-cake-vs-mud-cake,0,2,0,5.5
does eggless cake taste different,https://numnumsbakery.com.au/blog/vegan-vs-eggless-cakes-difference,0,2,0,9.5
does ice cake contain egg,https://numnumsbakery.com.au/blog/eggless-cake-vs-ice-cream-cake-sydney,0,16,0,6.1
does ice cream cake contain egg,https://numnumsbakery.com.au/blog/eggless-cake-vs-ice-cream-cake-sydney,0,1,0,8
does ice cream cake have eggs,https://numnumsbakery.com.au/blog/eggless-cake-vs-ice-cream-cake-sydney,0,1,0,4
does it contain nuts,https://numnumsbakery.com.au/blog/eggless-cake-nut-free-sydney,0,1,0,4
dog birthday cake near me,https://numnumsbakery.com.au/,0,1,0,71
dog cake near me,https://numnumsbakery.com.au/,0,1,0,24
dog friendly bakery near me,https://numnumsbakery.com.au/,0,1,0,51
domino cake,https://numnumsbakery.com.au/,0,1,0,38
don't drop the cake,https://numnumsbakery.com.au/blog/push-present-cake-sydney,0,4,0,21
donut near me,http://www.numnumsbakery.com.au/,0,5,0,2.4
donut near me,https://numnumsbakery.com.au/,0,11,0,6.4
donut near me,https://numnumsbakery.com.au/cakes,0,1,0,1
donuts in parramatta,https://numnumsbakery.com.au/,0,1,0,9
donuts near me,http://www.numnumsbakery.com.au/,0,4,0,8.8
donuts near me,https://numnumsbakery.com.au/cakes,0,2,0,3
donuts near me open now,https://numnumsbakery.com.au/,0,1,0,3
donuts parramatta,http://www.numnumsbakery.com.au/,0,2,0,19
donuts parramatta,https://numnumsbakery.com.au/,0,6,0,13.8
donuts rouse hill,https://numnumsbakery.com.au/,0,1,0,6
doonside bakery,https://numnumsbakery.com.au/blog/eggless-cakes-doonside,0,11,0,11
doughnut cakes near me,https://numnumsbakery.com.au/blog/eggless-cake-bakery-harris-park-riverstone-sydney,0,1,0,9
doughnut cakes near me,https://numnumsbakery.com.au/cakes,0,1,0,9
doughnut near me,https://numnumsbakery.com.au/,0,3,0,5
doughnuts near me,https://numnumsbakery.com.au/,0,7,0,5.7
doughnuts near me,https://numnumsbakery.com.au/cakes,0,1,0,1
drip cake surry hills,https://numnumsbakery.com.au/blog/drip-cake-sydney,0,20,0,6.4
drip cake sydney,https://numnumsbakery.com.au/blog/drip-cake-sydney,0,8,0,5.2
drip cakes sydney,https://numnumsbakery.com.au/blog/drip-cake-sydney,0,13,0,6.5
dubai chocolate chewy cookie near me,https://numnumsbakery.com.au/,0,1,0,3
dubai chocolate chewy cookie near me,https://numnumsbakery.com.au/cakes,0,1,0,3
dundas bakery,https://numnumsbakery.com.au/blog/eggless-cakes-dundas,0,5,0,8.6
durga puja 2026 sydney,https://numnumsbakery.com.au/blog/eggless-cakes-durga-puja-sydney,0,15,0,8.1
durga puja in sydney,https://numnumsbakery.com.au/blog/eggless-cakes-durga-puja-sydney,0,2,0,3
durga puja sydney,https://numnumsbakery.com.au/blog/eggless-cakes-durga-puja-sydney,0,1,0,10
durian cake near me,https://numnumsbakery.com.au/,0,1,0,8
edible cake images near me,https://numnumsbakery.com.au/blog/photo-cake-sydney,0,5,0,21.8
edible cake images sydney,https://numnumsbakery.com.au/blog/photo-cake-sydney,0,6,0,8
edible cake pictures near me,https://numnumsbakery.com.au/blog/photo-cake-sydney,0,1,0,10
edible cake prints near me,https://numnumsbakery.com.au/blog/photo-cake-sydney,0,2,0,11.5
edible image cake near me,https://numnumsbakery.com.au/blog/photo-cake-sydney,0,8,0,8.4
edible image cakes,https://numnumsbakery.com.au/blog/photo-cake-sydney,0,3,0,6.3
edible image cupcakes near me,https://numnumsbakery.com.au/blog/photo-cake-sydney,0,1,0,9
edible image printing near me,https://numnumsbakery.com.au/,0,1,0,3
edible image printing near me,https://numnumsbakery.com.au/blog/photo-cake-sydney,0,6,0,9.8
edible image printing sydney,https://numnumsbakery.com.au/,0,1,0,1
edible image printing sydney,https://numnumsbakery.com.au/blog/photo-cake-sydney,0,60,0,13.7
edible images for cakes near me,https://numnumsbakery.com.au/blog/photo-cake-sydney,0,11,0,16.4
edible images near me,https://numnumsbakery.com.au/blog/photo-cake-sydney,0,1,0,29
edible images printed near me,https://numnumsbakery.com.au/blog/photo-cake-sydney,0,1,0,8
edible images printing near me,https://numnumsbakery.com.au/blog/photo-cake-sydney,0,1,0,9
edible imaging near me,https://numnumsbakery.com.au/blog/photo-cake-sydney,0,1,0,16
edible photo cake,https://numnumsbakery.com.au/blog/photo-cake-sydney,0,7,0,17.1
edible photo cakes,https://numnumsbakery.com.au/blog/photo-cake-sydney,0,1,0,6
edible photo cakes near me,https://numnumsbakery.com.au/,0,1,0,1
edible photo cakes near me,https://numnumsbakery.com.au/blog/photo-cake-sydney,0,1,0,7
edible photo for cake near me,https://numnumsbakery.com.au/blog/photo-cake-sydney,0,1,0,6
edible photo print near me,https://numnumsbakery.com.au/blog/photo-cake-sydney,0,1,0,8
edible photo print shop near me,https://numnumsbakery.com.au/blog/photo-cake-sydney,0,1,0,10
edible photo printing near me,https://numnumsbakery.com.au/blog/photo-cake-sydney,0,1,0,10
edible photos for cakes near me,https://numnumsbakery.com.au/blog/photo-cake-sydney,0,3,0,6.7
edible picture near me,https://numnumsbakery.com.au/blog/photo-cake-sydney,0,1,0,10
edible pictures for cakes near me,https://numnumsbakery.com.au/blog/photo-cake-sydney,0,2,0,23
edible pictures near,https://numnumsbakery.com.au/blog/photo-cake-sydney,0,4,0,23.5
edible print near me,https://numnumsbakery.com.au/blog/photo-cake-sydney,0,1,0,4
edible printed cakes,https://numnumsbakery.com.au/blog/photo-cake-sydney,0,1,0,23
edible printing near me,https://numnumsbakery.com.au/blog/photo-cake-sydney,0,3,0,9.7
edible prints for cakes near me,https://numnumsbakery.com.au/blog/photo-cake-sydney,0,2,0,7
egess,https://numnumsbakery.com.au/blog/best-eggless-cake-shops-sydney-2026,0,1,0,9
egg alternative cake,https://numnumsbakery.com.au/blog/eggless-cake-egg-substitutes,0,1,0,24
egg and nut free cake,http://www.numnumsbakery.com.au/,0,1,0,4
egg and nut free cake,https://numnumsbakery.com.au/,0,1,0,7
egg and nut free cakes,https://numnumsbakery.com.au/,0,1,0,7
egg cake box,https://numnumsbakery.com.au/blog/best-eggless-cake-shops-sydney-2026,0,1,0,3
egg cake near me,https://numnumsbakery.com.au/blog/eggless-cakes-riverstone,0,1,0,12
egg cake substitute,https://numnumsbakery.com.au/blog/eggless-cake-egg-substitutes,0,1,0,26
egg free bakery,https://numnumsbakery.com.au/blog/best-eggless-cake-shops-sydney-2026,0,13,0,5.8
egg free bakery,https://numnumsbakery.com.au/blog/eggless-cake-bakery-harris-park-riverstone-sydney,0,1,0,20
egg free bakery,https://numnumsbakery.com.au/blog/eggless-cake-for-vegetarians-sydney,0,2,0,28.5
egg free bakery near me,https://numnumsbakery.com.au/,0,1,0,96
egg free bakery near me,https://numnumsbakery.com.au/blog/best-eggless-cake-shops-sydney-2026,0,1,0,26
egg free bakery near me,https://numnumsbakery.com.au/blog/eggless-cake-bakery-harris-park-riverstone-sydney,0,1,0,9
egg free bakery near me,https://numnumsbakery.com.au/blog/eggless-cake-for-vegetarians-sydney,0,1,0,73
egg free birthday cake near me,https://numnumsbakery.com.au/blog/eggless-cake-bakery-harris-park-riverstone-sydney,0,1,0,5
egg free birthday cakes,https://numnumsbakery.com.au/blog/best-eggless-cake-shops-sydney-2026,0,5,0,10.2
egg free cake bake studio,https://numnumsbakery.com.au/blog/best-eggless-cake-shops-sydney-2026,0,2,0,11.5
egg free cake box,https://numnumsbakery.com.au/blog/vegan-vs-eggless-cakes-difference,0,1,0,4
egg free cake buy,https://numnumsbakery.com.au/blog/best-eggless-cake-shops-sydney-2026,0,1,0,6
egg free cake delivery,https://numnumsbakery.com.au/blog/best-eggless-cake-shops-sydney-2026,0,4,0,8.5
egg free cake delivery,https://numnumsbakery.com.au/blog/eggless-cake-delivery-sydney,0,1,0,51
egg free cake near me,https://numnumsbakery.com.au/blog/best-eggless-cake-shops-sydney-2026,0,20,0,9.1
egg free cake near me,https://numnumsbakery.com.au/blog/eggless-cake-bakery-harris-park-riverstone-sydney,0,3,0,16
egg free cake near me,https://numnumsbakery.com.au/blog/eggless-cakes-northwest-sydney,0,1,0,1
egg free cake near me,https://numnumsbakery.com.au/blog/eggless-cakes-rooty-hill,0,1,0,4
egg free cake shop,https://numnumsbakery.com.au/,0,1,0,34
egg free cake shop,https://numnumsbakery.com.au/blog/best-eggless-cake-shops-sydney-2026,0,3,0,5.3
egg free cake shop,https://numnumsbakery.com.au/blog/eggless-cake-for-vegetarians-sydney,0,1,0,13
egg free cake shop near me,https://numnumsbakery.com.au/blog/eggless-cake-bakery-harris-park-riverstone-sydney,0,1,0,18
egg free cake sydney,https://numnumsbakery.com.au/,0,1,0,2
egg free cake sydney,https://numnumsbakery.com.au/blog/best-eggless-cake-shops-sydney-2026,0,40,0,8
egg free cake sydney,https://numnumsbakery.com.au/blog/eggless-cake-nut-free-sydney,0,1,0,33
egg free cakes castle hill,https://numnumsbakery.com.au/blog/best-eggless-cake-shops-sydney-2026,0,36,0,5.1
egg free cakes castle hill,https://numnumsbakery.com.au/blog/eggless-cake-bakery-harris-park-riverstone-sydney,0,2,0,14.5
egg free cakes castle hill,https://numnumsbakery.com.au/blog/eggless-cakes-beaumont-hills,0,2,0,15.5
egg free cakes castle hill,https://numnumsbakery.com.au/blog/eggless-cakes-grantham-farm,0,8,0,11.2
egg free cakes castle hill,https://numnumsbakery.com.au/blog/eggless-cakes-kenthurst,0,2,0,11.5
egg free cakes castle hill,https://numnumsbakery.com.au/blog/eggless-cakes-rooty-hill,0,3,0,9
egg free cakes cherrybrook,https://numnumsbakery.com.au/,0,1,0,39
egg free cakes cherrybrook,https://numnumsbakery.com.au/blog/best-eggless-cake-shops-sydney-2026,0,10,0,20
egg free cakes cherrybrook,https://numnumsbakery.com.au/blog/eggless-cake-for-vegetarians-sydney,0,3,0,28.3
egg free cakes cherrybrook,https://numnumsbakery.com.au/blog/eggless-cakes-beaumont-hills,0,2,0,17
egg free cakes cherrybrook,https://numnumsbakery.com.au/blog/eggless-cakes-cherrybrook,0,1,0,2
egg free cakes cherrybrook,https://numnumsbakery.com.au/blog/eggless-cakes-colebee,0,3,0,21
egg free cakes cherrybrook,https://numnumsbakery.com.au/blog/eggless-cakes-dean-park,0,34,0,21.7
egg free cakes cherrybrook,https://numnumsbakery.com.au/blog/eggless-cakes-parklea,0,1,0,22
egg free cakes cherrybrook,https://numnumsbakery.com.au/blog/eggless-cakes-prairiewood,0,1,0,24
egg free cakes cherrybrook,https://numnumsbakery.com.au/blog/eggless-cakes-riverstone,0,1,0,26
egg free cakes cherrybrook,https://numnumsbakery.com.au/blog/eggless-cakes-rooty-hill,0,1,0,8
egg free cakes cherrybrook,https://numnumsbakery.com.au/blog/eggless-cakes-wetherill-park,0,1,0,22
egg free cakes cherrybrook,https://numnumsbakery.com.au/cakes,0,1,0,48
egg free cakes liverpool,https://numnumsbakery.com.au/blog/eggless-cakes-wetherill-park,0,6,0,7.3
egg free cakes mount druitt,https://numnumsbakery.com.au/,0,2,0,21.5
egg free cakes mount druitt,https://numnumsbakery.com.au/blog/best-eggless-cake-shops-sydney-2026,0,10,0,24.7
egg free cakes mount druitt,https://numnumsbakery.com.au/blog/eggless-cake-bakery-harris-park-riverstone-sydney,0,1,0,1
egg free cakes mount druitt,https://numnumsbakery.com.au/blog/eggless-cake-for-vegetarians-sydney,0,8,0,12.6
egg free cakes mount druitt,https://numnumsbakery.com.au/blog/eggless-cakes-hebersham,0,2,0,12
egg free cakes mount druitt,https://numnumsbakery.com.au/blog/eggless-cakes-minchinbury,0,7,0,3.1
egg free cakes mount druitt,https://numnumsbakery.com.au/blog/eggless-cakes-mount-druitt,0,8,0,2
egg free cakes mount druitt,https://numnumsbakery.com.au/blog/eggless-cakes-parklea,0,1,0,12
egg free cakes mount druitt,https://numnumsbakery.com.au/blog/eggless-cakes-riverstone,0,2,0,10.5
egg free cakes mount druitt,https://numnumsbakery.com.au/blog/eggless-cakes-shalvey,0,2,0,18
egg free cakes mount druitt,https://numnumsbakery.com.au/blog/eggless-cakes-tregear,0,3,0,17.7
egg free cakes mount druitt,https://numnumsbakery.com.au/blog/eggless-cakes-whalan,0,13,0,15
egg free cakes mount druitt,https://numnumsbakery.com.au/blog/eggless-cakes-willmot,0,3,0,7.7
egg free cakes near me,https://numnumsbakery.com.au/,0,1,0,5
egg free cakes near me,https://numnumsbakery.com.au/blog/best-eggless-cake-shops-sydney-2026,0,7,0,7.4
egg free cakes near me,https://numnumsbakery.com.au/blog/eggless-cake-bakery-harris-park-riverstone-sydney,0,1,0,26
egg free cakes near me,https://numnumsbakery.com.au/blog/eggless-cake-for-vegetarians-sydney,0,1,0,48
egg free cakes parramatta,https://numnumsbakery.com.au/,0,10,0,68.8
egg free cakes parramatta,https://numnumsbakery.com.au/blog/best-eggless-cake-shops-sydney-2026,0,34,0,15.4
egg free cakes parramatta,https://numnumsbakery.com.au/blog/eggless-cake-bakery-harris-park-riverstone-sydney,0,122,0,12.3
egg free cakes parramatta,https://numnumsbakery.com.au/blog/eggless-cake-for-vegetarians-sydney,0,13,0,34.5
egg free cakes parramatta,https://numnumsbakery.com.au/blog/eggless-cakes-baulkham-hills,0,1,0,9
egg free cakes parramatta,https://numnumsbakery.com.au/blog/eggless-cakes-constitution-hill,0,2,0,12
egg free cakes parramatta,https://numnumsbakery.com.au/blog/eggless-cakes-dundas,0,18,0,8
egg free cakes parramatta,https://numnumsbakery.com.au/blog/eggless-cakes-dundas-valley.html,0,8,0,10.2
egg free cakes parramatta,https://numnumsbakery.com.au/blog/eggless-cakes-eastwood,0,1,0,28
egg free cakes parramatta,https://numnumsbakery.com.au/blog/eggless-cakes-ermington,0,2,0,19
egg free cakes parramatta,https://numnumsbakery.com.au/blog/eggless-cakes-mays-hill,0,3,0,9
egg free cakes parramatta,https://numnumsbakery.com.au/blog/eggless-cakes-melrose-park,0,2,0,9.5
egg free cakes parramatta,https://numnumsbakery.com.au/blog/eggless-cakes-northmead,0,22,0,9
egg free cakes parramatta,https://numnumsbakery.com.au/blog/eggless-cakes-oatlands,0,1,0,14
egg free cakes parramatta,https://numnumsbakery.com.au/blog/eggless-cakes-rooty-hill,0,1,0,50
egg free cakes parramatta,https://numnumsbakery.com.au/blog/eggless-cakes-schofields,0,4,0,94.8
egg free cakes parramatta,https://numnumsbakery.com.au/blog/eggless-cakes-seven-hills,0,1,0,9
egg free cakes parramatta,https://numnumsbakery.com.au/blog/eggless-cakes-sydney-olympic-park,0,1,0,4
egg free cakes parramatta,https://numnumsbakery.com.au/blog/eggless-cakes-winston-hills,0,1,0,10
egg free cakes parramatta,https://numnumsbakery.com.au/cakes,0,2,0,79
egg free cakes penrith,https://numnumsbakery.com.au/blog/best-eggless-cake-shops-sydney-2026,0,4,0,12.2
egg free cakes penrith,https://numnumsbakery.com.au/blog/eggless-cakes-mount-druitt,0,2,0,9
egg free cakes penrith,https://numnumsbakery.com.au/blog/eggless-cakes-whalan,0,5,0,12
egg free cakes sydney,https://numnumsbakery.com.au/,0,3,0,28
egg free cakes sydney,https://numnumsbakery.com.au/blog/eggless-birthday-cakes-every-age-sydney,0,1,0,57
egg free cakes sydney,https://numnumsbakery.com.au/blog/eggless-cake-bakery-harris-park-riverstone-sydney,0,16,0,29.8
egg free cakes sydney,https://numnumsbakery.com.au/blog/eggless-cake-delivery-sydney,0,1,0,68
egg free cakes sydney,https://numnumsbakery.com.au/blog/eggless-cake-for-vegetarians-sydney,0,33,0,15.8
egg free cakes sydney,https://numnumsbakery.com.au/blog/eggless-cake-nut-free-sydney,0,5,0,19.6
egg free cakes sydney,https://numnumsbakery.com.au/blog/eggless-cakes-seven-hills,0,3,0,20.7
egg free cakes sydney,https://numnumsbakery.com.au/cakes,0,18,0,31.7
egg free cakes to buy,https://numnumsbakery.com.au/blog/best-eggless-cake-shops-sydney-2026,0,2,0,6.5
egg free cupcakes near me,https://numnumsbakery.com.au/blog/best-eggless-cake-shops-sydney-2026,0,2,0,13
egg free cupcakes near me,https://numnumsbakery.com.au/blog/eggless-cake-for-vegetarians-sydney,0,1,0,68
egg free cupcakes near me,https://numnumsbakery.com.au/blog/eggless-cakes-dean-park,0,1,0,6
egg free desserts,http://www.numnumsbakery.com.au/,0,1,0,16
egg free desserts near me,https://numnumsbakery.com.au/blog/best-eggless-cake-shops-sydney-2026,0,1,0,16
egg free desserts near me,https://numnumsbakery.com.au/blog/eggless-cakes-dean-park,0,1,0,8
egg free nut free cake,https://numnumsbakery.com.au/,0,1,0,15
egg free nut free cake near me,https://numnumsbakery.com.au/blog/best-eggless-cake-shops-sydney-2026,0,2,0,6
egg free nut free cake near me,https://numnumsbakery.com.au/blog/eggless-cake-bakery-harris-park-riverstone-sydney,0,1,0,5
egg free sponge cake,https://numnumsbakery.com.au/blog/eggless-cake-egg-substitutes,0,1,0,6
egg free wedding cake,https://numnumsbakery.com.au/blog/best-eggless-cake-shops-sydney-2026,0,1,0,4
egg less,https://numnumsbakery.com.au/cakes,0,1,0,3
egg less bakery,https://numnumsbakery.com.au/blog/best-eggless-cake-shops-sydney-2026,0,1,0,4
egg less bakery,https://numnumsbakery.com.au/blog/eggless-cakes-yagoona,0,1,0,11
egg less cake,https://numnumsbakery.com.au/blog/best-eggless-cake-shops-sydney-2026,0,1,0,10
egg less cake near me,https://numnumsbakery.com.au/blog/best-eggless-cake-shops-sydney-2026,0,3,0,9
egg less cake near me,https://numnumsbakery.com.au/blog/eggless-cake-bakery-harris-park-riverstone-sydney,0,6,0,6.3
egg less cake near me,https://numnumsbakery.com.au/blog/eggless-cakes-villawood,0,2,0,11
egg less cake near me,https://numnumsbakery.com.au/blog/eggless-cakes-winston-hills,0,1,0,6
egg less cake price,https://numnumsbakery.com.au/cakes,0,1,0,7
egg less cakes,https://numnumsbakery.com.au/blog/best-eggless-cake-shops-sydney-2026,0,5,0,6
egg less cakes near me,https://numnumsbakery.com.au/blog/best-eggless-cake-shops-sydney-2026,0,1,0,10
egg less cakes near me,https://numnumsbakery.com.au/blog/eggless-cake-bakery-harris-park-riverstone-sydney,0,1,0,5
egg puff near me,https://numnumsbakery.com.au/cakes,0,1,0,4
egg puffs,https://numnumsbakery.com.au/,0,1,0,7
egg substitute for cake,https://numnumsbakery.com.au/blog/eggless-cake-egg-substitutes,0,1,0,31
egg substitute for cheesecake,https://numnumsbakery.com.au/blog/eggless-cake-egg-substitutes,0,2,0,30
egg substitute in cake,https://numnumsbakery.com.au/blog/eggless-cake-egg-substitutes,0,1,0,20
egg vs eggless cake,https://numnumsbakery.com.au/blog/eggless-cake-vs-regular-cake,0,1,0,2
eggfree cake,https://numnumsbakery.com.au/blog/eggless-cakes-riverstone,0,1,0,1
eggfree cakes,https://numnumsbakery.com.au/blog/best-eggless-cake-shops-sydney-2026,0,1,0,4
eggles cake,https://numnumsbakery.com.au/blog/best-eggless-cake-shops-sydney-2026,0,1,0,14
eggless,https://numnumsbakery.com.au/,0,4,0,2
eggless,https://numnumsbakery.com.au/blog,0,2,0,2
eggless,https://numnumsbakery.com.au/blog/best-eggless-cake-shops-sydney-2026,0,13,0,10
eggless,https://numnumsbakery.com.au/blog/eggless-cake-storage-freshness-guide,0,1,0,3
eggless,https://numnumsbakery.com.au/blog/vegan-vs-eggless-cakes-difference,0,1,0,7
eggless,https://numnumsbakery.com.au/cakes,0,7,0,2.6
eggless almond cake,https://numnumsbakery.com.au/blog/eggless-cake-egg-substitutes,0,1,0,8
eggless and nut free cake,https://numnumsbakery.com.au/,0,2,0,10
eggless and nut free cake,https://numnumsbakery.com.au/blog/eggless-cakes-northwest-sydney,0,1,0,1
eggless and sugar free cake near me,https://numnumsbakery.com.au/blog/best-eggless-cake-shops-sydney-2026,0,2,0,10
eggless bakeries,https://numnumsbakery.com.au/blog/best-eggless-cake-shops-sydney-2026,0,1,0,5
eggless bakeries,https://numnumsbakery.com.au/blog/eggless-cake-bakery-harris-park-riverstone-sydney,0,1,0,10
eggless bakeries near me,https://numnumsbakery.com.au/blog/best-eggless-cake-shops-sydney-2026,0,2,0,9
eggless bakers,https://numnumsbakery.com.au/blog/best-eggless-cake-shops-sydney-2026,0,1,0,12
eggless bakery,https://numnumsbakery.com.au/,0,7,0,9.7
eggless bakery,https://numnumsbakery.com.au/blog/best-eggless-cake-shops-sydney-2026,0,10,0,7.2
eggless bakery,https://numnumsbakery.com.au/blog/eggless-cake-bakery-harris-park-riverstone-sydney,0,9,0,7.8
eggless bakery,https://numnumsbakery.com.au/blog/eggless-cake-for-vegetarians-sydney,0,1,0,13
eggless bakery,https://numnumsbakery.com.au/blog/eggless-cakes-mays-hill,0,1,0,8
eggless bakery,https://numnumsbakery.com.au/blog/eggless-cakes-northmead,0,3,0,8
eggless bakery,https://numnumsbakery.com.au/blog/eggless-cakes-quakers-hill,0,1,0,1
eggless bakery,https://numnumsbakery.com.au/blog/eggless-cakes-the-ponds,0,1,0,1
eggless bakery,https://numnumsbakery.com.au/order,0,1,0,55
eggless bakery near me,http://www.numnumsbakery.com.au/,0,2,0,6
eggless bakery near me,https://numnumsbakery.com.au/,0,6,0,7.2
eggless bakery near me,https://numnumsbakery.com.au/blog/best-eggless-cake-shops-sydney-2026,0,5,0,7.8
eggless bakery near me,https://numnumsbakery.com.au/blog/eggless-cake-bakery-harris-park-riverstone-sydney,0,11,0,3.6
eggless bakery near me,https://numnumsbakery.com.au/blog/eggless-cake-for-vegetarians-sydney,0,1,0,7
eggless bakery near me,https://numnumsbakery.com.au/blog/eggless-cakes-northwest-sydney,0,2,0,1
eggless baking,https://numnumsbakery.com.au/blog/eggless-cakes-northwest-sydney,0,1,0,7
eggless baking,https://numnumsbakery.com.au/blog/eggless-cakes-quakers-hill,0,1,0,5
eggless bento cake near me,https://numnumsbakery.com.au/,0,1,0,1
eggless bento cake near me,https://numnumsbakery.com.au/blog/eggless-cake-bakery-harris-park-riverstone-sydney,0,3,0,5.7
eggless birthday cake,https://numnumsbakery.com.au/,0,1,0,7
eggless birthday cake near me,https://numnumsbakery.com.au/,0,4,0,19.8
eggless birthday cake near me,https://numnumsbakery.com.au/blog/eggless-cakes-carlingford,0,1,0,15
eggless birthday cake near me,https://numnumsbakery.com.au/blog/eggless-cakes-doonside,0,1,0,12
eggless birthday cake near me,https://numnumsbakery.com.au/blog/eggless-cakes-newington,0,1,0,10
eggless birthday cake near me,https://numnumsbakery.com.au/blog/eggless-cakes-northmead,0,2,0,10.5
eggless birthday cake near me,https://numnumsbakery.com.au/blog/eggless-cakes-the-ponds,0,1,0,1
eggless birthday cake near me,https://numnumsbakery.com.au/blog/eggless-cakes-winston-hills,0,2,0,4
eggless birthday cake near me,https://numnumsbakery.com.au/blog/eggless-cakes-woodville,0,2,0,15
eggless birthday cakes,https://numnumsbakery.com.au/,0,1,0,8
eggless birthday cakes,https://numnumsbakery.com.au/blog/best-eggless-cake-shops-sydney-2026,0,1,0,23
eggless birthday cakes,https://numnumsbakery.com.au/cakes,0,4,0,26.8
eggless birthday cakes near me,https://numnumsbakery.com.au/blog/best-eggless-cake-shops-sydney-2026,0,1,0,4
eggless birthday cakes near me,https://numnumsbakery.com.au/blog/eggless-cakes-dean-park,0,3,0,3.3
eggless biscoff cake,https://numnumsbakery.com.au/,0,1,0,19
eggless black forest cake,https://numnumsbakery.com.au/,0,1,0,7
eggless black forest cake near me,https://numnumsbakery.com.au/blog/eggless-cakes-schofields,0,1,0,7
eggless bread near me,https://numnumsbakery.com.au/blog/best-eggless-cake-shops-sydney-2026,0,1,0,11
eggless brownie near me,http://www.numnumsbakery.com.au/,0,1,0,1
eggless brownie near me,https://numnumsbakery.com.au/,0,2,0,5.5
eggless brownie near me,https://numnumsbakery.com.au/blog/best-eggless-cake-shops-sydney-2026,0,1,0,5
eggless brownie near me,https://numnumsbakery.com.au/blog/eggless-cake-bakery-harris-park-riverstone-sydney,0,1,0,6
eggless brownies near me,https://numnumsbakery.com.au/,0,7,0,16
eggless brownies near me,https://numnumsbakery.com.au/blog/best-eggless-cake-shops-sydney-2026,0,3,0,8.7
eggless brownies near me,https://numnumsbakery.com.au/blog/eggless-cake-bakery-harris-park-riverstone-sydney,0,1,0,5
eggless brownies near me,https://numnumsbakery.com.au/blog/eggless-cakes-rooty-hill,0,1,0,10
eggless buns near me,https://numnumsbakery.com.au/,0,1,0,4
eggless buns near me,https://numnumsbakery.com.au/blog/eggless-cake-bakery-harris-park-riverstone-sydney,0,2,0,4.5
eggless cafe,https://numnumsbakery.com.au/blog/best-eggless-cake-shops-sydney-2026,0,3,0,13.7
eggless cake,http://www.numnumsbakery.com.au/,0,12,0,7.9
eggless cake,https://numnumsbakery.com.au/blog/eggless-cake-bakery-harris-park-riverstone-sydney,0,3,0,1
eggless cake,https://numnumsbakery.com.au/blog/eggless-cake-storage-freshness-guide,0,4,0,3
eggless cake,https://numnumsbakery.com.au/blog/eggless-cakes-constitution-hill,0,1,0,9
eggless cake,https://numnumsbakery.com.au/blog/eggless-cakes-northwest-sydney,0,4,0,1.2
eggless cake,https://numnumsbakery.com.au/blog/eggless-cakes-quakers-hill,0,4,0,1
eggless cake,https://numnumsbakery.com.au/blog/eggless-cakes-riverstone,0,2,0,3
eggless cake,https://numnumsbakery.com.au/blog/eggless-cakes-the-ponds,0,3,0,1.3
eggless cake,https://numnumsbakery.com.au/blog/vegan-vs-eggless-cakes-difference,0,1,0,6
eggless cake,https://numnumsbakery.com.au/cakes,0,3,0,9
eggless cake 1 kg price,https://numnumsbakery.com.au/cakes,0,1,0,1
eggless cake adelaide,https://numnumsbakery.com.au/blog/best-eggless-cake-shops-sydney-2026,0,1,0,3
eggless cake around me,https://numnumsbakery.com.au/,0,1,0,9
eggless cake around me,https://numnumsbakery.com.au/blog/best-eggless-cake-shops-sydney-2026,0,1,0,11
eggless cake around me,https://numnumsbakery.com.au/blog/eggless-cake-bakery-harris-park-riverstone-sydney,0,1,0,5
eggless cake available near me,https://numnumsbakery.com.au/blog/best-eggless-cake-shops-sydney-2026,0,1,0,6
eggless cake bakery,https://numnumsbakery.com.au/blog/best-eggless-cake-shops-sydney-2026,0,5,0,9.4
eggless cake bakery,https://numnumsbakery.com.au/blog/eggless-cake-bakery-harris-park-riverstone-sydney,0,5,0,6.4
eggless cake bakery,https://numnumsbakery.com.au/blog/eggless-cake-delivery-sydney,0,1,0,90
eggless cake bakery,https://numnumsbakery.com.au/blog/eggless-cake-for-vegetarians-sydney,0,1,0,47
eggless cake bakery,https://numnumsbakery.com.au/blog/eggless-cakes-doonside,0,1,0,7
eggless cake bakery,https://numnumsbakery.com.au/blog/eggless-cakes-mount-druitt,0,1,0,5
eggless cake bakery near me,https://numnumsbakery.com.au/,0,2,0,16
eggless cake bakery near me,https://numnumsbakery.com.au/blog/best-eggless-cake-shops-sydney-2026,0,2,0,4.5
eggless cake bakery near me,https://numnumsbakery.com.au/blog/eggless-cake-bakery-harris-park-riverstone-sydney,0,5,0,7
eggless cake bakery near me,https://numnumsbakery.com.au/blog/eggless-cakes-doonside,0,1,0,13
eggless cake bakery near me,https://numnumsbakery.com.au/blog/eggless-cakes-marsfield,0,2,0,12.5
eggless cake bakery near me,https://numnumsbakery.com.au/blog/eggless-cakes-minchinbury,0,1,0,7
eggless cake birthday,https://numnumsbakery.com.au/cakes,0,2,0,6
eggless cake blacktown,https://numnumsbakery.com.au/,0,2,0,22.5
eggless cake blacktown,https://numnumsbakery.com.au/blog/best-eggless-cake-shops-sydney-2026,0,9,0,10.8
eggless cake blacktown,https://numnumsbakery.com.au/blog/eggless-cakes-dean-park,0,43,0,6.2
eggless cake blacktown,https://numnumsbakery.com.au/blog/eggless-cakes-doonside,0,25,0,6.1
eggless cake blacktown,https://numnumsbakery.com.au/blog/eggless-cakes-glendenning,0,1,0,7
eggless cake blacktown,https://numnumsbakery.com.au/blog/eggless-cakes-hassall-grove,0,2,0,4
eggless cake blacktown,https://numnumsbakery.com.au/blog/eggless-cakes-lalor-park,0,21,0,4.3
eggless cake blacktown,https://numnumsbakery.com.au/blog/eggless-cakes-mount-druitt,0,6,0,6.2
eggless cake blacktown,https://numnumsbakery.com.au/blog/eggless-cakes-plumpton,0,1,0,4
eggless cake blacktown,https://numnumsbakery.com.au/blog/eggless-cakes-prospect,0,6,0,6.7
eggless cake blacktown,https://numnumsbakery.com.au/blog/eggless-cakes-quakers-hill,0,1,0,9
eggless cake blacktown,https://numnumsbakery.com.au/blog/eggless-cakes-riverstone,0,5,0,7.4
eggless cake blacktown,https://numnumsbakery.com.au/blog/eggless-cakes-rooty-hill,0,7,0,4
eggless cake blacktown,https://numnumsbakery.com.au/blog/eggless-cakes-seven-hills,0,1,0,9
eggless cake blacktown,https://numnumsbakery.com.au/blog/eggless-cakes-shanes-park,0,4,0,4.2
eggless cake blacktown,https://numnumsbakery.com.au/blog/eggless-cakes-woodcroft,0,1,0,8
eggless cake buy,https://numnumsbakery.com.au/,0,1,0,13
eggless cake buy,https://numnumsbakery.com.au/blog/best-eggless-cake-shops-sydney-2026,0,7,0,7.7
eggless cake buy,https://numnumsbakery.com.au/blog/eggless-cake-for-vegetarians-sydney,0,1,0,26
eggless cake buy,https://numnumsbakery.com.au/cakes,0,2,0,43
eggless cake buy online,https://numnumsbakery.com.au/blog/best-eggless-cake-shops-sydney-2026,0,2,0,7.5
eggless cake cheesecake shop,https://numnumsbakery.com.au/,0,2,0,14
eggless cake company,https://numnumsbakery.com.au/blog/best-eggless-cake-shops-sydney-2026,0,1,0,3
eggless cake delivery,https://numnumsbakery.com.au/blog/best-eggless-cake-shops-sydney-2026,0,9,0,6
eggless cake delivery,https://numnumsbakery.com.au/blog/eggless-cake-delivery-sydney,0,1,0,28
eggless cake delivery,https://numnumsbakery.com.au/blog/eggless-cake-for-vegetarians-sydney,0,2,0,30
eggless cake delivery near me,https://numnumsbakery.com.au/blog/best-eggless-cake-shops-sydney-2026,0,3,0,8.3
eggless cake delivery near me,https://numnumsbakery.com.au/blog/eggless-cake-delivery-sydney,0,1,0,68
eggless cake delivery sydney,https://numnumsbakery.com.au/,0,6,0,46.2
eggless cake delivery sydney,https://numnumsbakery.com.au/blog/best-eggless-cake-shops-sydney-2026,0,26,0,6.4
eggless cake delivery sydney,https://numnumsbakery.com.au/blog/eggless-cake-bakery-harris-park-riverstone-sydney,0,3,0,27.3
eggless cake delivery sydney,https://numnumsbakery.com.au/blog/eggless-cake-delivery-sydney,0,2,0,11.5
eggless cake delivery sydney,https://numnumsbakery.com.au/blog/eggless-cake-for-vegetarians-sydney,0,5,0,15
eggless cake delivery sydney,https://numnumsbakery.com.au/cakes,0,10,0,31.9
eggless cake flavours,https://numnumsbakery.com.au/cakes,0,1,0,1
eggless cake for birthday,https://numnumsbakery.com.au/,0,1,0,10
eggless cake for birthday,https://numnumsbakery.com.au/cakes,0,2,0,11
eggless cake harris park,https://numnumsbakery.com.au/,0,1,0,4
eggless cake harris park,https://numnumsbakery.com.au/blog/eggless-cake-bakery-harris-park-riverstone-sydney,0,1,0,3
eggless cake harris park,https://numnumsbakery.com.au/blog/eggless-cakes-marsfield,0,1,0,10
eggless cake home delivery,https://numnumsbakery.com.au/blog/best-eggless-cake-shops-sydney-2026,0,2,0,18.5
eggless cake home delivery,https://numnumsbakery.com.au/blog/eggless-cake-delivery-sydney,0,1,0,13
eggless cake home delivery,https://numnumsbakery.com.au/blog/how-to-order-cake-sydney,0,1,0,72
eggless cake home delivery,https://numnumsbakery.com.au/cakes,0,2,0,63
eggless cake in sydney,https://numnumsbakery.com.au/about,0,1,0,1
eggless cake in sydney,https://numnumsbakery.com.au/blog/eggless-cake-delivery-sydney,0,1,0,83
eggless cake in sydney,https://numnumsbakery.com.au/blog/eggless-cake-for-vegetarians-sydney,0,6,0,11.5
eggless cake in sydney,https://numnumsbakery.com.au/blog/eggless-cake-indian-flavours,0,1,0,54
eggless cake in sydney,https://numnumsbakery.com.au/blog/eggless-cake-nut-free-sydney,0,1,0,48
eggless cake in sydney,https://numnumsbakery.com.au/blog/eggless-cake-reviews-sydney,0,1,0,29
eggless cake in sydney,https://numnumsbakery.com.au/blog/eggless-cakes-grantham-farm,0,1,0,90
eggless cake in sydney,https://numnumsbakery.com.au/blog/eggless-cakes-northwest-sydney,0,1,0,1
eggless cake in sydney,https://numnumsbakery.com.au/blog/eggless-cakes-riverstone,0,1,0,52
eggless cake in sydney,https://numnumsbakery.com.au/cakes,0,15,0,23.3
eggless cake indian,https://numnumsbakery.com.au/,0,1,0,7
eggless cake meaning,https://numnumsbakery.com.au/blog/eggless-cakes-soft-moist-myths-vs-facts,0,2,0,11.5
eggless cake meaning,https://numnumsbakery.com.au/blog/vegan-vs-eggless-cakes-difference,0,14,0,11.5
eggless cake means,https://numnumsbakery.com.au/blog/eggless-cake-vs-sponge-cake,0,1,0,10
eggless cake means,https://numnumsbakery.com.au/blog/eggless-cake-vs-supermarket-cake,0,3,0,10
eggless cake means,https://numnumsbakery.com.au/blog/eggless-cakes-soft-moist-myths-vs-facts,0,2,0,11.5
eggless cake means,https://numnumsbakery.com.au/blog/vegan-vs-eggless-cakes-difference,0,13,0,11.1
eggless cake melbourne cbd,https://numnumsbakery.com.au/blog/best-eggless-cake-shops-sydney-2026,0,1,0,10
eggless cake names,https://numnumsbakery.com.au/blog/eggless-cake-types,0,1,0,10
eggless cake near by me,https://numnumsbakery.com.au/,0,1,0,5
eggless cake near by me,https://numnumsbakery.com.au/blog/best-eggless-cake-shops-sydney-2026,0,1,0,8
eggless cake near by me,https://numnumsbakery.com.au/blog/eggless-cake-bakery-harris-park-riverstone-sydney,0,1,0,6
eggless cake near me,https://numnumsbakery.com.au/blog/eggless-cakes-auburn,0,1,0,47
eggless cake near me,https://numnumsbakery.com.au/blog/eggless-cakes-baulkham-hills,0,1,0,13
eggless cake near me,https://numnumsbakery.com.au/blog/eggless-cakes-beecroft,0,1,0,8
eggless cake near me,https://numnumsbakery.com.au/blog/eggless-cakes-bligh-park,0,3,0,6.3
eggless cake near me,https://numnumsbakery.com.au/blog/eggless-cakes-bonnyrigg,0,22,0,10.6
eggless cake near me,https://numnumsbakery.com.au/blog/eggless-cakes-bossley-park,0,3,0,62.3
eggless cake near me,https://numnumsbakery.com.au/blog/eggless-cakes-cabramatta,0,17,0,9.8
eggless cake near me,https://numnumsbakery.com.au/blog/eggless-cakes-carlingford,0,2,0,9.5
eggless cake near me,https://numnumsbakery.com.au/blog/eggless-cakes-castle-hill,0,3,0,9
eggless cake near me,https://numnumsbakery.com.au/blog/eggless-cakes-cherrybrook,0,6,0,4.2
eggless cake near me,https://numnumsbakery.com.au/blog/eggless-cakes-constitution-hill,0,13,0,8.6
eggless cake near me,https://numnumsbakery.com.au/blog/eggless-cakes-glendenning,0,1,0,5
eggless cake near me,https://numnumsbakery.com.au/blog/eggless-cakes-hebersham,0,19,0,11.7
eggless cake near me,https://numnumsbakery.com.au/blog/eggless-cakes-kellyville,0,1,0,7
eggless cake near me,https://numnumsbakery.com.au/blog/eggless-cakes-kenthurst,0,16,0,8.3
eggless cake near me,https://numnumsbakery.com.au/blog/eggless-cakes-kings-park,0,6,0,10.3
eggless cake near me,https://numnumsbakery.com.au/blog/eggless-cakes-lalor-park,0,20,0,7.8
eggless cake near me,https://numnumsbakery.com.au/blog/eggless-cakes-lidcombe,0,2,0,5
eggless cake near me,https://numnumsbakery.com.au/blog/eggless-cakes-maraylya,0,4,0,6.8
eggless cake near me,https://numnumsbakery.com.au/blog/eggless-cakes-marsfield,0,11,0,18.7
eggless cake near me,https://numnumsbakery.com.au/blog/eggless-cakes-mcgraths-hill,0,8,0,9.5
eggless cake near me,https://numnumsbakery.com.au/blog/eggless-cakes-meadowbank,0,2,0,10.5
eggless cake near me,https://numnumsbakery.com.au/blog/eggless-cakes-merrylands-west,0,8,0,7
eggless cake near me,https://numnumsbakery.com.au/blog/eggless-cakes-minchinbury,0,72,0,7.2
eggless cake near me,https://numnumsbakery.com.au/blog/eggless-cakes-mount-druitt,0,20,0,7.4
eggless cake near me,https://numnumsbakery.com.au/blog/eggless-cakes-newington,0,22,0,7.7
eggless cake near me,https://numnumsbakery.com.au/blog/eggless-cakes-northmead,0,15,0,8.6
eggless cake near me,https://numnumsbakery.com.au/blog/eggless-cakes-northwest-sydney,0,4,0,1
eggless cake near me,https://numnumsbakery.com.au/blog/eggless-cakes-pennant-hills,0,17,0,9.9
eggless cake near me,https://numnumsbakery.com.au/blog/eggless-cakes-prospect,0,5,0,9.6
eggless cake near me,https://numnumsbakery.com.au/blog/eggless-cakes-riverstone,0,14,0,9.3
eggless cake near me,https://numnumsbakery.com.au/blog/eggless-cakes-rooty-hill,0,6,0,5.3
eggless cake near me,https://numnumsbakery.com.au/blog/eggless-cakes-silverwater,0,2,0,9.5
eggless cake near me,https://numnumsbakery.com.au/blog/eggless-cakes-smithfield,0,1,0,13
eggless cake near me,https://numnumsbakery.com.au/blog/eggless-cakes-south-granville.html,0,2,0,7
eggless cake near me,https://numnumsbakery.com.au/blog/eggless-cakes-the-ponds,0,4,0,1
eggless cake near me,https://numnumsbakery.com.au/blog/eggless-cakes-west-ryde,0,5,0,8.6
eggless cake near me,https://numnumsbakery.com.au/blog/eggless-cakes-wetherill-park,0,1,0,4
eggless cake near me,https://numnumsbakery.com.au/blog/eggless-cakes-woodville,0,1,0,9
eggless cake near me,https://numnumsbakery.com.au/blog/eggless-cakes-yagoona,0,3,0,3.7
eggless cake near me,https://numnumsbakery.com.au/blog/eggless-cakes-yennora,0,1,0,12
eggless cake near me,https://numnumsbakery.com.au/cakes,0,48,0,23.7
eggless cake near me delivery,https://numnumsbakery.com.au/blog/best-eggless-cake-shops-sydney-2026,0,3,0,6.7
eggless cake near me home delivery,https://numnumsbakery.com.au/,0,1,0,4
eggless cake near me home delivery,https://numnumsbakery.com.au/blog/best-eggless-cake-shops-sydney-2026,0,1,0,11
eggless cake near me home delivery,https://numnumsbakery.com.au/blog/eggless-cake-delivery-sydney,0,1,0,27
eggless cake near me home delivery,https://numnumsbakery.com.au/blog/how-to-order-cake-sydney,0,1,0,49
eggless cake near me indian,https://numnumsbakery.com.au/blog/best-eggless-cake-shops-sydney-2026,0,1,0,4
eggless cake near me indian,https://numnumsbakery.com.au/blog/eggless-cake-bakery-harris-park-riverstone-sydney,0,1,0,3
eggless cake near me open now,https://numnumsbakery.com.au/,0,1,0,3
eggless cake near me open now,https://numnumsbakery.com.au/blog/best-eggless-cake-shops-sydney-2026,0,4,0,4.5
eggless cake near me open now,https://numnumsbakery.com.au/blog/eggless-cake-bakery-harris-park-riverstone-sydney,0,10,0,5.5
eggless cake near me open now,https://numnumsbakery.com.au/blog/eggless-cakes-constitution-hill,0,2,0,5.5
eggless cake near me open now,https://numnumsbakery.com.au/blog/eggless-cakes-dean-park,0,1,0,6
eggless cake near me open now,https://numnumsbakery.com.au/blog/eggless-cakes-dundas-valley.html,0,1,0,9
eggless cake near me open now,https://numnumsbakery.com.au/blog/eggless-cakes-schofields,0,1,0,3
eggless cake near me within 800m,https://numnumsbakery.com.au/blog/best-eggless-cake-shops-sydney-2026,0,1,0,2
eggless cake near me within 800m,https://numnumsbakery.com.au/blog/eggless-cake-bakery-harris-park-riverstone-sydney,0,1,0,10
eggless cake nearby,https://numnumsbakery.com.au/,0,2,0,44
eggless cake nearby,https://numnumsbakery.com.au/blog/best-eggless-cake-shops-sydney-2026,0,2,0,12.5
eggless cake nearby,https://numnumsbakery.com.au/blog/eggless-cake-bakery-harris-park-riverstone-sydney,0,4,0,9
eggless cake nearby,https://numnumsbakery.com.au/blog/eggless-cake-for-vegetarians-sydney,0,1,0,75
eggless cake nearby,https://numnumsbakery.com.au/blog/eggless-cakes-minchinbury,0,1,0,4
eggless cake nearby,https://numnumsbakery.com.au/cakes,0,1,0,37
eggless cake online,https://numnumsbakery.com.au/blog/best-eggless-cake-shops-sydney-2026,0,4,0,10
eggless cake online,https://numnumsbakery.com.au/order,0,2,0,7
eggless cake online delivery,https://numnumsbakery.com.au/blog/best-eggless-cake-shops-sydney-2026,0,1,0,7
eggless cake online delivery,https://numnumsbakery.com.au/blog/how-to-order-cake-sydney,0,1,0,56
eggless cake online delivery,https://numnumsbakery.com.au/cakes,0,1,0,33
eggless cake online delivery near me,https://numnumsbakery.com.au/,0,1,0,16
eggless cake online delivery near me,https://numnumsbakery.com.au/blog/eggless-cake-delivery-sydney,0,1,0,35
eggless cake online order,https://numnumsbakery.com.au/,0,2,0,7
eggless cake online order,https://numnumsbakery.com.au/blog/eggless-cake-bakery-harris-park-riverstone-sydney,0,1,0,3
eggless cake options,https://numnumsbakery.com.au/blog/best-eggless-cake-shops-sydney-2026,0,3,0,8.7
eggless cake options near me,https://numnumsbakery.com.au/blog/best-eggless-cake-shops-sydney-2026,0,3,0,8.7
eggless cake options near me,https://numnumsbakery.com.au/blog/eggless-cake-bakery-harris-park-riverstone-sydney,0,1,0,7
eggless cake options near me,https://numnumsbakery.com.au/blog/eggless-cakes-bonnyrigg,0,1,0,13
eggless cake options near me,https://numnumsbakery.com.au/blog/eggless-cakes-dean-park,0,2,0,6
eggless cake options near me,https://numnumsbakery.com.au/blog/eggless-cakes-prospect,0,1,0,8
eggless cake or egg cake which is better,https://numnumsbakery.com.au/blog/eggless-cakes-soft-moist-myths-vs-facts,0,1,0,11
eggless cake or egg cake which is better,https://numnumsbakery.com.au/blog/vegan-vs-eggless-cakes-difference,0,1,0,11
eggless cake order,https://numnumsbakery.com.au/,0,4,0,8
eggless cake order,https://numnumsbakery.com.au/blog/best-eggless-cake-shops-sydney-2026,0,7,0,9.1
eggless cake order,https://numnumsbakery.com.au/blog/eggless-cake-bakery-harris-park-riverstone-sydney,0,2,0,5
eggless cake order,https://numnumsbakery.com.au/blog/eggless-cake-delivery-sydney,0,1,0,53
eggless cake order,https://numnumsbakery.com.au/blog/eggless-cake-for-vegetarians-sydney,0,1,0,33
eggless cake order,https://numnumsbakery.com.au/cakes,0,2,0,27.5
eggless cake order online,https://numnumsbakery.com.au/blog/best-eggless-cake-shops-sydney-2026,0,8,0,8
eggless cake order online,https://numnumsbakery.com.au/blog/eggless-cake-bakery-harris-park-riverstone-sydney,0,1,0,13
eggless cake order online,https://numnumsbakery.com.au/blog/eggless-cake-delivery-sydney,0,1,0,31
eggless cake order online,https://numnumsbakery.com.au/blog/how-to-order-cake-sydney,0,1,0,76
eggless cake order online,https://numnumsbakery.com.au/cakes,0,1,0,53
eggless cake order online,https://numnumsbakery.com.au/order,0,5,0,6.2
eggless cake order online near me,https://numnumsbakery.com.au/,0,1,0,20
eggless cake order online near me,https://numnumsbakery.com.au/blog/best-eggless-cake-shops-sydney-2026,0,3,0,9
eggless cake order online near me,https://numnumsbakery.com.au/blog/eggless-cake-bakery-harris-park-riverstone-sydney,0,2,0,5
eggless cake order online near me,https://numnumsbakery.com.au/blog/eggless-cake-delivery-sydney,0,1,0,63
eggless cake order online near me,https://numnumsbakery.com.au/cakes,0,1,0,40
eggless cake parramatta,https://numnumsbakery.com.au/blog/eggless-cakes-dundas,0,11,0,8.2
eggless cake parramatta,https://numnumsbakery.com.au/blog/eggless-cakes-ermington,0,1,0,8
eggless cake parramatta,https://numnumsbakery.com.au/blog/eggless-cakes-harris-park,0,4,0,9.2
eggless cake parramatta,https://numnumsbakery.com.au/blog/eggless-cakes-meadowbank,0,3,0,11.3
eggless cake parramatta,https://numnumsbakery.com.au/blog/eggless-cakes-northmead,0,6,0,5.3
eggless cake parramatta,https://numnumsbakery.com.au/blog/eggless-cakes-old-toongabbie,0,1,0,5
eggless cake parramatta,https://numnumsbakery.com.au/blog/eggless-cakes-riverstone,0,2,0,3
eggless cake parramatta,https://numnumsbakery.com.au/blog/eggless-cakes-schofields,0,1,0,85
eggless cake parramatta,https://numnumsbakery.com.au/blog/eggless-cakes-silverwater,0,1,0,10
eggless cake parramatta,https://numnumsbakery.com.au/blog/eggless-cakes-strathfield,0,1,0,5
eggless cake parramatta,https://numnumsbakery.com.au/blog/eggless-cakes-sydney-olympic-park,0,17,0,9.8
eggless cake parramatta,https://numnumsbakery.com.au/blog/eggless-cakes-winston-hills,0,3,0,10.3
eggless cake parramatta,https://numnumsbakery.com.au/cakes,0,3,0,7.7
eggless cake price,https://numnumsbakery.com.au/blog/best-eggless-cake-shops-sydney-2026,0,1,0,12
eggless cake price,https://numnumsbakery.com.au/cakes,0,1,0,8
eggless cake recipe,https://numnumsbakery.com.au/blog/vegan-vs-eggless-cakes-difference,0,1,0,4
eggless cake same day delivery,https://numnumsbakery.com.au/blog/best-eggless-cake-shops-sydney-2026,0,1,0,6
eggless cake same day delivery,https://numnumsbakery.com.au/blog/eggless-cake-delivery-sydney,0,1,0,10
eggless cake shelf life,https://numnumsbakery.com.au/blog/eggless-cake-storage-freshness-guide,0,1,0,3
eggless cake shop,https://numnumsbakery.com.au/,0,397,0,31.4
eggless cake shop,https://numnumsbakery.com.au/blog/eggless-cake-delivery-sydney,0,2,0,55.5
eggless cake shop,https://numnumsbakery.com.au/blog/eggless-cake-for-vegetarians-sydney,0,135,0,34.2
eggless cake shop,https://numnumsbakery.com.au/blog/eggless-cakes-dean-park,0,1,0,37
eggless cake shop,https://numnumsbakery.com.au/blog/eggless-cakes-northmead,0,1,0,11
eggless cake shop,https://numnumsbakery.com.au/blog/eggless-cakes-riverstone,0,26,0,27.1
eggless cake shop,https://numnumsbakery.com.au/cakes,0,239,0,41.3
eggless cake shop,https://numnumsbakery.com.au/order,0,1,0,40
eggless cake shop near me,https://numnumsbakery.com.au/,0,18,0,12.7
eggless cake shop near me,https://numnumsbakery.com.au/blog/eggless-cakes-dean-park,0,6,0,13.8
eggless cake shop near me,https://numnumsbakery.com.au/blog/eggless-cakes-doonside,0,4,0,4.8
eggless cake shop near me,https://numnumsbakery.com.au/blog/eggless-cakes-plumpton,0,1,0,4
eggless cake shop near me,https://numnumsbakery.com.au/blog/eggless-cakes-riverstone,0,1,0,12
eggless cake shop near me,https://numnumsbakery.com.au/blog/eggless-cakes-schofields,0,2,0,2.5
eggless cake shop near me,https://numnumsbakery.com.au/cakes,0,2,0,38.5
eggless cake shops,https://numnumsbakery.com.au/,0,1,0,18
eggless cake shops,https://numnumsbakery.com.au/blog/best-eggless-cake-shops-sydney-2026,0,3,0,4.7
eggless cake shops,https://numnumsbakery.com.au/blog/eggless-cake-bakery-harris-park-riverstone-sydney,0,5,0,7.4
eggless cake shops,https://numnumsbakery.com.au/blog/eggless-cakes-doonside,0,1,0,4
eggless cake shops near me,https://numnumsbakery.com.au/blog/best-eggless-cake-shops-sydney-2026,0,3,0,4
eggless cake shops near me,https://numnumsbakery.com.au/blog/eggless-cake-bakery-harris-park-riverstone-sydney,0,7,0,6
eggless cake shops near me,https://numnumsbakery.com.au/blog/eggless-cakes-dean-park,0,1,0,7
eggless cake slice,https://numnumsbakery.com.au/,0,1,0,3
eggless cake store,https://numnumsbakery.com.au/blog/best-eggless-cake-shops-sydney-2026,0,1,0,7
eggless cake store near me,https://numnumsbakery.com.au/blog/best-eggless-cake-shops-sydney-2026,0,1,0,4
eggless cake store near me,https://numnumsbakery.com.au/blog/eggless-cake-bakery-harris-park-riverstone-sydney,0,3,0,8.7
eggless cake store near me,https://numnumsbakery.com.au/blog/eggless-cakes-dean-park,0,1,0,7
eggless cake store near me,https://numnumsbakery.com.au/blog/eggless-cakes-riverstone,0,1,0,10
eggless cake studio,https://numnumsbakery.com.au/blog/best-eggless-cake-shops-sydney-2026,0,2,0,16
eggless cake supermarket,https://numnumsbakery.com.au/blog/eggless-cake-vs-supermarket-cake,0,2,0,6
eggless cake sydney,http://www.numnumsbakery.com.au/,0,1,0,1
eggless cake sydney,https://numnumsbakery.com.au/blog,0,3,0,68
eggless cake sydney,https://numnumsbakery.com.au/blog/eggless-birthday-cakes-every-age-sydney,0,1,0,74
eggless cake sydney,https://numnumsbakery.com.au/blog/eggless-cake-delivery-sydney,0,4,0,87.2
eggless cake sydney,https://numnumsbakery.com.au/blog/eggless-cake-for-toddlers-sydney,0,1,0,44
eggless cake sydney,https://numnumsbakery.com.au/blog/eggless-cake-for-vegetarians-sydney,0,75,0,19.7
eggless cake sydney,https://numnumsbakery.com.au/blog/eggless-cake-indian-flavours,0,2,0,52
eggless cake sydney,https://numnumsbakery.com.au/blog/eggless-cake-nut-free-sydney,0,18,0,39.2
eggless cake sydney,https://numnumsbakery.com.au/blog/eggless-cake-reviews-sydney,0,23,0,36
eggless cake sydney,https://numnumsbakery.com.au/blog/eggless-cake-small-gatherings-sydney,0,3,0,47
eggless cake sydney,https://numnumsbakery.com.au/blog/eggless-cake-tasting-sydney,0,1,0,85
eggless cake sydney,https://numnumsbakery.com.au/blog/eggless-cakes-durga-puja-sydney,0,1,0,2
eggless cake sydney,https://numnumsbakery.com.au/blog/eggless-cakes-grantham-farm,0,3,0,92.7
eggless cake sydney,https://numnumsbakery.com.au/blog/eggless-cakes-mays-hill,0,1,0,67
eggless cake sydney,https://numnumsbakery.com.au/blog/eggless-cakes-riverstone,0,2,0,41.5
eggless cake sydney,https://numnumsbakery.com.au/blog/eggless-cakes-rooty-hill,0,1,0,66
eggless cake sydney,https://numnumsbakery.com.au/blog/eggless-cakes-seven-hills,0,2,0,47
eggless cake sydney,https://numnumsbakery.com.au/blog/eggless-cakes-winston-hills,0,1,0,48
eggless cake sydney,https://numnumsbakery.com.au/blog/eggless-chocolate-cake-sydney,0,1,0,9
eggless cake sydney,https://numnumsbakery.com.au/cakes,0,243,0,25.2
eggless cake to buy,https://numnumsbakery.com.au/blog/best-eggless-cake-shops-sydney-2026,0,1,0,12
eggless cake wentworthville,https://numnumsbakery.com.au/,0,23,0,6.0
eggless cake wentworthville,https://numnumsbakery.com.au/blog,0,13,0,9.1
eggless cake woolworths,https://numnumsbakery.com.au/blog/best-eggless-cake-shops-sydney-2026,0,1,0,4
eggless cake.near me,https://numnumsbakery.com.au/blog/best-eggless-cake-shops-sydney-2026,0,1,0,8
eggless cake.near me,https://numnumsbakery.com.au/blog/eggless-cakes-dean-park,0,1,0,6
eggless cakes,https://numnumsbakery.com.au/,0,16,0,8.1
eggless cakes,https://numnumsbakery.com.au/blog/eggless-cake-for-vegetarians-sydney,0,87,0,13.7
eggless cakes,https://numnumsbakery.com.au/blog/eggless-cake-nut-free-sydney,0,6,0,23.8
eggless cakes,https://numnumsbakery.com.au/blog/eggless-cakes-baulkham-hills,0,1,0,4
eggless cakes,https://numnumsbakery.com.au/blog/eggless-cakes-dean-park,0,1,0,13
eggless cakes,https://numnumsbakery.com.au/cakes,0,140,0,34.0
eggless cakes bakery,https://numnumsbakery.com.au/,0,1,0,5
eggless cakes brisbane,https://numnumsbakery.com.au/,0,1,0,6
eggless cakes delivery,https://numnumsbakery.com.au/blog/best-eggless-cake-shops-sydney-2026,0,1,0,5
eggless cakes for birthday,https://numnumsbakery.com.au/cakes,0,1,0,10
eggless cakes near me,http://www.numnumsbakery.com.au/,0,1,0,9
eggless cakes near me,https://numnumsbakery.com.au/blog/eggless-cake-for-vegetarians-sydney,0,6,0,46.2
eggless cakes near me,https://numnumsbakery.com.au/blog/eggless-cakes-bonnyrigg,0,3,0,26
eggless cakes near me,https://numnumsbakery.com.au/blog/eggless-cakes-cabramatta,0,5,0,10
eggless cakes near me,https://numnumsbakery.com.au/blog/eggless-cakes-cherrybrook,0,1,0,3
eggless cakes near me,https://numnumsbakery.com.au/blog/eggless-cakes-constitution-hill,0,1,0,5
eggless cakes near me,https://numnumsbakery.com.au/blog/eggless-cakes-dean-park,0,26,0,10.0
eggless cakes near me,https://numnumsbakery.com.au/blog/eggless-cakes-doonside,0,12,0,5.5
eggless cakes near me,https://numnumsbakery.com.au/blog/eggless-cakes-glenorie,0,1,0,6
eggless cakes near me,https://numnumsbakery.com.au/blog/eggless-cakes-kenthurst,0,4,0,10.8
eggless cakes near me,https://numnumsbakery.com.au/blog/eggless-cakes-lalor-park,0,4,0,7
eggless cakes near me,https://numnumsbakery.com.au/blog/eggless-cakes-merrylands-west,0,1,0,7
eggless cakes near me,https://numnumsbakery.com.au/blog/eggless-cakes-minchinbury,0,5,0,6.2
eggless cakes near me,https://numnumsbakery.com.au/blog/eggless-cakes-mount-druitt,0,3,0,7.7
eggless cakes near me,https://numnumsbakery.com.au/blog/eggless-cakes-newington,0,1,0,6
eggless cakes near me,https://numnumsbakery.com.au/blog/eggless-cakes-north-kellyville,0,4,0,5.2
eggless cakes near me,https://numnumsbakery.com.au/blog/eggless-cakes-northmead,0,4,0,7
eggless cakes near me,https://numnumsbakery.com.au/blog/eggless-cakes-northwest-sydney,0,1,0,1
eggless cakes near me,https://numnumsbakery.com.au/blog/eggless-cakes-plumpton,0,2,0,5
eggless cakes near me,https://numnumsbakery.com.au/blog/eggless-cakes-quakers-hill,0,9,0,4.3
eggless cakes near me,https://numnumsbakery.com.au/blog/eggless-cakes-rhodes,0,1,0,13
eggless cakes near me,https://numnumsbakery.com.au/blog/eggless-cakes-riverstone,0,11,0,30.1
eggless cakes near me,https://numnumsbakery.com.au/blog/eggless-cakes-rooty-hill,0,2,0,8.5
eggless cakes near me,https://numnumsbakery.com.au/blog/eggless-cakes-the-ponds,0,1,0,1
eggless cakes near me,https://numnumsbakery.com.au/blog/eggless-cakes-villawood,0,1,0,4
eggless cakes near me,https://numnumsbakery.com.au/blog/eggless-cakes-winston-hills,0,5,0,9.2
eggless cakes near me,https://numnumsbakery.com.au/cakes,0,15,0,47.8
eggless cakes near me for birthday,https://numnumsbakery.com.au/,0,1,0,9
eggless cakes near me for birthday,https://numnumsbakery.com.au/blog/best-eggless-cake-shops-sydney-2026,0,4,0,6.2
eggless cakes near me for birthday,https://numnumsbakery.com.au/blog/eggless-cake-bakery-harris-park-riverstone-sydney,0,5,0,10.8
eggless cakes near me for birthday,https://numnumsbakery.com.au/blog/eggless-cakes-dean-park,0,1,0,6
eggless cakes near me for birthday,https://numnumsbakery.com.au/blog/eggless-cakes-mays-hill,0,1,0,11
eggless cakes near me for birthday,https://numnumsbakery.com.au/cakes,0,3,0,15.3
eggless cakes near me open now,https://numnumsbakery.com.au/,0,1,0,8
eggless cakes near me open now,https://numnumsbakery.com.au/blog/eggless-cake-bakery-harris-park-riverstone-sydney,0,1,0,5
eggless cakes near me open now,https://numnumsbakery.com.au/blog/eggless-cakes-riverstone,0,1,0,3
eggless cakes nearby,https://numnumsbakery.com.au/blog/best-eggless-cake-shops-sydney-2026,0,2,0,11
eggless cakes nearby,https://numnumsbakery.com.au/blog/eggless-cake-bakery-harris-park-riverstone-sydney,0,4,0,3
eggless cakes nearby,https://numnumsbakery.com.au/blog/eggless-cakes-meadowbank,0,2,0,8
eggless cakes online,https://numnumsbakery.com.au/blog/best-eggless-cake-shops-sydney-2026,0,2,0,8.5
eggless cakes sydney,https://numnumsbakery.com.au/blog,0,10,0,85.9
eggless cakes sydney,https://numnumsbakery.com.au/blog/eggless-birthday-cakes-every-age-sydney,0,4,0,76.5
eggless cakes sydney,https://numnumsbakery.com.au/blog/eggless-cake-bakery-harris-park-riverstone-sydney,0,198,0,31.2
eggless cakes sydney,https://numnumsbakery.com.au/blog/eggless-cake-delivery-sydney,0,6,0,82.2
eggless cakes sydney,https://numnumsbakery.com.au/blog/eggless-cake-for-vegetarians-sydney,0,78,0,14.6
eggless cakes sydney,https://numnumsbakery.com.au/blog/eggless-cake-indian-flavours,0,1,0,59
eggless cakes sydney,https://numnumsbakery.com.au/blog/eggless-cake-nut-free-sydney,0,8,0,34.8
eggless cakes sydney,https://numnumsbakery.com.au/blog/eggless-cake-small-gatherings-sydney,0,3,0,55
eggless cakes sydney,https://numnumsbakery.com.au/blog/eggless-cake-tasting-sydney,0,3,0,92.3
eggless cakes sydney,https://numnumsbakery.com.au/blog/eggless-cakes-grantham-farm,0,8,0,82.5
eggless cakes sydney,https://numnumsbakery.com.au/blog/eggless-cakes-quakers-hill,0,1,0,1
eggless cakes sydney,https://numnumsbakery.com.au/blog/eggless-cakes-riverstone,0,1,0,1
eggless cakes sydney,https://numnumsbakery.com.au/blog/eggless-cakes-seven-hills,0,2,0,54
eggless cakes sydney,https://numnumsbakery.com.au/cakes,0,277,0,26.8
eggless cakes sydney,https://numnumsbakery.com.au/order,0,9,0,88
eggless cale near me,https://numnumsbakery.com.au/,0,2,0,4
eggless cale near me,https://numnumsbakery.com.au/blog/best-eggless-cake-shops-sydney-2026,0,5,0,7.6
eggless cale near me,https://numnumsbakery.com.au/blog/eggless-cake-bakery-harris-park-riverstone-sydney,0,1,0,5
eggless cale near me,https://numnumsbakery.com.au/blog/eggless-cakes-cherrybrook,0,1,0,4
eggless cale near me,https://numnumsbakery.com.au/blog/eggless-cakes-kenthurst,0,1,0,11
eggless cale near me,https://numnumsbakery.com.au/blog/eggless-cakes-lidcombe,0,1,0,7
eggless cale near me,https://numnumsbakery.com.au/blog/eggless-cakes-minchinbury,0,1,0,7
eggless cale near me,https://numnumsbakery.com.au/blog/eggless-cakes-pennant-hills,0,1,0,4
eggless cale near me,https://numnumsbakery.com.au/blog/eggless-cakes-schofields,0,1,0,5
eggless cales,https://numnumsbakery.com.au/blog/best-eggless-cake-shops-sydney-2026,0,2,0,7
eggless cheese cake near me,https://numnumsbakery.com.au/blog/best-eggless-cake-shops-sydney-2026,0,1,0,4
eggless cheesecake,https://numnumsbakery.com.au/,0,1,0,2
eggless cheesecake near me,https://numnumsbakery.com.au/,0,1,0,1
eggless cheesecake near me,https://numnumsbakery.com.au/blog/eggless-cake-bakery-harris-park-riverstone-sydney,0,2,0,7
eggless cheesecake near me,https://numnumsbakery.com.au/blog/eggless-cakes-northwest-sydney,0,1,0,1
eggless chocolate cake near me,https://numnumsbakery.com.au/blog/best-eggless-cake-shops-sydney-2026,0,3,0,4
eggless chocolate cake near me,https://numnumsbakery.com.au/blog/eggless-cakes-dean-park,0,2,0,9
eggless chocolate cake near me,https://numnumsbakery.com.au/blog/eggless-cakes-doonside,0,5,0,3.8
eggless chocolate cake near me,https://numnumsbakery.com.au/blog/eggless-cakes-riverstone,0,1,0,5
eggless chocolate cake near me,https://numnumsbakery.com.au/blog/eggless-cakes-schofields,0,2,0,5.5
eggless cookies near me,https://numnumsbakery.com.au/blog/best-eggless-cake-shops-sydney-2026,0,4,0,6
eggless cookies near me,https://numnumsbakery.com.au/blog/eggless-cakes-dean-park,0,1,0,12
eggless croissant near me,https://numnumsbakery.com.au/,0,2,0,4.5
eggless croissant near me,https://numnumsbakery.com.au/cakes,0,1,0,1
eggless cupcake,https://numnumsbakery.com.au/,0,2,0,1.5
eggless cupcake near me,https://numnumsbakery.com.au/,0,2,0,12
eggless cupcake near me,https://numnumsbakery.com.au/blog/best-eggless-cake-shops-sydney-2026,0,1,0,10
eggless cupcakes,http://www.numnumsbakery.com.au/,0,1,0,13
eggless cupcakes,https://numnumsbakery.com.au/,0,5,0,8.2
eggless cupcakes,https://numnumsbakery.com.au/cakes,0,1,0,11
eggless cupcakes near me,https://numnumsbakery.com.au/blog/best-eggless-cake-shops-sydney-2026,0,32,0,8.4
eggless cupcakes near me,https://numnumsbakery.com.au/blog/eggless-cakes-dean-park,0,2,0,16.5
eggless cupcakes near me,https://numnumsbakery.com.au/blog/eggless-cakes-doonside,0,5,0,8.6
eggless cupcakes near me,https://numnumsbakery.com.au/blog/eggless-cakes-plumpton,0,1,0,6
eggless cupcakes near me,https://numnumsbakery.com.au/cakes,0,1,0,1
eggless custom cake,https://numnumsbakery.com.au/blog/best-eggless-cake-shops-sydney-2026,0,2,0,5.5
eggless dessert,http://www.numnumsbakery.com.au/,0,4,0,3.5
eggless dessert,https://numnumsbakery.com.au/,0,2,0,9
eggless dessert cafe,https://numnumsbakery.com.au/blog/best-eggless-cake-shops-sydney-2026,0,1,0,19
eggless dessert near me,https://numnumsbakery.com.au/blog/eggless-cake-bakery-harris-park-riverstone-sydney,0,1,0,1
eggless dessert places near me,https://numnumsbakery.com.au/,0,1,0,1
eggless dessert places near me,https://numnumsbakery.com.au/blog/best-eggless-cake-shops-sydney-2026,0,1,0,8
eggless desserts,https://numnumsbakery.com.au/,0,3,0,6
eggless desserts near me,https://numnumsbakery.com.au/,0,4,0,9.5
eggless desserts near me,https://numnumsbakery.com.au/blog/best-eggless-cake-shops-sydney-2026,0,3,0,5.3
eggless dinner rolls,https://numnumsbakery.com.au/,0,2,0,5
eggless donuts,https://numnumsbakery.com.au/,0,1,0,6
eggless donuts near me,https://numnumsbakery.com.au/blog/eggless-cakes-pitt-town,0,1,0,1
eggless donuts near me,https://numnumsbakery.com.au/cakes,0,2,0,3.5
eggless doughnut,https://numnumsbakery.com.au/,0,2,0,4.5
eggless indian cake near me,https://numnumsbakery.com.au/blog/best-eggless-cake-shops-sydney-2026,0,1,0,3
eggless indian cake near me,https://numnumsbakery.com.au/blog/eggless-cake-bakery-harris-park-riverstone-sydney,0,1,0,6
eggless ladyfingers for tiramisu,https://numnumsbakery.com.au/,0,1,0,2
eggless macarons near me,https://numnumsbakery.com.au/blog/best-eggless-cake-shops-sydney-2026,0,1,0,11
eggless mango cake,https://numnumsbakery.com.au/blog/eggless-cake-bakery-harris-park-riverstone-sydney,0,1,0,6
eggless mango cake near me,https://numnumsbakery.com.au/,0,1,0,4
eggless mango cake near me,https://numnumsbakery.com.au/cakes,0,1,0,10
eggless mawa cake recipe,https://numnumsbakery.com.au/blog/eggless-cake-egg-substitutes,0,1,0,2
eggless meaning in punjabi,https://numnumsbakery.com.au/blog/eggless-cakes-lohri-sydney,0,2,0,4
eggless means,https://numnumsbakery.com.au/blog/vegan-vs-eggless-cakes-difference,0,2,0,6
eggless menu,https://numnumsbakery.com.au/blog/best-eggless-cake-shops-sydney-2026,0,1,0,15
eggless menu,https://numnumsbakery.com.au/cakes,0,6,0,30.7
eggless moist cake,https://numnumsbakery.com.au/,0,1,0,1
eggless mousse cake,http://www.numnumsbakery.com.au/,0,1,0,15
eggless muffin near me,https://numnumsbakery.com.au/blog/best-eggless-cake-shops-sydney-2026,0,1,0,6
eggless muffin near me,https://numnumsbakery.com.au/blog/eggless-cake-bakery-harris-park-riverstone-sydney,0,1,0,3
eggless muffins near me,https://numnumsbakery.com.au/blog/best-eggless-cake-shops-sydney-2026,0,1,0,6
eggless muffins near me,https://numnumsbakery.com.au/blog/eggless-cake-bakery-harris-park-riverstone-sydney,0,7,0,5.3
eggless muffins near me,https://numnumsbakery.com.au/blog/eggless-cakes-dean-park,0,1,0,7
eggless near me,https://numnumsbakery.com.au/blog/best-eggless-cake-shops-sydney-2026,0,2,0,4
eggless near me,https://numnumsbakery.com.au/blog/eggless-cake-bakery-harris-park-riverstone-sydney,0,1,0,3
eggless near me,https://numnumsbakery.com.au/blog/eggless-cakes-cherrybrook,0,1,0,13
eggless near me,https://numnumsbakery.com.au/blog/eggless-cakes-lalor-park,0,1,0,13
eggless near me,https://numnumsbakery.com.au/blog/eggless-cakes-merrylands-west,0,1,0,13
eggless near me,https://numnumsbakery.com.au/blog/eggless-cakes-west-ryde,0,1,0,10
eggless near me,https://numnumsbakery.com.au/cakes,0,1,0,13
eggless nut free cake,https://numnumsbakery.com.au/blog/eggless-cake-nut-free-sydney,0,2,0,6.5
eggless nut free cake,https://numnumsbakery.com.au/blog/eggless-cakes-northwest-sydney,0,1,0,1
eggless nut free cake,https://numnumsbakery.com.au/blog/eggless-cakes-the-ponds,0,1,0,1
eggless oats cake recipe,https://numnumsbakery.com.au/blog/eggless-cake-egg-substitutes,0,1,0,6
eggless pastries,https://numnumsbakery.com.au/,0,1,0,8
eggless pastries near me,https://numnumsbakery.com.au/,0,2,0,2
eggless pastries near me,https://numnumsbakery.com.au/blog/best-eggless-cake-shops-sydney-2026,0,3,0,5
eggless pastries near me,https://numnumsbakery.com.au/blog/eggless-cake-bakery-harris-park-riverstone-sydney,0,2,0,3.5
eggless pastry,https://numnumsbakery.com.au/,0,1,0,3
eggless pastry near me,http://www.numnumsbakery.com.au/,0,1,0,2
eggless pastry near me,https://numnumsbakery.com.au/,0,6,0,3.2
eggless pastry near me,https://numnumsbakery.com.au/blog/best-eggless-cake-shops-sydney-2026,0,10,0,6.8
eggless pastry near me,https://numnumsbakery.com.au/blog/eggless-cakes-west-ryde,0,3,0,2.3
eggless pav near me,https://numnumsbakery.com.au/,0,5,0,10.6
eggless pav near me,https://numnumsbakery.com.au/blog/best-eggless-cake-shops-sydney-2026,0,1,0,8
eggless rasmalai cake near me,https://numnumsbakery.com.au/,0,1,0,4
eggless rasmalai cake near me,https://numnumsbakery.com.au/blog/best-eggless-cake-shops-sydney-2026,0,3,0,4.7
eggless rasmalai cake near me,https://numnumsbakery.com.au/blog/eggless-cakes-schofields,0,2,0,5.5
eggless red velvet cake near me,https://numnumsbakery.com.au/blog/eggless-cakes-northmead,0,1,0,10
eggless red velvet cake near me,https://numnumsbakery.com.au/blog/eggless-cakes-winston-hills,0,1,0,6
eggless sponge cake near me,https://numnumsbakery.com.au/blog/eggless-cakes-dean-park,0,1,0,5
eggless sponge cake near me,https://numnumsbakery.com.au/blog/eggless-cakes-kenthurst,0,1,0,8
eggless sugar free cake near me,https://numnumsbakery.com.au/blog/eggless-cake-bakery-harris-park-riverstone-sydney,0,1,0,33
eggless sugar free cake near me,https://numnumsbakery.com.au/blog/eggless-cake-for-vegetarians-sydney,0,1,0,79
eggless tiramisu cake near me,https://numnumsbakery.com.au/blog/eggless-cakes-bossley-park,0,1,0,7
eggless tiramisu cake near me,https://numnumsbakery.com.au/blog/eggless-cakes-west-pennant-hills,0,1,0,3
eggless tiramisu near me,https://numnumsbakery.com.au/,0,1,0,7
eggless tiramisu near me,https://numnumsbakery.com.au/blog/eggless-cake-bakery-harris-park-riverstone-sydney,0,1,0,6
eggless tiramisu near me,https://numnumsbakery.com.au/blog/eggless-cakes-winston-hills,0,1,0,5
eggless tiramisu near me,https://numnumsbakery.com.au/cakes,0,2,0,4.5
eggless vanilla cake calories per 100g,https://numnumsbakery.com.au/blog/eggless-cake-calories-guide-sydney,0,4,0,3
eggless vanilla cake calories per 100g nutrition,https://numnumsbakery.com.au/blog/eggless-cake-calories-guide-sydney,0,8,0,4.2
eggless vanilla sponge cake calories per 100g,https://numnumsbakery.com.au/blog/eggless-cake-calories-guide-sydney,0,1,0,2
eggless vanilla sponge cake calories per 100g nutrition,https://numnumsbakery.com.au/blog/eggless-cake-calories-guide-sydney,0,14,0,3.3
eggless vegetarian cake,https://numnumsbakery.com.au/,0,2,0,9
eggless version,https://numnumsbakery.com.au/cakes,0,1,0,2
eggless.cake near me,https://numnumsbakery.com.au/blog/eggless-cakes-quakers-hill,0,1,0,5
eggless.cake near me,https://numnumsbakery.com.au/blog/eggless-cakes-winston-hills,0,1,0,8
egglesscake,https://numnumsbakery.com.au/blog/best-eggless-cake-shops-sydney-2026,0,1,0,13
egless cake,https://numnumsbakery.com.au/blog/best-eggless-cake-shops-sydney-2026,0,1,0,13
egless cake near me,https://numnumsbakery.com.au/blog/best-eggless-cake-shops-sydney-2026,0,1,0,4
egless cake near me,https://numnumsbakery.com.au/blog/eggless-cake-bakery-harris-park-riverstone-sydney,0,2,0,7
egless cake near me,https://numnumsbakery.com.au/blog/eggless-cakes-newington,0,1,0,6
egless cake shop,https://numnumsbakery.com.au/blog/best-eggless-cake-shops-sydney-2026,0,1,0,3
egless cake shop,https://numnumsbakery.com.au/blog/eggless-cake-bakery-harris-park-riverstone-sydney,0,2,0,6
egless cake shop,https://numnumsbakery.com.au/blog/eggless-cakes-dean-park,0,1,0,8
egless cakes,https://numnumsbakery.com.au/blog/best-eggless-cake-shops-sydney-2026,0,1,0,8
eid milad un nabi 2026 cake,https://numnumsbakery.com.au/blog/eggless-cakes-eid-milad-un-nabi-sydney,0,5,0,7.8
elmo birthday cake,https://numnumsbakery.com.au/,0,1,0,6
elmo cake near me,http://www.numnumsbakery.com.au/,0,1,0,3
emerton bakery,https://numnumsbakery.com.au/blog/eggless-cakes-emerton,0,2,0,11
endless eggless reviews,https://numnumsbakery.com.au/blog/eggless-cake-reviews-sydney,0,2,0,18
engagement cake sydney,https://numnumsbakery.com.au/blog/eggless-cakes-engagement-sydney,0,2,0,12.5
engagement cakes sydney,https://numnumsbakery.com.au/blog/eggless-cakes-engagement-sydney,0,2,0,16.5
epping bakery,https://numnumsbakery.com.au/blog/eggless-cakes-epping,0,2,0,11
ever bakery,https://numnumsbakery.com.au/blog/best-dessert-shop-sydney,0,1,0,10
expensive cakes near me,https://numnumsbakery.com.au/,0,1,0,9
face on cake,https://numnumsbakery.com.au/blog/photo-cake-sydney,0,5,0,6.6
famous cake near me,https://numnumsbakery.com.au/,0,1,0,4
famous cake shop near me,https://numnumsbakery.com.au/,0,1,0,5
famous cake shop sydney,https://numnumsbakery.com.au/,0,1,0,19
famous mango cake,https://numnumsbakery.com.au/,0,1,0,7
fancy cakes sydney,https://numnumsbakery.com.au/,0,1,0,23
farewell cakes,https://numnumsbakery.com.au/blog/farewell-cake-sydney.html,0,3,0,4.3
farewell message on cake for colleague,https://numnumsbakery.com.au/blog/farewell-cake-sydney.html,0,1,0,11
fast day,https://numnumsbakery.com.au/blog/teej-sydney,0,1,0,2
fathers day cake,https://numnumsbakery.com.au/,0,2,0,5
fathers day cakes delivered sydney,https://numnumsbakery.com.au/blog/eggless-cakes-fathers-day-sydney,0,115,0,12.7
fathers day cakes sydney,https://numnumsbakery.com.au/,0,3,0,75.7
fathers day cakes sydney,https://numnumsbakery.com.au/blog/eggless-cakes-fathers-day-sydney,0,155,0,9.9
fatto a mano bakery,https://numnumsbakery.com.au/,0,1,0,63
ferrero rocher cake near me,https://numnumsbakery.com.au/,0,1,0,17
filter coffee near me,https://numnumsbakery.com.au/,0,2,0,17.5
finish bakery,https://numnumsbakery.com.au/blog/best-cake-sydney,0,1,0,8
first birthday cake,https://numnumsbakery.com.au/blog/first-birthday-cake-sydney,0,4,0,19.2
first birthday cales,https://numnumsbakery.com.au/blog/first-birthday-cake-sydney,0,1,0,6
flavour in cake,https://numnumsbakery.com.au/blog/cake-flavour-guide-sydney,0,1,0,11
flavours bakery,https://numnumsbakery.com.au/blog/best-dessert-shop-sydney,0,1,0,10
flour and stone cakes,https://numnumsbakery.com.au/,0,1,0,48
flour and stone woolloomooloo,https://numnumsbakery.com.au/,0,1,0,63
flourless bakery,https://numnumsbakery.com.au/,0,3,0,75.7
flourless bakery,https://numnumsbakery.com.au/blog/best-eggless-cake-shops-sydney-2026,0,2,0,24
flourless bakery,https://numnumsbakery.com.au/blog/eggless-cake-bakery-harris-park-riverstone-sydney,0,1,0,29
flourless cake near me,https://numnumsbakery.com.au/,0,5,0,79.6
flourless cake near me,https://numnumsbakery.com.au/blog/eggless-cake-bakery-harris-park-riverstone-sydney,0,3,0,28
flourless cake near me,https://numnumsbakery.com.au/blog/eggless-cakes-dean-park,0,1,0,60
flourless chocolate cake near me,https://numnumsbakery.com.au/,0,2,0,59
flower shop near,http://www.numnumsbakery.com.au/,0,1,0,16
flower shop near me,https://numnumsbakery.com.au/,0,4,0,19.2
focaccia near me bakery,https://numnumsbakery.com.au/,0,1,0,28
fondant vs buttercream,https://numnumsbakery.com.au/blog/eggless-cake-buttercream-vs-fondant,0,1,0,12
fondant vs cream cake,https://numnumsbakery.com.au/blog/eggless-cake-buttercream-vs-fondant,0,1,0,13
food cake,https://numnumsbakery.com.au/,0,1,0,19
food harris park,https://numnumsbakery.com.au/,0,3,0,50
food in riverstone,http://www.numnumsbakery.com.au/,0,1,0,13
food in riverstone,https://numnumsbakery.com.au/,0,5,0,17.6
food places near me,https://numnumsbakery.com.au/,0,1,0,22
food riverstone,http://www.numnumsbakery.com.au/,0,4,0,25.8
food riverstone,https://numnumsbakery.com.au/,0,9,0,24.3
food.near me,https://numnumsbakery.com.au/,0,1,0,62
football cake,https://numnumsbakery.com.au/,0,2,0,8
for cakes,https://numnumsbakery.com.au/cakes,0,1,0,16
founder,https://numnumsbakery.com.au/about,0,1,0,1
franchise cake shop,https://numnumsbakery.com.au/,0,1,0,19
fresh baked cookies,https://numnumsbakery.com.au/,0,1,0,2
fresh bread near me,https://numnumsbakery.com.au/,0,1,0,1
fresh cake shop near me,https://numnumsbakery.com.au/,0,1,0,1
fresh cakes near me,https://numnumsbakery.com.au/,0,2,0,11.5
fresh cookies near me,https://numnumsbakery.com.au/,0,1,0,1
fresh cookies near me,https://numnumsbakery.com.au/cakes,0,1,0,1
fresh cookies near me open now,https://numnumsbakery.com.au/,0,1,0,1
fresh cream cake how long does it last,https://numnumsbakery.com.au/blog/eggless-cake-storage-freshness-guide,0,2,0,10
fresh cream cakes near me,https://numnumsbakery.com.au/,0,1,0,20
fresh cupcake,https://numnumsbakery.com.au/,0,2,0,12
fresh donuts near me,http://www.numnumsbakery.com.au/,0,1,0,11
fresh donuts near me open now,http://www.numnumsbakery.com.au/,0,1,0,8
fresh fruit cake near me,https://numnumsbakery.com.au/,0,1,0,10
fresh fruit cake sydney,https://numnumsbakery.com.au/blog/eggless-fruit-cake-sydney,0,1,0,11
fresh kulcha near me,https://numnumsbakery.com.au/,0,2,0,1.5
fresh made,https://numnumsbakery.com.au/,0,1,0,6
fresh pie near me,https://numnumsbakery.com.au/,0,1,0,5
fresh rasmalai near me,http://www.numnumsbakery.com.au/,0,1,0,6
fresh rolls near me,https://numnumsbakery.com.au/,0,1,0,6
fresh sponge cake near me,https://numnumsbakery.com.au/,0,1,0,3
fresh strawberry cake,https://numnumsbakery.com.au/,0,1,0,53
freshly baked pretzels,https://numnumsbakery.com.au/,0,1,0,28
fried desserts near me,https://numnumsbakery.com.au/,0,1,0,3
fruit cake,https://numnumsbakery.com.au/,0,1,0,9
fruit cake delivery sydney,https://numnumsbakery.com.au/blog/eggless-fruit-cake-sydney,0,4,0,15.2
fruit cake sydney,https://numnumsbakery.com.au/blog/eggless-fruit-cake-sydney,0,2,0,7.5
fruit cakes design,https://numnumsbakery.com.au/,0,1,0,18
fruit cakes sydney,https://numnumsbakery.com.au/blog/eggless-fruit-cake-sydney,0,10,0,10.4
fruit desserts near me,https://numnumsbakery.com.au/,0,1,0,8
fruit desserts near me,https://numnumsbakery.com.au/cakes,0,1,0,8
fruit flan cake,https://numnumsbakery.com.au/,0,1,0,9
fruit flan near me,https://numnumsbakery.com.au/,0,1,0,16
fruity cakes near me,https://numnumsbakery.com.au/,0,1,0,19
gajar ka halwa near me,http://www.numnumsbakery.com.au/,0,1,0,17
galston bakery,https://numnumsbakery.com.au/blog/eggless-cakes-galston,0,5,0,10
gender reveal cake,https://numnumsbakery.com.au/,0,3,0,9.7
gender reveal cake near me,https://numnumsbakery.com.au/,0,2,0,13.5
gender reveal cake near me,https://numnumsbakery.com.au/cakes,0,1,0,5
gender reveal cakes near me,https://numnumsbakery.com.au/,0,2,0,16
gender reveal cupcakes near me,https://numnumsbakery.com.au/,0,1,0,76
german chocolate cake near me,https://numnumsbakery.com.au/,0,1,0,27
get together cake messages,https://numnumsbakery.com.au/blog/cake-message-ideas-sydney,0,2,0,5
gingerbread cookies near me,https://numnumsbakery.com.au/,0,1,0,15
give more,https://numnumsbakery.com.au/blog/best-dessert-shop-sydney,0,1,0,10
glenhaven bakery,https://numnumsbakery.com.au/blog/eggless-cakes-kenthurst,0,1,0,7
gluten free and dairy free desserts near me,https://numnumsbakery.com.au/,0,1,0,1
gluten free bakery near my location,https://numnumsbakery.com.au/blog/eggless-cakes-the-ponds,0,1,0,1
gluten free bakery north sydney,https://numnumsbakery.com.au/,0,5,0,75.6
gluten free birthday cake near me,https://numnumsbakery.com.au/blog/eggless-cakes-northwest-sydney,0,1,0,1
gluten free brownies bakery,https://numnumsbakery.com.au/,0,1,0,6
gluten free cake,https://numnumsbakery.com.au/,0,4,0,9.5
gluten free cake near me,https://numnumsbakery.com.au/,0,2,0,12
gluten free cakes near me,https://numnumsbakery.com.au/blog/eggless-cakes-the-ponds,0,1,0,1
gluten free cakes near me,https://numnumsbakery.com.au/cakes,0,1,0,1
gluten free cakes parramatta,https://numnumsbakery.com.au/,0,2,0,77.5
gluten free cheesecake near me,https://numnumsbakery.com.au/,0,1,0,3
gluten free croissant,https://numnumsbakery.com.au/,0,1,0,10
gluten free croissant,https://numnumsbakery.com.au/cakes,0,1,0,10
gluten free cupcakes,https://numnumsbakery.com.au/,0,1,0,23
gluten free cupcakes near me,https://numnumsbakery.com.au/,0,3,0,39.7
gluten free cupcakes near me,https://numnumsbakery.com.au/cakes,0,1,0,9
gluten free desserts near me,https://numnumsbakery.com.au/,0,1,0,14
gluten free eggless cake,https://numnumsbakery.com.au/,0,1,0,13
gluten free eggless cake,https://numnumsbakery.com.au/blog/eggless-cakes-riverstone,0,1,0,1
gluten free roti near me,https://numnumsbakery.com.au/,0,1,0,4
gold sweets menu,https://numnumsbakery.com.au/indian-sweet,0,2,0,38.5
good bakery,https://numnumsbakery.com.au/,0,1,0,35
good bakery near me,https://numnumsbakery.com.au/,0,4,0,18.2
good cake,https://numnumsbakery.com.au/blog/best-cake-sydney,0,3,0,9.3
good cake shop near me,https://numnumsbakery.com.au/,0,2,0,9
good cake shops near me,https://numnumsbakery.com.au/,0,1,0,10
good cakes,https://numnumsbakery.com.au/blog/best-cake-sydney,0,5,0,12.4
good cakes in sydney,https://numnumsbakery.com.au/blog/best-cake-sydney,0,2,0,15
good cakes sydney,https://numnumsbakery.com.au/blog/best-cake-sydney,0,4,0,9.2
good coffee near me now,https://numnumsbakery.com.au/,0,1,0,6
good cookies near me,https://numnumsbakery.com.au/,0,1,0,1
good cookies near me,https://numnumsbakery.com.au/cakes,0,1,0,1
good desserts near me,https://numnumsbakery.com.au/,0,1,0,18
good food near me,https://numnumsbakery.com.au/,0,1,0,19
goodbye cake,https://numnumsbakery.com.au/blog/farewell-cake-sydney.html,0,2,0,3
goodbye cakes,https://numnumsbakery.com.au/blog/farewell-cake-sydney.html,0,1,0,8
google bakery,https://numnumsbakery.com.au/,0,1,0,3
graduation cake,http://www.numnumsbakery.com.au/,0,2,0,2
grand cake,https://numnumsbakery.com.au/blog/grand-final-party-cake-sydney,0,1,0,7
grandma moses bakery,https://numnumsbakery.com.au/,0,3,0,54.3
grandma moses bakery & cafe kensington,https://numnumsbakery.com.au/,0,3,0,65.3
granville cake shop,https://numnumsbakery.com.au/,0,1,0,28
great cakes,https://numnumsbakery.com.au/blog/best-cake-sydney,0,4,0,9.5
gujarati bakery near me,https://numnumsbakery.com.au/indian-sweet,0,1,0,12
gulab jaman near me,https://numnumsbakery.com.au/indian-sweet,0,2,0,26.5
gulab jamun cake,http://www.numnumsbakery.com.au/,0,1,0,7
gulab jamun cake near me,https://numnumsbakery.com.au/cakes,0,1,0,3
gulab jamun cake near me,https://numnumsbakery.com.au/indian-sweet,0,16,0,10.8
gulab jamun cheesecake near me,https://numnumsbakery.com.au/indian-sweet,0,1,0,39
gulab jamun near me,https://numnumsbakery.com.au/indian-sweet,0,2,0,19
guru sweets near me,https://numnumsbakery.com.au/indian-sweet,0,1,0,19
halal bakery,http://www.numnumsbakery.com.au/,0,1,0,15
halal bakery,https://numnumsbakery.com.au/,0,1,0,8
halal bakery,https://numnumsbakery.com.au/blog/halal-friendly-cakes-eggless-sydney,0,5,0,10.8
halal bakery near me,http://www.numnumsbakery.com.au/,0,1,0,6
halal bakery near me,https://numnumsbakery.com.au/,0,6,0,12
halal bakery near me open now,https://numnumsbakery.com.au/,0,1,0,8
halal bakery sydney,https://numnumsbakery.com.au/,0,123,0,43.8
halal bakery sydney,https://numnumsbakery.com.au/about,0,1,0,1
halal bakery sydney,https://numnumsbakery.com.au/blog/halal-friendly-cakes-eggless-sydney,0,25,0,17.3
halal baking,https://numnumsbakery.com.au/blog/halal-friendly-cakes-eggless-sydney,0,1,0,17
halal birthday cake,https://numnumsbakery.com.au/blog/halal-friendly-cakes-eggless-sydney,0,1,0,4
halal birthday cake near me,https://numnumsbakery.com.au/,0,1,0,9
halal cake,https://numnumsbakery.com.au/blog/halal-friendly-cakes-eggless-sydney,0,17,0,24.4
halal cake meaning,https://numnumsbakery.com.au/blog/halal-friendly-cakes-eggless-sydney,0,3,0,7.3
halal cake near me,https://numnumsbakery.com.au/,0,7,0,18.1
halal cake shop,https://numnumsbakery.com.au/,0,22,0,42.6
halal cake shop,https://numnumsbakery.com.au/blog/halal-friendly-cakes-eggless-sydney,0,5,0,22.6
halal cake shop near me,http://www.numnumsbakery.com.au/,0,2,0,5
halal cake shop near me,https://numnumsbakery.com.au/,0,24,0,15.6
halal cake shop sydney,https://numnumsbakery.com.au/,0,66,0,44.2
halal cake shop sydney,https://numnumsbakery.com.au/blog/halal-friendly-cakes-eggless-sydney,0,19,0,20.8
halal cake shops,https://numnumsbakery.com.au/,0,3,0,13.3
halal cake shops near me,https://numnumsbakery.com.au/,0,2,0,20.5
halal cake sydney,https://numnumsbakery.com.au/,0,1,0,4
halal cakes,https://numnumsbakery.com.au/,0,3,0,15
halal cakes,https://numnumsbakery.com.au/blog/halal-friendly-cakes-eggless-sydney,0,14,0,26.4
halal cakes near me,https://numnumsbakery.com.au/cakes,0,3,0,5
halal cakes shop near me,https://numnumsbakery.com.au/,0,1,0,2
halal cakes sydney,https://numnumsbakery.com.au/,0,44,0,40.9
halal cakes sydney,https://numnumsbakery.com.au/blog/halal-friendly-cakes-eggless-sydney,0,12,0,18.3
halal chocolate cake near me,https://numnumsbakery.com.au/,0,1,0,5
halal cupcakes,https://numnumsbakery.com.au/,0,3,0,13
halal cupcakes,https://numnumsbakery.com.au/blog/halal-friendly-cakes-eggless-sydney,0,3,0,26.3
halal cupcakes near me,https://numnumsbakery.com.au/,0,2,0,42.5
halal dessert near me,https://numnumsbakery.com.au/,0,2,0,21.5
halal desserts near me,https://numnumsbakery.com.au/,0,1,0,28
halal eggless cake,https://numnumsbakery.com.au/blog/halal-friendly-cakes-eggless-sydney,0,1,0,10
halal food near me,https://numnumsbakery.com.au/,0,3,0,41.7
halal pick n mix,https://numnumsbakery.com.au/,0,1,0,2
halal pies near me,https://numnumsbakery.com.au/,0,5,0,5.2
halal tiramisu cake,https://numnumsbakery.com.au/,0,1,0,7
halal tiramisu sydney,https://numnumsbakery.com.au/,0,1,0,6
halal wedding cakes sydney,https://numnumsbakery.com.au/,0,2,0,41
halwa puri near me,https://numnumsbakery.com.au/,0,1,0,43
happy birthday cookies near me,https://numnumsbakery.com.au/,0,1,0,10
happy birthday donuts,https://numnumsbakery.com.au/,0,2,0,16
happy work anniversary cake,https://numnumsbakery.com.au/blog/cake-for-work-anniversary-sydney,0,1,0,9
harris cake,https://numnumsbakery.com.au/,0,2,0,3.5
harris park bakery,http://www.numnumsbakery.com.au/,0,4,0,1.5
harris park bakery,https://numnumsbakery.com.au/,0,38,0,3.2
harris park bakery,https://numnumsbakery.com.au/about,0,2,0,19.5
harris park bakery,https://numnumsbakery.com.au/blog/best-dessert-shop-sydney,0,1,0,10
harris park bakery,https://numnumsbakery.com.au/blog/eggless-cake-bakery-harris-park-riverstone-sydney,0,91,0,7.4
harris park bakery,https://numnumsbakery.com.au/blog/eggless-cakes-northmead,0,1,0,11
harris park cake shop,http://www.numnumsbakery.com.au/,0,6,0,1.5
harris park cake shop,https://numnumsbakery.com.au/blog/best-dessert-shop-sydney,0,1,0,27
harris park cake shop,https://numnumsbakery.com.au/blog/eggless-cake-bakery-harris-park-riverstone-sydney,0,185,0,7.5
harris park cake shop,https://numnumsbakery.com.au/blog/eggless-cakes-seven-hills,0,1,0,15
harris park food,http://www.numnumsbakery.com.au/,0,1,0,57
harris park food,https://numnumsbakery.com.au/,0,12,0,51.4
harris park indian restaurant,https://numnumsbakery.com.au/,0,8,0,73.5
harris park pani puri,https://numnumsbakery.com.au/,0,1,0,2
harris park restaurant,https://numnumsbakery.com.au/,0,3,0,60.3
harris park shops,https://numnumsbakery.com.au/,0,7,0,20.1
harris park sweet shop,http://www.numnumsbakery.com.au/,0,1,0,7
harris park sweet shop,https://numnumsbakery.com.au/,0,16,0,8.2
harris park sweets,http://www.numnumsbakery.com.au/,0,1,0,9
harris park sweets,https://numnumsbakery.com.au/,0,2,0,9
hassall grove bakery,https://numnumsbakery.com.au/blog/eggless-cakes-hassall-grove,0,1,0,12
hassall grove cake shop,https://numnumsbakery.com.au/blog/eggless-cakes-hassall-grove,0,2,0,10.5
healthy cake near me,https://numnumsbakery.com.au/blog/eggless-cake-bakery-harris-park-riverstone-sydney,0,1,0,12
healthy cake shop,https://numnumsbakery.com.au/,0,1,0,81
healthy cakes sydney,https://numnumsbakery.com.au/,0,1,0,60
heart shape cake near me,https://numnumsbakery.com.au/,0,2,0,3
heart shaped birthday cake near me,https://numnumsbakery.com.au/,0,1,0,2
heart shaped cake near me,https://numnumsbakery.com.au/,0,1,0,2
hello kitty cake near me,https://numnumsbakery.com.au/,0,2,0,1
hello naomi,https://numnumsbakery.com.au/,0,3,0,43.3
hello naomi,https://numnumsbakery.com.au/cakes,0,5,0,46.4
high tea near me,https://numnumsbakery.com.au/,0,1,0,67
hindu bakery,https://numnumsbakery.com.au/indian-sweet,0,1,0,10
hobnob bakery near me,https://numnumsbakery.com.au/,0,1,0,30
home made cakes near me,https://numnumsbakery.com.au/blog/eggless-cake-bakery-harris-park-riverstone-sydney,0,1,0,3
homebush cakes photos,https://numnumsbakery.com.au/blog/eggless-cakes-homebush,0,1,0,9
homemade cake near me,https://numnumsbakery.com.au/,0,3,0,13
homemade cupcakes near me,https://numnumsbakery.com.au/,0,1,0,20
homemade eggless cake,https://numnumsbakery.com.au/blog/eggless-cake-storage-freshness-guide,0,1,0,3
homm dessert chadstone,https://numnumsbakery.com.au/,0,2,0,63
honey cake near me,https://numnumsbakery.com.au/,0,2,0,5.5
hot brownie near me,https://numnumsbakery.com.au/,0,3,0,6.7
hot brownie near me,https://numnumsbakery.com.au/cakes,0,1,0,1
hot cakes,http://www.numnumsbakery.com.au/,0,1,0,9
hot cakes near me,https://numnumsbakery.com.au/,0,1,0,11
hot chips near me,https://numnumsbakery.com.au/,0,1,0,92
hot chocolate,https://numnumsbakery.com.au/,0,1,0,23
hot chocolate near me,https://numnumsbakery.com.au/,0,6,0,12.5
hot chocolate near me within 400m,https://numnumsbakery.com.au/,0,2,0,5.5
hot chocolate near me within 400m,https://numnumsbakery.com.au/cakes,0,1,0,1
hot chocolate place,https://numnumsbakery.com.au/,0,1,0,23
how about in nsw,https://numnumsbakery.com.au/blog/eggless-cakes-eid-milad-un-nabi-sydney,0,1,0,6
how big is a 7 inch cake,https://numnumsbakery.com.au/blog/cake-serving-size-guide-sydney,0,1,0,11
how big is a standard cake,https://numnumsbakery.com.au/blog/cake-serving-size-guide-sydney,0,1,0,6
how far away is westfield from me,https://numnumsbakery.com.au/blog/eggless-cakes-girraween,0,1,0,1
how long do cake box cakes last,https://numnumsbakery.com.au/blog/eggless-cake-storage-freshness-guide,0,5,0,16.8
how long do cake box cakes last in the fridge,https://numnumsbakery.com.au/blog/eggless-cake-storage-freshness-guide,0,2,0,19
how long do cream cakes last,https://numnumsbakery.com.au/blog/eggless-cake-storage-freshness-guide,0,1,0,8
how long do fresh cream cakes last,https://numnumsbakery.com.au/blog/eggless-cake-storage-freshness-guide,0,8,0,11.1
how long do fresh cream cakes last in the fridge,https://numnumsbakery.com.au/blog/eggless-cake-storage-freshness-guide,0,2,0,10
how long do these last in the fridge,https://numnumsbakery.com.au/blog/eggless-cake-storage-freshness-guide,0,1,0,6
how long does a cake box cake last,https://numnumsbakery.com.au/blog/eggless-cake-storage-freshness-guide,0,2,0,15.5
how long does a fresh cream cake last in the fridge,https://numnumsbakery.com.au/blog/eggless-cake-storage-freshness-guide,0,1,0,8
how long does cake box cake last in the fridge,https://numnumsbakery.com.au/blog/eggless-cake-storage-freshness-guide,0,1,0,13
how long does cake box cakes last,https://numnumsbakery.com.au/blog/eggless-cake-storage-freshness-guide,0,2,0,21.5
how long does fresh cream cake last,https://numnumsbakery.com.au/blog/eggless-cake-storage-freshness-guide,0,21,0,10
how long does vegan cake last in the fridge,https://numnumsbakery.com.au/blog/eggless-cake-storage-freshness-guide,0,1,0,10
how many calories does a slice of cake have,https://numnumsbakery.com.au/blog/eggless-cake-calories-guide-sydney,0,1,0,11
how many calories in a cake,https://numnumsbakery.com.au/blog/eggless-cake-calories-guide-sydney,0,2,0,8.5
how many calories in a small piece of cake,https://numnumsbakery.com.au/blog/eggless-cake-calories-guide-sydney,0,1,0,2
how many calories in a small slice of cake,https://numnumsbakery.com.au/blog/eggless-cake-calories-guide-sydney,0,1,0,10
how many calories in cake,https://numnumsbakery.com.au/blog/eggless-cake-calories-guide-sydney,0,3,0,9.3
how many calories is in cake,https://numnumsbakery.com.au/blog/eggless-cake-calories-guide-sydney,0,1,0,7
how many people can eat 6 inch cake,https://numnumsbakery.com.au/blog/cake-serving-size-guide-sydney,0,1,0,5
how many people does a 12 inch cake feed,https://numnumsbakery.com.au/blog/cake-serving-size-guide-sydney,0,1,0,6
how many people does a 7 inch cake serve,https://numnumsbakery.com.au/blog/cake-serving-size-guide-sydney,0,1,0,10
how many people does a 7inch cake feed,https://numnumsbakery.com.au/blog/cake-serving-size-guide-sydney,0,1,0,7
how many people does a 9 inch round cake serve,https://numnumsbakery.com.au/blog/cake-serving-size-guide-sydney,0,1,0,7
how many people does an 8 inch 2 layer cake feed,https://numnumsbakery.com.au/blog/cake-serving-size-guide-sydney,0,1,0,4
how many people does an 8 inch cake feed,https://numnumsbakery.com.au/blog/cake-serving-size-guide-sydney,0,4,0,5
how many people for 8 inch cake,https://numnumsbakery.com.au/blog/cake-serving-size-guide-sydney,0,1,0,5
how many people will an 8 inch round cake feed,https://numnumsbakery.com.au/blog/cake-serving-size-guide-sydney,0,1,0,5
how many servings for 8 inch cake,https://numnumsbakery.com.au/blog/cake-serving-size-guide-sydney,0,1,0,6
how many servings in a 7 inch round cake,https://numnumsbakery.com.au/blog/cake-serving-size-guide-sydney,0,1,0,6
how many servings per cake,https://numnumsbakery.com.au/blog/cake-serving-size-guide-sydney,0,1,0,5
how much are the wedding cakes,https://numnumsbakery.com.au/blog/wedding-cake-sydney-north-west,0,1,0,21
how much are wedding cakes,https://numnumsbakery.com.au/blog/wedding-cake-sydney-north-west,0,1,0,22
how much cake for 15 people,https://numnumsbakery.com.au/blog/cake-serving-size-guide-sydney,0,1,0,8
how much cake for 35 people,https://numnumsbakery.com.au/blog/cake-serving-size-guide-sydney,0,1,0,3
how much cost wedding cake,https://numnumsbakery.com.au/blog/wedding-cake-sydney-north-west,0,1,0,31
how much do cakes usually cost,https://numnumsbakery.com.au/blog/cake-price-guide-sydney,0,1,0,4
how much do wedding cakes cost,https://numnumsbakery.com.au/blog/wedding-cake-sydney-north-west,0,1,0,30
how much does a 12 inch cake feed,https://numnumsbakery.com.au/blog/cake-serving-size-guide-sydney,0,1,0,7
how much does a 4 layer 8 inch cake serve,https://numnumsbakery.com.au/blog/cake-serving-size-guide-sydney,0,1,0,8
how much does a 7 inch cake feed,https://numnumsbakery.com.au/blog/cake-serving-size-guide-sydney,0,1,0,5
how much does a cake cost,https://numnumsbakery.com.au/blog/cake-price-guide-sydney,0,1,0,1
how much does a wedding cake cost,https://numnumsbakery.com.au/blog/wedding-cake-sydney-north-west,0,2,0,31.5
how much does wedding cake cost,https://numnumsbakery.com.au/blog/wedding-cake-sydney-north-west,0,1,0,32
how much for a custom cake,https://numnumsbakery.com.au/blog/cake-price-guide-sydney,0,1,0,5
how much is a wedding cake,https://numnumsbakery.com.au/blog/wedding-cake-sydney-north-west,0,2,0,27.5
how much is it,https://numnumsbakery.com.au/,0,1,0,2
how much is this cake?,https://numnumsbakery.com.au/cakes,0,1,0,30
how much is wedding cake,https://numnumsbakery.com.au/blog/wedding-cake-sydney-north-west,0,1,0,26
how much wedding cake,https://numnumsbakery.com.au/blog/wedding-cake-sydney-north-west,0,1,0,29
how much wedding cake cost,https://numnumsbakery.com.au/blog/wedding-cake-sydney-north-west,0,1,0,47
how much wedding cakes,https://numnumsbakery.com.au/blog/wedding-cake-sydney-north-west,0,1,0,28
how much wedding cakes cost,https://numnumsbakery.com.au/blog/wedding-cake-sydney-north-west,0,1,0,37
how much would a 10 cake cost?,https://numnumsbakery.com.au/blog/cake-price-guide-sydney,0,1,0,4
how much would a cake like this cost,https://numnumsbakery.com.au/blog/cake-price-guide-sydney,0,5,0,6
how much would a wedding cake cost,https://numnumsbakery.com.au/blog/wedding-cake-sydney-north-west,0,2,0,30.5
how to design a birthday cake,https://numnumsbakery.com.au/blog/how-to-design-birthday-cake-sydney,0,1,0,6
how to get a cake with a picture on it,https://numnumsbakery.com.au/blog/photo-cake-sydney,0,1,0,11
how to get a photo on a cake,https://numnumsbakery.com.au/blog/photo-cake-sydney,0,4,0,7.2
how to get cake with picture on it,https://numnumsbakery.com.au/blog/photo-cake-sydney,0,1,0,1
how to identify eggless cake,https://numnumsbakery.com.au/blog/eggless-cakes-soft-moist-myths-vs-facts,0,1,0,11
how to know if cake has egg or not,https://numnumsbakery.com.au/blog/eggless-cake-troubleshooting,0,6,0,11.8
how to know if cake has egg or not,https://numnumsbakery.com.au/blog/eggless-cake-vs-sponge-cake,0,1,0,11
how to know if cake is eggless or not,https://numnumsbakery.com.au/blog/eggless-cake-troubleshooting,0,2,0,10.5
how to know if cake is eggless or not,https://numnumsbakery.com.au/blog/eggless-cakes-soft-moist-myths-vs-facts,0,1,0,12
how to order a cake,https://numnumsbakery.com.au/blog/how-to-design-birthday-cake-sydney,0,1,0,30
how to order a cake,https://numnumsbakery.com.au/blog/how-to-order-cake-sydney,0,1,0,78
how to order a cake online,https://numnumsbakery.com.au/blog/how-to-order-cake-sydney,0,2,0,63
how to order a cake with a picture on it,https://numnumsbakery.com.au/blog/photo-cake-sydney,0,1,0,5
how to order birthday cake,https://numnumsbakery.com.au/blog/how-to-design-birthday-cake-sydney,0,1,0,25
how to order birthday cake,https://numnumsbakery.com.au/blog/how-to-order-cake-sydney,0,1,0,87
how to order birthday cake online,https://numnumsbakery.com.au/blog/how-to-order-cake-sydney,0,1,0,67
how to order cake online,https://numnumsbakery.com.au/blog/how-to-order-cake-sydney,0,1,0,56
how to order cake with picture on it,https://numnumsbakery.com.au/blog/photo-cake-sydney,0,2,0,8
how to print photo on cake,https://numnumsbakery.com.au/blog/photo-cake-sydney,0,3,0,8
hurlstone park bakery,https://numnumsbakery.com.au/,0,2,0,31
hyderabadi bakery,https://numnumsbakery.com.au/,0,1,0,2
ice cake is egg or eggless,https://numnumsbakery.com.au/blog/eggless-cake-vs-ice-cream-cake-sydney,0,1,0,9
ice cream,https://numnumsbakery.com.au/,0,1,0,24
ice cream cake,https://numnumsbakery.com.au/,0,2,0,25.5
ice cream cake contains egg or not,https://numnumsbakery.com.au/blog/eggless-cake-vs-ice-cream-cake-sydney,0,4,0,6
ice cream cake egg or eggless,https://numnumsbakery.com.au/blog/eggless-cake-vs-ice-cream-cake-sydney,0,1,0,2
ice cream cake is egg or eggless,https://numnumsbakery.com.au/blog/eggless-cake-vs-ice-cream-cake-sydney,0,6,0,8.7
ice cream cake near me,https://numnumsbakery.com.au/,0,3,0,15
ice cream cake roll where to buy,https://numnumsbakery.com.au/,0,1,0,17
ice cream near me,https://numnumsbakery.com.au/,0,1,0,23
ice cream rolls near me,https://numnumsbakery.com.au/,0,1,0,14
icing printing near me,https://numnumsbakery.com.au/blog/photo-cake-sydney,0,1,0,11
image cakes,https://numnumsbakery.com.au/blog/photo-cake-sydney,0,15,0,4.7
image cakes sydney,https://numnumsbakery.com.au/blog/photo-cake-sydney,0,2,0,3.5
image on cake near me,https://numnumsbakery.com.au/blog/photo-cake-sydney,0,1,0,7
image print cake,https://numnumsbakery.com.au/blog/photo-cake-sydney,0,1,0,7
image printed on cake,https://numnumsbakery.com.au/blog/photo-cake-sydney,0,1,0,5
imagine cake,https://numnumsbakery.com.au/blog/photo-cake-sydney,0,1,0,11
imarti sweet near me,https://numnumsbakery.com.au/indian-sweet,0,1,0,26
in australia,https://numnumsbakery.com.au/blog/cake-cutting-ceremony-sydney,0,1,0,7
in australia,https://numnumsbakery.com.au/blog/eggless-cakes-eid-milad-un-nabi-sydney,0,1,0,4
in nsw,https://numnumsbakery.com.au/blog/multicultural-celebration-cake-sydney,0,1,0,4
in sydney,https://numnumsbakery.com.au/blog/cake-price-guide-sydney,0,1,0,1
in sydney,https://numnumsbakery.com.au/blog/eggless-cakes-chuseok-sydney,0,1,0,7
in sydney,https://numnumsbakery.com.au/blog/eggless-cakes-eid-milad-un-nabi-sydney,0,2,0,5.5
in sydney,https://numnumsbakery.com.au/blog/eggless-cakes-mehendi-sydney,0,1,0,13
india bakery near me,http://www.numnumsbakery.com.au/,0,1,0,1
india bakery near me,https://numnumsbakery.com.au/indian-sweet,0,7,0,12.7
india cakes near me,https://numnumsbakery.com.au/indian-sweet,0,1,0,56
indian baker,https://numnumsbakery.com.au/indian-sweet,0,4,0,6
indian bakery,https://numnumsbakery.com.au/,0,2,0,6
indian bakery,https://numnumsbakery.com.au/blog/best-eggless-cake-shops-sydney-2026,0,7,0,7
indian bakery,https://numnumsbakery.com.au/blog/eggless-cake-bakery-harris-park-riverstone-sydney,0,2,0,6.5
indian bakery,https://numnumsbakery.com.au/indian-sweet,0,201,0,10.6
indian bakery near me,http://www.numnumsbakery.com.au/,0,1,0,5
indian bakery near me,https://numnumsbakery.com.au/blog/eggless-cake-bakery-harris-park-riverstone-sydney,0,2,0,4
indian birthday cake,https://numnumsbakery.com.au/,0,2,0,5.5
indian cake bakery near me,https://numnumsbakery.com.au/,0,4,0,2.2
indian cake bakery near me,https://numnumsbakery.com.au/blog/eggless-cake-bakery-harris-park-riverstone-sydney,0,2,0,4.5
indian cake bakery near me,https://numnumsbakery.com.au/blog/eggless-cakes-doonside,0,1,0,12
indian cake bakery near me,https://numnumsbakery.com.au/indian-sweet,0,2,0,10
indian cake flavours,https://numnumsbakery.com.au/blog/eggless-cake-indian-flavours,0,3,0,13.7
indian cake near me,http://www.numnumsbakery.com.au/,0,3,0,7.3
indian cake near me,https://numnumsbakery.com.au/,0,3,0,7.7
indian cake near me,https://numnumsbakery.com.au/blog/best-eggless-cake-shops-sydney-2026,0,3,0,8.3
indian cake near me,https://numnumsbakery.com.au/blog/eggless-cake-bakery-harris-park-riverstone-sydney,0,4,0,5.8
indian cake near me,https://numnumsbakery.com.au/indian-sweet,0,3,0,26.7
indian cake shop,https://numnumsbakery.com.au/,0,5,0,9.2
indian cake shop,https://numnumsbakery.com.au/blog/best-eggless-cake-shops-sydney-2026,0,3,0,4.3
indian cake shop,https://numnumsbakery.com.au/blog/eggless-cake-bakery-harris-park-riverstone-sydney,0,1,0,4
indian cake shop,https://numnumsbakery.com.au/blog/eggless-cake-indian-flavours,0,1,0,5
indian cake shop,https://numnumsbakery.com.au/indian-sweet,0,8,0,18.2
indian cake shop near me,http://www.numnumsbakery.com.au/,0,2,0,5
indian cake shop near me,https://numnumsbakery.com.au/,0,10,0,6.7
indian cake shop near me,https://numnumsbakery.com.au/blog/eggless-cake-indian-flavours,0,1,0,9
indian cake shop near me,https://numnumsbakery.com.au/cakes,0,1,0,1
indian cake shop near me,https://numnumsbakery.com.au/indian-sweet,0,7,0,19.6
indian cake shops,https://numnumsbakery.com.au/,0,1,0,4
indian cake shops,https://numnumsbakery.com.au/indian-sweet,0,3,0,11
indian cake shops near me,https://numnumsbakery.com.au/,0,1,0,5
indian cake shops near me,https://numnumsbakery.com.au/blog/best-eggless-cake-shops-sydney-2026,0,1,0,8
indian cake shops near me,https://numnumsbakery.com.au/blog/eggless-cake-bakery-harris-park-riverstone-sydney,0,2,0,4
indian cake shops near me,https://numnumsbakery.com.au/indian-sweet,0,1,0,15
indian cakes,https://numnumsbakery.com.au/blog/eggless-cake-indian-flavours,0,2,0,11.5
indian cakes,https://numnumsbakery.com.au/indian-sweet,0,2,0,8
indian cakes and nuts,https://numnumsbakery.com.au/indian-sweet,0,1,0,5
indian cakes near me,https://numnumsbakery.com.au/,0,10,0,12.8
indian cakes near me,https://numnumsbakery.com.au/blog,0,1,0,12
indian cakes near me,https://numnumsbakery.com.au/blog/eggless-cake-bakery-harris-park-riverstone-sydney,0,7,0,4.7
indian cakes near me,https://numnumsbakery.com.au/indian-sweet,0,5,0,43.4
indian dessert near me,https://numnumsbakery.com.au/,0,1,0,12
indian dessert near me,https://numnumsbakery.com.au/indian-sweet,0,4,0,32.8
indian dessert shop near me,https://numnumsbakery.com.au/indian-sweet,0,3,0,35.3
indian desserts near me,https://numnumsbakery.com.au/indian-sweet,0,4,0,32.8
indian eggless cake near me,https://numnumsbakery.com.au/,0,2,0,6
indian eggless cake near me,https://numnumsbakery.com.au/blog/eggless-cakes-doonside,0,1,0,13
indian food harris park,https://numnumsbakery.com.au/,0,3,0,67.7
indian food parcel cabramatta,https://numnumsbakery.com.au/blog/tet-vietnamese-new-year-sydney,0,1,0,86
indian ice cream near me,https://numnumsbakery.com.au/indian-sweet,0,4,0,46.2
indian milk cake near me,https://numnumsbakery.com.au/indian-sweet,0,1,0,9
indian mithai near me,https://numnumsbakery.com.au/indian-sweet,0,4,0,24.2
indian pastries,https://numnumsbakery.com.au/indian-sweet,0,4,0,1
indian pastries near me,https://numnumsbakery.com.au/indian-sweet,0,2,0,24
indian pastry,https://numnumsbakery.com.au/indian-sweet,0,7,0,1
indian restaurant harris park,https://numnumsbakery.com.au/,0,6,0,73
indian style cake near me,https://numnumsbakery.com.au/blog/best-eggless-cake-shops-sydney-2026,0,5,0,3.8
indian style cake near me,https://numnumsbakery.com.au/blog/eggless-cake-bakery-harris-park-riverstone-sydney,0,1,0,10
indian style cakes near me,https://numnumsbakery.com.au/blog/eggless-cake-bakery-harris-park-riverstone-sydney,0,1,0,6
indian sweet shop,https://numnumsbakery.com.au/indian-sweet,0,1,0,42
indian sweet shop near me,https://numnumsbakery.com.au/indian-sweet,0,5,0,28
indian sweet shop sydney,https://numnumsbakery.com.au/indian-sweet,0,19,0,26.5
indian sweets delivery,https://numnumsbakery.com.au/indian-sweet,0,2,0,34.5
indian sweets in liverpool,https://numnumsbakery.com.au/indian-sweet/,0,1,0,41
indian sweets in sydney,https://numnumsbakery.com.au/indian-sweet,0,6,0,19.5
indian sweets liverpool,https://numnumsbakery.com.au/indian-sweet,0,1,0,32
indian sweets near me,https://numnumsbakery.com.au/,0,1,0,20
indian sweets near me,https://numnumsbakery.com.au/indian-sweet,0,5,0,30
indian sweets near me open now,https://numnumsbakery.com.au/indian-sweet,0,2,0,30
indian sweets nearby,https://numnumsbakery.com.au/indian-sweet,0,1,0,42
indian sweets online,https://numnumsbakery.com.au/indian-sweet,0,4,0,13
indian sweets order online,https://numnumsbakery.com.au/indian-sweet,0,2,0,12
indian sweets parramatta,https://numnumsbakery.com.au/blog/indian-sweets-harris-park-riverstone-sydney,0,1,0,4
indian sweets price list,https://numnumsbakery.com.au/indian-sweet,0,2,0,17.5
indian sweets shop,https://numnumsbakery.com.au/indian-sweet,0,1,0,22
indian sweets shop near me,https://numnumsbakery.com.au/indian-sweet,0,4,0,31.8
indian sweets shops,https://numnumsbakery.com.au/indian-sweet,0,1,0,35
indian sweets sydney,https://numnumsbakery.com.au/indian-sweet,0,36,0,23.0
inexpensive wedding cakes near me,https://numnumsbakery.com.au/blog/wedding-cake-sydney-north-west,0,1,0,13
infinity bakery harris farm,https://numnumsbakery.com.au/,0,2,0,54.5
is a pavlova a cake,https://numnumsbakery.com.au/blog/eggless-cake-vs-pavlova,0,1,0,11
is any bakery open near me,https://numnumsbakery.com.au/,0,1,0,3
is cake halal,https://numnumsbakery.com.au/blog/halal-friendly-cakes-eggless-sydney,0,1,0,1
is cake vegetarian,https://numnumsbakery.com.au/blog/vegan-vs-eggless-cakes-difference,0,1,0,9
is cheesecake egg free,https://numnumsbakery.com.au/blog/eggless-cake-vs-cheesecake-sydney,0,1,0,9
is cheesecake eggless,https://numnumsbakery.com.au/blog/eggless-cake-vs-cheesecake-sydney,0,1,0,6
is eggless cake more expensive,https://numnumsbakery.com.au/blog/eggless-cake-vs-supermarket-cake,0,2,0,9
is eggless cake vegan,https://numnumsbakery.com.au/blog/vegan-vs-eggless-cakes-difference,0,4,0,7.8
is pavlova a cake,https://numnumsbakery.com.au/blog/eggless-cake-vs-pavlova,0,1,0,12
is there egg in cheese cake,https://numnumsbakery.com.au/blog/eggless-cake-vs-cheesecake-sydney,0,1,0,7
is vegan eggless,https://numnumsbakery.com.au/blog/vegan-vs-eggless-cakes-difference,0,1,0,9
islamic bakery,https://numnumsbakery.com.au/blog/multicultural-celebration-cake-sydney,0,1,0,4
islamic cakes,https://numnumsbakery.com.au/,0,1,0,7
island rum cake,https://numnumsbakery.com.au/,0,1,0,6
it didn't rise,https://numnumsbakery.com.au/blog/eggless-cake-troubleshooting,0,1,0,3
ivory bakery,https://numnumsbakery.com.au/cakes,0,1,0,34
jain bakery,https://numnumsbakery.com.au/,0,1,0,1
jain cake,https://numnumsbakery.com.au/,0,1,0,1
jain sweets,https://numnumsbakery.com.au/,0,1,0,5
jalebi near me,https://numnumsbakery.com.au/,0,3,0,16.3
jamun near me,https://numnumsbakery.com.au/,0,1,0,8
japanese cake sydney,https://numnumsbakery.com.au/,0,2,0,76
juices near me,https://numnumsbakery.com.au/,0,1,0,43
kabhi b bakery near me,https://numnumsbakery.com.au/,0,1,0,1
kabhi bhi bakery near me,https://numnumsbakery.com.au/,0,1,0,1
kachori,https://numnumsbakery.com.au/,0,1,0,19
kadhai doodh near me,https://numnumsbakery.com.au/indian-sweet,0,1,0,11
kaju barfi near me,https://numnumsbakery.com.au/indian-sweet,0,2,0,2
kaju katli,https://numnumsbakery.com.au/,0,1,0,20
kaju katli near me,https://numnumsbakery.com.au/indian-sweet,0,10,0,14.1
kaju roll price,https://numnumsbakery.com.au/indian-sweet,0,1,0,14
kaju shake near me,https://numnumsbakery.com.au/indian-sweet,0,1,0,9
kaju special,https://numnumsbakery.com.au/indian-sweet,0,1,0,3
kalakand near me,https://numnumsbakery.com.au/,0,2,0,14
kalakand sweet near me,https://numnumsbakery.com.au/indian-sweet,0,1,0,11
kalymnos bakery,https://numnumsbakery.com.au/,0,3,0,52.3
kalymnos pastries,https://numnumsbakery.com.au/,0,1,0,56
kalymnos pastries menu,https://numnumsbakery.com.au/,0,2,0,50.5
kalymnos pastry,https://numnumsbakery.com.au/,0,1,0,60
kandi pedha near me,https://numnumsbakery.com.au/indian-sweet,0,1,0,7
karwa chauth 2026 sydney,https://numnumsbakery.com.au/blog/eggless-cakes-karwa-chauth-sydney,0,1,0,4
kataifi pastry near me,http://www.numnumsbakery.com.au/,0,1,0,7
kataifi pastry near me,https://numnumsbakery.com.au/,0,1,0,1
kellyville cakes,https://numnumsbakery.com.au/,0,1,0,44
keto baker,https://numnumsbakery.com.au/blog/eggless-cake-keto-low-carb-sydney,0,1,0,8
keto bakery,https://numnumsbakery.com.au/blog/eggless-cake-keto-low-carb-sydney,0,3,0,8.3
keto bakery sydney,https://numnumsbakery.com.au/blog/eggless-cake-keto-low-carb-sydney,0,1,0,9
keto cake sydney,https://numnumsbakery.com.au/blog/eggless-cake-keto-low-carb-sydney,0,1,0,11
keto cakes sydney,https://numnumsbakery.com.au/blog/eggless-cake-keto-low-carb-sydney,0,1,0,7
khaja mithai near me,https://numnumsbakery.com.au/indian-sweet,0,1,0,13
khanom house,https://numnumsbakery.com.au/,0,6,0,63.3
khanom house by the baking lists,https://numnumsbakery.com.au/,0,2,0,46
khanom house by the baking lists menu,https://numnumsbakery.com.au/,0,1,0,43
khanom house chippendale,https://numnumsbakery.com.au/,0,1,0,64
khanom house sydney,https://numnumsbakery.com.au/,0,1,0,50
khoya kulfi near me,https://numnumsbakery.com.au/indian-sweet,0,1,0,61
kids bakery,https://numnumsbakery.com.au/blog/kids-birthday-cake-north-west-sydney,0,1,0,11
kids birthday cake,http://www.numnumsbakery.com.au/,0,2,0,7
kids birthday cake,https://numnumsbakery.com.au/,0,1,0,7
kids birthday cake near me,https://numnumsbakery.com.au/,0,3,0,16
kids birthday cake sydney,https://numnumsbakery.com.au/blog/kids-birthday-cake-north-west-sydney,0,5,0,15
kids birthday cake sydney,https://numnumsbakery.com.au/cakes,0,2,0,41
kids birthday cakes,https://numnumsbakery.com.au/blog/kids-birthday-cake-north-west-sydney,0,2,0,10
kids birthday cakes near me,https://numnumsbakery.com.au/,0,2,0,28.5
kids birthday cakes sydney,https://numnumsbakery.com.au/blog/kids-birthday-cake-north-west-sydney,0,4,0,17.8
kids cake sydney,https://numnumsbakery.com.au/blog/kids-birthday-cake-north-west-sydney,0,13,0,20.9
kids cake sydney,https://numnumsbakery.com.au/cakes,0,18,0,41.8
kids cakes,https://numnumsbakery.com.au/cakes,0,1,0,38
kids cakes near me,https://numnumsbakery.com.au/,0,1,0,47
kids cakes sydney,https://numnumsbakery.com.au/blog/kids-birthday-cake-north-west-sydney,0,1,0,16
kids cakes sydney,https://numnumsbakery.com.au/cakes,0,4,0,44.8
"kids cakes sydney,",https://numnumsbakery.com.au/blog/kids-birthday-cake-north-west-sydney,0,1,0,8
kids photo cake,https://numnumsbakery.com.au/blog/photo-cake-sydney,0,1,0,5
kincumber bakery,https://numnumsbakery.com.au/,0,1,0,52
kitchen cake wedding,https://numnumsbakery.com.au/blog/wedding-cake-sydney-north-west,0,1,0,13
kitchens pemulwuy,https://numnumsbakery.com.au/blog/eggless-cakes-pemulwuy,0,2,0,30.5
korean bakery near me,https://numnumsbakery.com.au/,0,3,0,15
korean cake shop near me,http://www.numnumsbakery.com.au/,0,1,0,10
kosher cakes sydney,https://numnumsbakery.com.au/blog/eggless-cakes-bar-mitzvah-sydney,0,1,0,18
kosher cakes sydney,https://numnumsbakery.com.au/blog/eggless-cakes-purim-sydney,0,1,0,10
kpop cake near me,https://numnumsbakery.com.au/,0,1,0,16
kulcha bakery near me,https://numnumsbakery.com.au/,0,1,0,7
kulcha bread,https://numnumsbakery.com.au/,0,1,0,6
kulcha near me,https://numnumsbakery.com.au/,0,3,0,37
kulcha shop near me,https://numnumsbakery.com.au/,0,1,0,28
kulfi falooda near me,https://numnumsbakery.com.au/indian-sweet,0,1,0,39
kulfi near me,https://numnumsbakery.com.au/indian-sweet,0,2,0,68.5
lactose free desserts,https://numnumsbakery.com.au/,0,1,0,1
laddoos near me,https://numnumsbakery.com.au/indian-sweet,0,1,0,6
laddu near me,https://numnumsbakery.com.au/indian-sweet,0,9,0,9.8
lalor park post code,https://numnumsbakery.com.au/blog/eggless-cakes-lalor-park,0,2,0,11.5
large sheet cakes,https://numnumsbakery.com.au/blog/sheet-cake-sydney,0,1,0,7
large wedding cakes,https://numnumsbakery.com.au/blog/wedding-cake-sydney-north-west,0,1,0,7
last minute wedding cake,https://numnumsbakery.com.au/blog/wedding-cake-sydney-north-west,0,1,0,16
last minute wedding cakes,https://numnumsbakery.com.au/blog/wedding-cake-sydney-north-west,0,1,0,18
last saturday,https://numnumsbakery.com.au/blog/eggless-cake-storage-freshness-guide,0,1,0,2
lava cake near me,https://numnumsbakery.com.au/,0,1,0,10
lebanese bakery near me,https://numnumsbakery.com.au/,0,3,0,5
lemon bakery,https://numnumsbakery.com.au/,0,6,0,53.3
lemon cake bakery,https://numnumsbakery.com.au/,0,7,0,85.7
lemon cake near me,https://numnumsbakery.com.au/,0,3,0,38.3
lemon cake sydney,https://numnumsbakery.com.au/,0,7,0,82.4
lemon cake sydney,https://numnumsbakery.com.au/cakes,0,1,0,81
lemon drizzle cake near me,https://numnumsbakery.com.au/,0,3,0,64
lemon drizzle cake sydney,https://numnumsbakery.com.au/,0,1,0,88
lemon meringue cake sydney,https://numnumsbakery.com.au/cakes,0,2,0,74.5
leopard print cake near me,https://numnumsbakery.com.au/blog/photo-cake-sydney,0,1,0,8
like on the street,https://numnumsbakery.com.au/,0,1,0,4
like on the street,https://numnumsbakery.com.au/blog/eggless-cakes-ryde,0,1,0,5
live cakes,https://numnumsbakery.com.au/blog/best-cake-sydney,0,1,0,10
liverpool deliver cake,https://numnumsbakery.com.au/,0,7,0,69.9
loaded cookies near me,https://numnumsbakery.com.au/,0,1,0,30
local bakery near me,https://numnumsbakery.com.au/,0,2,0,7.5
local cake shops near me,https://numnumsbakery.com.au/,0,1,0,8
local cake shops near me,https://numnumsbakery.com.au/blog/eggless-cake-bakery-harris-park-riverstone-sydney,0,1,0,8
local cakes,https://numnumsbakery.com.au/,0,1,0,75
local pastry shops,https://numnumsbakery.com.au/,0,1,0,6
local pickup,https://numnumsbakery.com.au/,0,1,0,2
local pickup,https://numnumsbakery.com.au/cakes,0,1,0,5
low calorie desserts near me,https://numnumsbakery.com.au/blog/best-dessert-shop-sydney,0,1,0,24
low fodmap cake,https://numnumsbakery.com.au/blog/eggless-cake-low-fodmap-sydney,0,5,0,18.4
low fodmap cakes,https://numnumsbakery.com.au/blog/eggless-cake-low-fodmap-sydney,0,1,0,24
low sugar cake near me,https://numnumsbakery.com.au/blog/best-dessert-shop-sydney,0,2,0,9
low sugar cakes near me,https://numnumsbakery.com.au/blog/best-dessert-shop-sydney,0,1,0,9
lugarno bakery,https://numnumsbakery.com.au/,0,1,0,36
lumos bakery mckinnon,https://numnumsbakery.com.au/,0,2,0,51.5
lumos cafe north sydney,https://numnumsbakery.com.au/,0,1,0,68
lumos north sydney,https://numnumsbakery.com.au/,0,3,0,75.7
lunch spots near me,https://numnumsbakery.com.au/,0,1,0,38
lunchbox cakes sydney,https://numnumsbakery.com.au/,0,1,0,59
lychee cake,https://numnumsbakery.com.au/,0,1,0,7
m and m bakery,https://numnumsbakery.com.au/,0,1,0,57
macquarie cake,https://numnumsbakery.com.au/,0,1,0,73
magnolia bakery,https://numnumsbakery.com.au/,0,4,0,47.5
magnolia bakery australia,https://numnumsbakery.com.au/,0,1,0,48
magnolia bakery locations,https://numnumsbakery.com.au/,0,1,0,36
magnolia bakery near me,https://numnumsbakery.com.au/,0,3,0,33
magnolia cakes and cupcakes,https://numnumsbakery.com.au/,0,1,0,43
magnolia patisserie bankstown,https://numnumsbakery.com.au/,0,1,0,59
magnolia's bakery,https://numnumsbakery.com.au/,0,3,0,43
magnolias bakery,https://numnumsbakery.com.au/,0,1,0,40
make your own cake,https://numnumsbakery.com.au/blog/how-to-design-birthday-cake-sydney,0,1,0,10
malai kulfi,https://numnumsbakery.com.au/,0,1,0,43
malai kulfi near me,https://numnumsbakery.com.au/indian-sweet,0,1,0,51
mango cake,https://numnumsbakery.com.au/,0,6,0,9.3
mango cake bakery,https://numnumsbakery.com.au/,0,1,0,11
mango cake near me,https://numnumsbakery.com.au/,0,4,0,2
mango cake near me,https://numnumsbakery.com.au/cakes,0,2,0,1.5
mango cake slice,https://numnumsbakery.com.au/,0,1,0,9
mango cake slices,https://numnumsbakery.com.au/,0,1,0,14
mango cake slices,https://numnumsbakery.com.au/cakes,0,1,0,15
mango cakw,https://numnumsbakery.com.au/,0,1,0,1
mango cakw,https://numnumsbakery.com.au/cakes,0,1,0,1
mango cream cake,https://numnumsbakery.com.au/,0,2,0,7.5
mango desserts near me,http://www.numnumsbakery.com.au/,0,1,0,4
mango tres leches cake near me,https://numnumsbakery.com.au/,0,1,0,7
mangos,https://numnumsbakery.com.au/,0,1,0,5
mangos,https://numnumsbakery.com.au/cakes,0,1,0,5
manjots baking,https://numnumsbakery.com.au/,0,2,0,38.5
manning bakery,https://numnumsbakery.com.au/,0,2,0,23.5
mannino's bakery menu and prices,https://numnumsbakery.com.au/,0,1,0,3
mannum bakery,https://numnumsbakery.com.au/,0,8,0,25.5
mannum bakery,https://numnumsbakery.com.au/order,0,1,0,63
mannum bakery opening hours,https://numnumsbakery.com.au/,0,1,0,47
manu bakery,https://numnumsbakery.com.au/,0,1,0,35
maraylya postcode,https://numnumsbakery.com.au/blog/eggless-cakes-maraylya,0,1,0,11
marayong bakery,https://numnumsbakery.com.au/blog/eggless-cakes-marayong,0,2,0,10
maridale park bakery,https://numnumsbakery.com.au/,0,1,0,36
marsden park bakery,https://numnumsbakery.com.au/,0,7,0,9.4
marsden park bakery,https://numnumsbakery.com.au/blog/best-dessert-shop-sydney,0,14,0,9.9
marsden park bakery,https://numnumsbakery.com.au/cakes,0,1,0,13
marsden park cake shop,https://numnumsbakery.com.au/cakes,0,1,0,8
marsfield chinese kitchen menu,https://numnumsbakery.com.au/blog/eggless-cakes-marsfield,0,1,0,22
matcha birthday cake near me,http://www.numnumsbakery.com.au/,0,1,0,47
mathura peda near me,https://numnumsbakery.com.au/indian-sweet,0,1,0,3
matilda cake near me,https://numnumsbakery.com.au/,0,1,0,8
matka kulfi near me,https://numnumsbakery.com.au/indian-sweet,0,2,0,57
mawa kulfi near me,https://numnumsbakery.com.au/indian-sweet,0,1,0,73
mawson bakery,https://numnumsbakery.com.au/,0,1,0,8
mckinnon bakery,https://numnumsbakery.com.au/,0,2,0,56
mckinnon village bakery,https://numnumsbakery.com.au/,0,3,0,50
meadowbank cake,https://numnumsbakery.com.au/blog/eggless-cakes-meadowbank,0,1,0,11
meat near me,https://numnumsbakery.com.au/,0,1,0,41
meat pie near me,https://numnumsbakery.com.au/,0,1,0,17
meat pie shop near me,https://numnumsbakery.com.au/,0,1,0,20
meat pies near me,https://numnumsbakery.com.au/,0,3,0,13.3
melonba,https://numnumsbakery.com.au/blog/eggless-cake-bakery-harris-park-riverstone-sydney,0,1,0,1
melrose bakery,https://numnumsbakery.com.au/blog/eggless-cakes-melrose-park,0,1,0,8
men's birthday cakes,https://numnumsbakery.com.au/blog/birthday-cake-for-men-sydney,0,1,0,11
mermaid cake,https://numnumsbakery.com.au/,0,1,0,4
mermaid cake near me,https://numnumsbakery.com.au/,0,1,0,64
merrylands bakery,https://numnumsbakery.com.au/,0,1,0,26
merrylands cake,https://numnumsbakery.com.au/,0,1,0,30
merrylands cake shop,https://numnumsbakery.com.au/,0,8,0,30.9
merrylands cakes,https://numnumsbakery.com.au/,0,1,0,27
milad bakery,https://numnumsbakery.com.au/blog/eggless-cakes-eid-milad-un-nabi-sydney,0,1,0,9
milk cake,https://numnumsbakery.com.au/,0,4,0,17.5
milk cake indian near me,https://numnumsbakery.com.au/indian-sweet,0,2,0,8.5
milk cake indian sweet near me,https://numnumsbakery.com.au/indian-sweet,0,1,0,12
milk cake near me,https://numnumsbakery.com.au/,0,6,0,17.8
milk cake sydney,https://numnumsbakery.com.au/,0,1,0,14
mille feuille cake sydney,https://numnumsbakery.com.au/,0,4,0,78.8
millstone bakery,https://numnumsbakery.com.au/,0,2,0,24
millstone cakes,https://numnumsbakery.com.au/,0,1,0,36
millstone patisserie,https://numnumsbakery.com.au/,0,3,0,32.3
milton bakery,https://numnumsbakery.com.au/,0,5,0,47
milton bakery nsw,https://numnumsbakery.com.au/,0,3,0,46
milton cake shop,https://numnumsbakery.com.au/,0,2,0,33.5
milton patisserie,https://numnumsbakery.com.au/,0,1,0,61
mimo desserts,https://numnumsbakery.com.au/,0,2,0,34.5
min bakery,https://numnumsbakery.com.au/blog/best-dessert-shop-sydney,0,2,0,10
min bakery,https://numnumsbakery.com.au/blog/best-eggless-cake-shops-sydney-2026,0,1,0,10
min bakery,https://numnumsbakery.com.au/blog/eggless-cake-bakery-harris-park-riverstone-sydney,0,5,0,9.6
min bakery,https://numnumsbakery.com.au/blog/eggless-cakes-mays-hill,0,1,0,10
min bakery,https://numnumsbakery.com.au/blog/eggless-cakes-old-guildford,0,1,0,8
min bakery,https://numnumsbakery.com.au/blog/eggless-cakes-riverstone,0,1,0,8
min bakery,https://numnumsbakery.com.au/blog/eggless-cakes-villawood,0,1,0,8
min's bakery,https://numnumsbakery.com.au/blog/eggless-cakes-schofields,0,1,0,11
mince and cheese pie near me,https://numnumsbakery.com.au/,0,1,0,10
mince and double cheese pie near me,https://numnumsbakery.com.au/,0,1,0,4
minchinbury bakery,https://numnumsbakery.com.au/blog/eggless-cakes-minchinbury,0,4,0,13
minchinbury postcode,https://numnumsbakery.com.au/blog/eggless-cakes-minchinbury,0,1,0,5
mini birthday cakes sydney,https://numnumsbakery.com.au/,0,1,0,55
mini cake,https://numnumsbakery.com.au/,0,6,0,13.2
mini cake near me,https://numnumsbakery.com.au/,0,1,0,18
mini cake shop near me,https://numnumsbakery.com.au/,0,2,0,2
mini cake sydney,https://numnumsbakery.com.au/,0,7,0,48.4
mini cake sydney,https://numnumsbakery.com.au/cakes,0,1,0,67
mini cakes,https://numnumsbakery.com.au/,0,3,0,12.3
mini cakes near me,https://numnumsbakery.com.au/,0,1,0,5
mini cakes sydney,https://numnumsbakery.com.au/,0,2,0,4
mini carrot cake near me,https://numnumsbakery.com.au/,0,2,0,3
mini cup cake,https://numnumsbakery.com.au/,0,1,0,5
mini cup cakes,https://numnumsbakery.com.au/,0,2,0,2
mini cupcakes,https://numnumsbakery.com.au/,0,12,0,5.1
mini desserts near me,https://numnumsbakery.com.au/blog/best-dessert-shop-sydney,0,1,0,25
mini desserts to buy near me,https://numnumsbakery.com.au/blog/best-dessert-shop-sydney,0,1,0,21
mini donuts near me,https://numnumsbakery.com.au/,0,1,0,11
mini eggless cake,https://numnumsbakery.com.au/blog/eggless-cakes-northwest-sydney,0,1,0,1
minion cake,https://numnumsbakery.com.au/,0,1,0,2
minto bakery,https://numnumsbakery.com.au/,0,1,0,55
minute bakery,https://numnumsbakery.com.au/blog/eggless-cakes-schofields,0,1,0,4
mio nonno pasticceria,https://numnumsbakery.com.au/,0,2,0,51.5
mishti sweets near me,https://numnumsbakery.com.au/indian-sweet,0,1,0,22
miss cake sydney,https://numnumsbakery.com.au/blog/best-eggless-cake-shops-sydney-2026,0,2,0,11
miss cake sydney,https://numnumsbakery.com.au/blog/eggless-cake-bakery-harris-park-riverstone-sydney,0,1,0,11
mithai bakery,https://numnumsbakery.com.au/indian-sweet,0,1,0,7
mithai cake shop,https://numnumsbakery.com.au/indian-sweet,0,1,0,10
mithai cakes,https://numnumsbakery.com.au/indian-sweet,0,1,0,9
mithai near me,https://numnumsbakery.com.au/indian-sweet,0,4,0,23
mithai online,https://numnumsbakery.com.au/indian-sweet,0,1,0,17
mithai pasal near me,https://numnumsbakery.com.au/indian-sweet,0,3,0,10
mithai price,https://numnumsbakery.com.au/indian-sweet,0,3,0,9.3
mithai price per kg,https://numnumsbakery.com.au/indian-sweet,0,5,0,8.6
mithai prices,https://numnumsbakery.com.au/indian-sweet,0,1,0,9
mithai shop near me,https://numnumsbakery.com.au/indian-sweet,0,1,0,26
mithais,https://numnumsbakery.com.au/indian-sweet,0,2,0,27.5
mixed fruits cake,https://numnumsbakery.com.au/,0,1,0,4
mmm num nums,https://numnumsbakery.com.au/,0,1,0,8
mn bakery,https://numnumsbakery.com.au/,0,1,0,3
mnm bakery,https://numnumsbakery.com.au/,0,3,0,11.7
mohit?,https://numnumsbakery.com.au/blog/best-eggless-cake-shops-sydney-2026,0,1,0,8
mohit?,https://numnumsbakery.com.au/blog/eggless-cakes-prairiewood,0,1,0,7
mon cakes,https://numnumsbakery.com.au/blog/multicultural-celebration-cake-sydney,0,1,0,6
mona lisa cakes,https://numnumsbakery.com.au/cakes,0,1,0,41
mona vale bakery,https://numnumsbakery.com.au/,0,6,0,51.5
mona's bakehouse,https://numnumsbakery.com.au/,0,1,0,46
monas bakehouse,https://numnumsbakery.com.au/,0,2,0,44.5
mongolia bakery,https://numnumsbakery.com.au/,0,1,0,43
more,https://numnumsbakery.com.au/blog/multicultural-celebration-cake-sydney,0,1,0,7
morning pastries,https://numnumsbakery.com.au/,0,1,0,1
mothers day cakes sydney,https://numnumsbakery.com.au/,0,20,0,77.4
motichoor ladoo near me,https://numnumsbakery.com.au/,0,4,0,5.8
motichoor ladoo near me,https://numnumsbakery.com.au/indian-sweet,0,1,0,21
mount druitt cake shop,https://numnumsbakery.com.au/blog/eggless-cakes-mount-druitt,0,3,0,10.7
mousse cake near me,https://numnumsbakery.com.au/,0,2,0,71
mousse cakes near me,https://numnumsbakery.com.au/,0,1,0,63
moxons bakery,https://numnumsbakery.com.au/,0,1,0,36
moxons bakery armidale,https://numnumsbakery.com.au/,0,2,0,49
mud cake near me,http://www.numnumsbakery.com.au/,0,2,0,7
mud cake near me,https://numnumsbakery.com.au/,0,3,0,10
mud cake vs normal cake,https://numnumsbakery.com.au/blog/eggless-cake-vs-mud-cake,0,2,0,9.5
mud cake vs sponge cake,https://numnumsbakery.com.au/blog/eggless-cake-vs-mud-cake,0,9,0,4.2
mud chocolate cake,http://www.numnumsbakery.com.au/,0,1,0,7
mudcake near me,https://numnumsbakery.com.au/,0,1,0,7
muffin near me,https://numnumsbakery.com.au/,0,2,0,3
muffins near me,https://numnumsbakery.com.au/,0,2,0,22.5
muffins near ne,https://numnumsbakery.com.au/,0,1,0,18
multilayer cake,https://numnumsbakery.com.au/,0,1,0,2
mum bakery,https://numnumsbakery.com.au/,0,1,0,14
mum's,http://www.numnumsbakery.com.au/,0,1,0,12
mum's bakery,https://numnumsbakery.com.au/,0,2,0,25.5
mums bakehouse,https://numnumsbakery.com.au/,0,1,0,46
mums baking,https://numnumsbakery.com.au/,0,2,0,30.5
mums buns,https://numnumsbakery.com.au/,0,3,0,57.3
mums cakes,https://numnumsbakery.com.au/,0,1,0,85
mums cakes,https://numnumsbakery.com.au/blog,0,1,0,14
mums cakes,https://numnumsbakery.com.au/blog/eggless-cake-bakery-harris-park-riverstone-sydney,0,1,0,64
mums cakes,https://numnumsbakery.com.au/cakes,0,1,0,95
mumunest cake shop,https://numnumsbakery.com.au/about,0,1,0,11
munja bakehouse,https://numnumsbakery.com.au/,0,1,0,54
murukku,http://www.numnumsbakery.com.au/,0,1,0,4
n & n the cake shop,https://numnumsbakery.com.au/,0,1,0,22
n and n cakes,https://numnumsbakery.com.au/,0,2,0,7
n&n cakes,https://numnumsbakery.com.au/,0,2,0,38
n&n cakes,https://numnumsbakery.com.au/cakes,0,2,0,38
naan bakery near me,https://numnumsbakery.com.au/indian-sweet,0,1,0,72
naan bread near me,https://numnumsbakery.com.au/,0,2,0,17.5
nahoum's bakery,https://numnumsbakery.com.au/,0,1,0,2
nahoum's bakery,https://numnumsbakery.com.au/cakes,0,1,0,2
nahoums,https://numnumsbakery.com.au/,0,1,0,2
naked cake sydney,https://numnumsbakery.com.au/blog/semi-naked-cake-sydney,0,1,0,7
nam bakery,https://numnumsbakery.com.au/blog/best-eggless-cake-shops-sydney-2026,0,4,0,7.2
nam nam bakery,https://numnumsbakery.com.au/about,0,7,0,4.1
nam nam bakery,https://numnumsbakery.com.au/blog/best-eggless-cake-shops-sydney-2026,0,2,0,10
nam nam bakery,https://numnumsbakery.com.au/blog/eggless-cake-bakery-harris-park-riverstone-sydney,0,3,0,8
nam nam bakery,https://numnumsbakery.com.au/blog/eggless-cakes-dean-park,0,1,0,6
nam nam bakery,https://numnumsbakery.com.au/cakes,0,15,0,5.4
nam nam bakery,https://numnumsbakery.com.au/order,0,23,0,4.6
nam nam cake,https://numnumsbakery.com.au/,0,1,0,3
nam nam cake,https://numnumsbakery.com.au/cakes,0,1,0,10
nam's eggless bakes,https://numnumsbakery.com.au/,0,15,0,7.8
nam's eggless bakes,https://numnumsbakery.com.au/cakes,0,7,0,10.1
naman bakery,https://numnumsbakery.com.au/,0,1,0,1
nams bakery,https://numnumsbakery.com.au/,0,1,0,6
nams cake,https://numnumsbakery.com.au/,0,2,0,25
nan butter,https://numnumsbakery.com.au/,0,1,0,7
nanna bakery,https://numnumsbakery.com.au/,0,2,0,31
nannos bakery,https://numnumsbakery.com.au/,0,1,0,3
nano bakery,https://numnumsbakery.com.au/,0,1,0,5
nano's bakery,https://numnumsbakery.com.au/,0,1,0,6
naomi cakes,https://numnumsbakery.com.au/,0,1,0,31
narooma bakery,https://numnumsbakery.com.au/,0,4,0,57.8
natural bakery,https://numnumsbakery.com.au/blog/eggless-cakes-northwest-sydney,0,1,0,1
near birthday cake shop,https://numnumsbakery.com.au/,0,1,0,4
near cake shop,https://numnumsbakery.com.au/,0,3,0,8.3
near cake shop near me,https://numnumsbakery.com.au/,0,3,0,4.7
near cake shop near me,https://numnumsbakery.com.au/cakes,0,1,0,9
near me cake shop,https://numnumsbakery.com.au/,0,1,0,10
near to me,https://numnumsbakery.com.au/blog/eggless-cake-bakery-harris-park-riverstone-sydney,0,1,0,8
near train station,https://numnumsbakery.com.au/blog/eggless-cake-bakery-harris-park-riverstone-sydney,0,1,0,12
nearby bakeries,http://www.numnumsbakery.com.au/,0,2,0,1
nearby bakery,https://numnumsbakery.com.au/,0,1,0,7
nearby birthday cake shop,https://numnumsbakery.com.au/,0,1,0,8
nearby cake shop,https://numnumsbakery.com.au/,0,1,0,2
nearby sweet shop,https://numnumsbakery.com.au/,0,1,0,7
nearest bakery,https://numnumsbakery.com.au/,0,1,0,3
nearest bakery,https://numnumsbakery.com.au/blog/eggless-cake-bakery-harris-park-riverstone-sydney,0,1,0,12
nearest bakery,https://numnumsbakery.com.au/blog/eggless-cakes-schofields,0,2,0,18
nearest bakery,https://numnumsbakery.com.au/cakes,0,1,0,3
nearest cake shop,https://numnumsbakery.com.au/,0,2,0,1
neelam's eggless bakery menu,https://numnumsbakery.com.au/blog/eggless-cake-storage-freshness-guide,0,1,0,8
nemo's cake,https://numnumsbakery.com.au/,0,4,0,57.8
nemo's cake where to buy,https://numnumsbakery.com.au/,0,1,0,26
nemos cake,https://numnumsbakery.com.au/,0,2,0,36.5
nemos cake near me,https://numnumsbakery.com.au/,0,1,0,13
nemos cake near me,https://numnumsbakery.com.au/cakes,0,1,0,14
nepali cake shop near me,https://numnumsbakery.com.au/,0,2,0,1
new bakery near me,https://numnumsbakery.com.au/,0,2,0,10
newborn cakes,https://numnumsbakery.com.au/,0,1,0,16
next day birthday cake,http://www.numnumsbakery.com.au/,0,1,0,4
nice cake,https://numnumsbakery.com.au/blog/best-cake-sydney,0,1,0,22
nice cake near me,https://numnumsbakery.com.au/,0,1,0,15
nice cakes,https://numnumsbakery.com.au/blog/best-cake-sydney,0,1,0,23
nice dinner spots near me,https://numnumsbakery.com.au/,0,1,0,188
nice place to eat near me,https://numnumsbakery.com.au/,0,1,0,49
niche deserts,https://numnumsbakery.com.au/blog/best-dessert-shop-sydney,0,6,0,1
niche dessert,https://numnumsbakery.com.au/blog/best-dessert-shop-sydney,0,1,0,1
niche desserts,https://numnumsbakery.com.au/blog/best-dessert-shop-sydney,0,2,0,1
nikos cakes prices,https://numnumsbakery.com.au/blog/cake-price-guide-sydney,0,1,0,8
nim num,https://numnumsbakery.com.au/,0,6,0,4.2
nim nums,https://numnumsbakery.com.au/,0,1,0,2
nim nums,https://numnumsbakery.com.au/order,0,1,0,9
nimitabel bakery,https://numnumsbakery.com.au/blog/eggless-cakes-pitt-town,0,1,0,61
nimmitabel bakery,https://numnumsbakery.com.au/,0,5,0,43.8
nimmitabel bakery jindabyne,https://numnumsbakery.com.au/,0,2,0,46
nisa bakery,https://numnumsbakery.com.au/,0,1,0,9
no bakery,https://numnumsbakery.com.au/,0,5,0,14.6
no cream cake,https://numnumsbakery.com.au/,0,1,0,8
no egg,https://numnumsbakery.com.au/,0,3,0,1
no egg bakery,https://numnumsbakery.com.au/blog/best-eggless-cake-shops-sydney-2026,0,1,0,6
no egg bakery near me,https://numnumsbakery.com.au/blog/best-eggless-cake-shops-sydney-2026,0,2,0,2
no egg cake near me,https://numnumsbakery.com.au/blog/best-eggless-cake-shops-sydney-2026,0,8,0,6.1
no egg cake near me,https://numnumsbakery.com.au/blog/eggless-cakes-dean-park,0,1,0,11
no egg cake shop,https://numnumsbakery.com.au/blog/best-eggless-cake-shops-sydney-2026,0,1,0,3
no egg cakes near me,https://numnumsbakery.com.au/,0,1,0,8
no egg cakes near me,https://numnumsbakery.com.au/blog/eggless-cakes-winston-hills,0,1,0,10
no egg funnel cake recipe,https://numnumsbakery.com.au/blog/vegan-vs-eggless-cakes-difference,0,1,0,3
no egg?,https://numnumsbakery.com.au/,0,1,0,2
no name bakery,https://numnumsbakery.com.au/,0,1,0,30
no sugar cake,https://numnumsbakery.com.au/,0,1,0,10
no sugar desserts near me,https://numnumsbakery.com.au/blog/best-dessert-shop-sydney,0,1,0,12
noah bakery,https://numnumsbakery.com.au/,0,2,0,31
noah's bakery,https://numnumsbakery.com.au/,0,1,0,42
noams,https://numnumsbakery.com.au/,0,3,0,49
noble park bakery,https://numnumsbakery.com.au/,0,1,0,43
nogas cakes,https://numnumsbakery.com.au/,0,4,0,35
nom bakery,https://numnumsbakery.com.au/,0,3,0,2.3
nom bakery,https://numnumsbakery.com.au/about,0,1,0,9
nom bakes,https://numnumsbakery.com.au/,0,1,0,2
nom nom,https://numnumsbakery.com.au/,0,1,0,2
nom nom bakery,http://www.numnumsbakery.com.au/,0,1,0,1
nom nom bakery,https://numnumsbakery.com.au/cakes,0,4,0,1
nom nom bakery,https://numnumsbakery.com.au/order,0,4,0,7.5
nom nom bakery hamilton,https://numnumsbakery.com.au/,0,9,0,8
nom nom bubble tea and dessert cafe,https://numnumsbakery.com.au/,0,1,0,51
nom nom cake,https://numnumsbakery.com.au/,0,3,0,4.7
nom nom cake,https://numnumsbakery.com.au/cakes,0,1,0,2
nom nom cakes,http://www.numnumsbakery.com.au/,0,3,0,6
nom nom cupcakes,https://numnumsbakery.com.au/,0,2,0,4.5
nom nom dessert,https://numnumsbakery.com.au/,0,2,0,42.5
nom noms,http://www.numnumsbakery.com.au/,0,1,0,1
nom noms,https://numnumsbakery.com.au/,0,11,0,1.2
noma bakery,https://numnumsbakery.com.au/,0,1,0,3
nommi blackberry rolls,https://numnumsbakery.com.au/,0,1,0,5
nommi blackberry rolls,https://numnumsbakery.com.au/cakes,0,1,0,5
nomnom,https://numnumsbakery.com.au/,0,7,0,3.6
nomnom bakery,https://numnumsbakery.com.au/,0,16,0,6.3
nomnom cake,https://numnumsbakery.com.au/cakes,0,13,0,9.6
nomnom cake,https://numnumsbakery.com.au/indian-sweet,0,1,0,75
nomnom cake,https://numnumsbakery.com.au/order,0,2,0,65
nomnom cookies,https://numnumsbakery.com.au/,0,1,0,1
nomnom dessert,http://www.numnumsbakery.com.au/,0,1,0,7
nomnom dessert,https://numnumsbakery.com.au/,0,7,0,8.1
nomnom shop,https://numnumsbakery.com.au/,0,1,0,13
noms bakery,https://numnumsbakery.com.au/,0,1,0,1
noms near me,https://numnumsbakery.com.au/,0,2,0,50
non bakery,https://numnumsbakery.com.au/blog/best-dessert-shop-sydney,0,1,0,6
non nums,https://numnumsbakery.com.au/,0,1,0,7
nong cake,https://numnumsbakery.com.au/,0,2,0,1.5
nong cake,https://numnumsbakery.com.au/cakes,0,2,0,5.5
nonna bakery,https://numnumsbakery.com.au/,0,1,0,38
nonna's bakery,https://numnumsbakery.com.au/,0,3,0,42
nonnas bakery,https://numnumsbakery.com.au/,0,3,0,45.3
nonos bakery,https://numnumsbakery.com.au/,0,1,0,2
nonos menu,https://numnumsbakery.com.au/,0,2,0,50.5
noon bakery,https://numnumsbakery.com.au/,0,7,0,5.7
noon cakes,https://numnumsbakery.com.au/,0,1,0,3
noon khamei near me,https://numnumsbakery.com.au/,0,2,0,11
noon pies,https://numnumsbakery.com.au/,0,1,0,87
noras cakes and sweets,https://numnumsbakery.com.au/,0,2,0,2.5
normal size cake,https://numnumsbakery.com.au/blog/cake-serving-size-guide-sydney,0,1,0,11
normal size of cake,https://numnumsbakery.com.au/blog/cake-serving-size-guide-sydney,0,1,0,8
norman cakes,https://numnumsbakery.com.au/,0,1,0,6
north melbourne cake,https://numnumsbakery.com.au/,0,3,0,65.3
north parramatta bakery,https://numnumsbakery.com.au/,0,3,0,58
north parramatta bakery,https://numnumsbakery.com.au/blog/eggless-cake-bakery-harris-park-riverstone-sydney,0,1,0,16
north parramatta bakery,https://numnumsbakery.com.au/blog/eggless-cakes-northmead,0,3,0,11
north richmond bakery,https://numnumsbakery.com.au/blog/eggless-cakes-north-richmond,0,2,0,10
north sydney bakery,https://numnumsbakery.com.au/,0,5,0,55.2
north sydney cake,https://numnumsbakery.com.au/,0,2,0,60
north sydney cakes,https://numnumsbakery.com.au/,0,3,0,48.7
north sydney cakes,https://numnumsbakery.com.au/blog/eggless-cake-bakery-harris-park-riverstone-sydney,0,10,0,26.1
north sydney cakes,https://numnumsbakery.com.au/cakes,0,2,0,90
north sydney dessert,https://numnumsbakery.com.au/,0,1,0,70
north sydney dessert,https://numnumsbakery.com.au/blog/best-dessert-shop-sydney,0,1,0,16
north turramurra bakery,https://numnumsbakery.com.au/,0,3,0,58
north west cake,https://numnumsbakery.com.au/blog/multicultural-celebration-cake-sydney,0,1,0,11
northern bakery,https://numnumsbakery.com.au/,0,1,0,42
northmead bakery,https://numnumsbakery.com.au/,0,1,0,9
northmead cake shop,https://numnumsbakery.com.au/blog/eggless-cakes-northmead,0,8,0,7.1
northmead cakes,https://numnumsbakery.com.au/blog/eggless-cakes-northmead,0,1,0,7
northwest bakery,https://numnumsbakery.com.au/,0,1,0,7
northwest bakery,https://numnumsbakery.com.au/about,0,1,0,4
northwest bakery,https://numnumsbakery.com.au/blog/best-dessert-shop-sydney,0,1,0,9
northwest bakery,https://numnumsbakery.com.au/blog/eggless-cake-bakery-harris-park-riverstone-sydney,0,2,0,9
nos bakehouse,https://numnumsbakery.com.au/,0,1,0,78
nos bakery,https://numnumsbakery.com.au/,0,3,0,41
nosh cake,https://numnumsbakery.com.au/,0,1,0,22
not an option bakery,https://numnumsbakery.com.au/blog/best-dessert-shop-sydney,0,2,0,10.5
not an option bakery,https://numnumsbakery.com.au/blog/eggless-cake-bakery-harris-park-riverstone-sydney,0,4,0,10.2
not an option bakery,https://numnumsbakery.com.au/blog/eggless-cake-for-vegetarians-sydney,0,1,0,10
not bakery,https://numnumsbakery.com.au/blog/eggless-cakes-chester-hill,0,2,0,11
not just cakes kanwal,https://numnumsbakery.com.au/,0,1,0,40
not just cakes wamberal,https://numnumsbakery.com.au/,0,1,0,43
nova cake,https://numnumsbakery.com.au/cakes,0,1,0,26
novelty cake meaning,https://numnumsbakery.com.au/blog/novelty-sculpted-cake-designs-sydney,0,1,0,8
novelty cakes sydney,https://numnumsbakery.com.au/blog/novelty-sculpted-cake-designs-sydney,0,2,0,27
np carousel cake shop,https://numnumsbakery.com.au/,0,2,0,41
nrl birthday cakes,https://numnumsbakery.com.au/,0,1,0,3
nt bakery,https://numnumsbakery.com.au/,0,1,0,45
nu m,https://numnumsbakery.com.au/,0,1,0,15
nug,http://www.numnumsbakery.com.au/,0,1,0,1
num,http://www.numnumsbakery.com.au/,0,2,0,5.5
num,https://numnumsbakery.com.au/,0,166,0,6.2
num bakery,https://numnumsbakery.com.au/,0,4,0,16.2
num bakery,https://numnumsbakery.com.au/about,0,2,0,8.5
num bakery,https://numnumsbakery.com.au/blog/eggless-cake-storage-freshness-guide,0,2,0,8.5
num bakery,https://numnumsbakery.com.au/blog/eggless-cakes-eastwood,0,1,0,29
num gourmet desserts,https://numnumsbakery.com.au/,0,1,0,48
num moms,https://numnumsbakery.com.au/,0,1,0,11
num mums,https://numnumsbakery.com.au/,0,3,0,5.7
num nam,https://numnumsbakery.com.au/,0,1,0,4
num nim,https://numnumsbakery.com.au/,0,2,0,6.5
num no.s,https://numnumsbakery.com.au/,0,12,0,6
num nom,https://numnumsbakery.com.au/,0,1,0,11
num nom cake,https://numnumsbakery.com.au/,0,3,0,19.7
num noms cake,https://numnumsbakery.com.au/,0,41,0,17.4
num noms cake,https://numnumsbakery.com.au/cakes,0,18,0,34.1
num noms cake,https://numnumsbakery.com.au/order,0,6,0,27.2
num noms cake,https://numnumsbakery.com.au/services/birthday-cakes/,0,5,0,46
num nu,https://numnumsbakery.com.au/,0,1,0,10
num num,http://www.numnumsbakery.com.au/,0,5,0,1.2
num num,https://numnumsbakery.com.au/about,0,2,0,1
num num,https://numnumsbakery.com.au/blog/eggless-cake-bakery-harris-park-riverstone-sydney,0,1,0,1
num num,https://numnumsbakery.com.au/cakes,0,6,0,1.3
num num bakery,https://numnumsbakery.com.au/blog,0,10,0,2.8
num num bakery,https://numnumsbakery.com.au/blog/afternoon-tea-cakes-sydney,0,2,0,1.5
num num bakery,https://numnumsbakery.com.au/blog/best-cake-sydney,0,7,0,1.9
num num bakery,https://numnumsbakery.com.au/blog/best-dessert-shop-sydney,0,21,0,2.1
num num bakery,https://numnumsbakery.com.au/blog/best-eggless-cake-shops-sydney-2026,0,4,0,2
num num bakery,https://numnumsbakery.com.au/blog/birthday-cake-for-men-sydney,0,1,0,4
num num bakery,https://numnumsbakery.com.au/blog/cake-consultation-sydney,0,1,0,2
num num bakery,https://numnumsbakery.com.au/blog/cake-flavour-guide-sydney,0,33,0,1.8
num num bakery,https://numnumsbakery.com.au/blog/cake-price-guide-sydney,0,33,0,1.9
num num bakery,https://numnumsbakery.com.au/blog/cake-shop-western-sydney,0,12,0,2.1
num num bakery,https://numnumsbakery.com.au/blog/eggless-cake-delivery-sydney,0,43,0,1.9
num num bakery,https://numnumsbakery.com.au/blog/eggless-cake-for-seniors-sydney,0,3,0,2
num num bakery,https://numnumsbakery.com.au/blog/eggless-cake-for-vegetarians-sydney,0,14,0,1.9
num num bakery,https://numnumsbakery.com.au/blog/eggless-cake-gifting-guide-sydney,0,3,0,2
num num bakery,https://numnumsbakery.com.au/blog/eggless-cake-ingredients-sydney,0,1,0,2
num num bakery,https://numnumsbakery.com.au/blog/eggless-cake-nut-free-sydney,0,4,0,1.8
num num bakery,https://numnumsbakery.com.au/blog/eggless-cake-ordering-mistakes,0,1,0,2
num num bakery,https://numnumsbakery.com.au/blog/eggless-cake-school-celebration-sydney,0,1,0,2
num num bakery,https://numnumsbakery.com.au/blog/eggless-cakes-auburn,0,22,0,2.2
num num bakery,https://numnumsbakery.com.au/blog/eggless-cakes-baulkham-hills,0,8,0,7.6
num num bakery,https://numnumsbakery.com.au/blog/eggless-cakes-beecroft,0,2,0,2.5
num num bakery,https://numnumsbakery.com.au/blog/eggless-cakes-berala.html,0,2,0,2
num num bakery,https://numnumsbakery.com.au/blog/eggless-cakes-berkshire-park,0,3,0,2
num num bakery,https://numnumsbakery.com.au/blog/eggless-cakes-birrong,0,9,0,2
num num bakery,https://numnumsbakery.com.au/blog/eggless-cakes-blacktown,0,1,0,1
num num bakery,https://numnumsbakery.com.au/blog/eggless-cakes-bligh-park,0,6,0,2
num num bakery,https://numnumsbakery.com.au/blog/eggless-cakes-bonnyrigg,0,14,0,2.1
num num bakery,https://numnumsbakery.com.au/blog/eggless-cakes-bossley-park,0,9,0,2.1
num num bakery,https://numnumsbakery.com.au/blog/eggless-cakes-cabramatta,0,15,0,1.9
num num bakery,https://numnumsbakery.com.au/blog/eggless-cakes-carlingford,0,1,0,2
num num bakery,https://numnumsbakery.com.au/blog/eggless-cakes-castle-hill,0,1,0,1
num num bakery,https://numnumsbakery.com.au/blog/eggless-cakes-cattai,0,5,0,2.2
num num bakery,https://numnumsbakery.com.au/blog/eggless-cakes-cherrybrook,0,2,0,2
num num bakery,https://numnumsbakery.com.au/blog/eggless-cakes-chester-hill,0,3,0,2
num num bakery,https://numnumsbakery.com.au/blog/eggless-cakes-constitution-hill,0,9,0,2.6
num num bakery,https://numnumsbakery.com.au/blog/eggless-cakes-dean-park,0,89,0,1.9
num num bakery,https://numnumsbakery.com.au/blog/eggless-cakes-denistone,0,2,0,2
num num bakery,https://numnumsbakery.com.au/blog/eggless-cakes-dussehra-sydney,0,1,0,6
num num bakery,https://numnumsbakery.com.au/blog/eggless-cakes-glendenning,0,8,0,1.9
num num bakery,https://numnumsbakery.com.au/blog/eggless-cakes-glenorie,0,1,0,2
num num bakery,https://numnumsbakery.com.au/blog/eggless-cakes-greystanes,0,2,0,2
num num bakery,https://numnumsbakery.com.au/blog/eggless-cakes-harris-park,0,11,0,1.9
num num bakery,https://numnumsbakery.com.au/blog/eggless-cakes-hassall-grove,0,25,0,1.8
num num bakery,https://numnumsbakery.com.au/blog/eggless-cakes-hebersham,0,28,0,2.0
num num bakery,https://numnumsbakery.com.au/blog/eggless-cakes-homebush,0,4,0,1.8
num num bakery,https://numnumsbakery.com.au/blog/eggless-cakes-kenthurst,0,9,0,2.6
num num bakery,https://numnumsbakery.com.au/blog/eggless-cakes-lalor-park,0,29,0,1.9
num num bakery,https://numnumsbakery.com.au/blog/eggless-cakes-lidcombe,0,3,0,1.7
num num bakery,https://numnumsbakery.com.au/blog/eggless-cakes-maraylya,0,5,0,2
num num bakery,https://numnumsbakery.com.au/blog/eggless-cakes-marsfield,0,26,0,2.0
num num bakery,https://numnumsbakery.com.au/blog/eggless-cakes-meadowbank,0,2,0,2
num num bakery,https://numnumsbakery.com.au/blog/eggless-cakes-melrose-park,0,1,0,2
num num bakery,https://numnumsbakery.com.au/blog/eggless-cakes-merrylands-west,0,9,0,1.8
num num bakery,https://numnumsbakery.com.au/blog/eggless-cakes-minchinbury,0,25,0,2.0
num num bakery,https://numnumsbakery.com.au/blog/eggless-cakes-mount-druitt,0,23,0,2.0
num num bakery,https://numnumsbakery.com.au/blog/eggless-cakes-newington,0,41,0,1.9
num num bakery,https://numnumsbakery.com.au/blog/eggless-cakes-north-kellyville,0,12,0,2
num num bakery,https://numnumsbakery.com.au/blog/eggless-cakes-north-richmond,0,2,0,1.5
num num bakery,https://numnumsbakery.com.au/blog/eggless-cakes-northmead,0,5,0,3.4
num num bakery,https://numnumsbakery.com.au/blog/eggless-cakes-oakhurst,0,8,0,2
num num bakery,https://numnumsbakery.com.au/blog/eggless-cakes-old-guildford,0,3,0,2
num num bakery,https://numnumsbakery.com.au/blog/eggless-cakes-old-toongabbie,0,9,0,2
num num bakery,https://numnumsbakery.com.au/blog/eggless-cakes-pennant-hills,0,8,0,2
num num bakery,https://numnumsbakery.com.au/blog/eggless-cakes-pitt-town,0,25,0,2
num num bakery,https://numnumsbakery.com.au/blog/eggless-cakes-plumpton,0,4,0,2
num num bakery,https://numnumsbakery.com.au/blog/eggless-cakes-prairiewood,0,3,0,2.3
num num bakery,https://numnumsbakery.com.au/blog/eggless-cakes-prospect,0,8,0,2
num num bakery,https://numnumsbakery.com.au/blog/eggless-cakes-quakers-hill,0,2,0,2
num num bakery,https://numnumsbakery.com.au/blog/eggless-cakes-riverstone,0,1,0,9
num num bakery,https://numnumsbakery.com.au/blog/eggless-cakes-rooty-hill,0,7,0,1.9
num num bakery,https://numnumsbakery.com.au/blog/eggless-cakes-ryde,0,21,0,1.9
num num bakery,https://numnumsbakery.com.au/blog/eggless-cakes-schofields,0,78,0,1.9
num num bakery,https://numnumsbakery.com.au/blog/eggless-cakes-sefton,0,2,0,2
num num bakery,https://numnumsbakery.com.au/blog/eggless-cakes-shanes-park,0,40,0,1.9
num num bakery,https://numnumsbakery.com.au/blog/eggless-cakes-silverwater,0,3,0,2
num num bakery,https://numnumsbakery.com.au/blog/eggless-cakes-sinhala-tamil-new-year-sydney,0,1,0,2
num num bakery,https://numnumsbakery.com.au/blog/eggless-cakes-south-granville.html,0,6,0,2
num num bakery,https://numnumsbakery.com.au/blog/eggless-cakes-south-windsor,0,2,0,2
num num bakery,https://numnumsbakery.com.au/blog/eggless-cakes-strathfield,0,5,0,1.8
num num bakery,https://numnumsbakery.com.au/blog/eggless-cakes-sweet-16-sydney,0,2,0,2
num num bakery,https://numnumsbakery.com.au/blog/eggless-cakes-sydney-olympic-park,0,48,0,2.0
num num bakery,https://numnumsbakery.com.au/blog/eggless-cakes-wentworth-point,0,3,0,1.7
num num bakery,https://numnumsbakery.com.au/blog/eggless-cakes-west-pennant-hills,0,4,0,2
num num bakery,https://numnumsbakery.com.au/blog/eggless-cakes-west-ryde,0,5,0,2
num num bakery,https://numnumsbakery.com.au/blog/eggless-cakes-wetherill-park,0,1,0,2
num num bakery,https://numnumsbakery.com.au/blog/eggless-cakes-wilberforce,0,1,0,2
num num bakery,https://numnumsbakery.com.au/blog/eggless-cakes-willmot,0,1,0,2
num num bakery,https://numnumsbakery.com.au/blog/eggless-cakes-winston-hills,0,7,0,2
num num bakery,https://numnumsbakery.com.au/blog/eggless-cakes-yagoona,0,8,0,1.9
num num bakery,https://numnumsbakery.com.au/blog/eggless-cakes-yennora,0,8,0,1.8
num num bakery,https://numnumsbakery.com.au/blog/how-to-design-birthday-cake-sydney,0,2,0,2
num num bakery,https://numnumsbakery.com.au/blog/how-to-order-cake-sydney,0,2,0,2
num num bakery,https://numnumsbakery.com.au/blog/hsc-results-day-cake-sydney,0,4,0,2
num num bakery,https://numnumsbakery.com.au/blog/luxury-cake-sydney,0,2,0,2
num num bakery,https://numnumsbakery.com.au/blog/novelty-sculpted-cake-designs-sydney,0,10,0,2
num num bakery,https://numnumsbakery.com.au/blog/photo-cake-sydney,0,3,0,2
num num bakery,https://numnumsbakery.com.au/blog/summer-cake-sydney,0,1,0,2
num num bakery,https://numnumsbakery.com.au/blog/unique-birthday-cake-ideas-sydney,0,12,0,1.9
num num bakery,https://numnumsbakery.com.au/contact/,0,1,0,2
num num bakery,https://numnumsbakery.com.au/indian-sweet,0,17,0,1.9
num num bakery harris park,http://www.numnumsbakery.com.au/,0,9,0,1
num num bakery harris park,https://numnumsbakery.com.au/blog,0,19,0,1.9
num num bakery harris park,https://numnumsbakery.com.au/blog/best-dessert-shop-sydney,0,8,0,2
num num bakery harris park,https://numnumsbakery.com.au/blog/best-eggless-cake-shops-sydney-2026,0,2,0,2
num num bakery harris park,https://numnumsbakery.com.au/blog/eggless-cake-bakery-harris-park-riverstone-sydney,0,96,0,2.3
num num bakery harris park,https://numnumsbakery.com.au/blog/eggless-cake-delivery-sydney,0,3,0,2
num num bakery harris park,https://numnumsbakery.com.au/blog/eggless-cake-for-vegetarians-sydney,0,4,0,2
num num bakery harris park,https://numnumsbakery.com.au/blog/eggless-cakes-auburn,0,3,0,2
num num bakery harris park,https://numnumsbakery.com.au/blog/eggless-cakes-baulkham-hills,0,1,0,2
num num bakery harris park,https://numnumsbakery.com.au/blog/eggless-cakes-birrong,0,9,0,2
num num bakery harris park,https://numnumsbakery.com.au/blog/eggless-cakes-bonnyrigg,0,5,0,2
num num bakery harris park,https://numnumsbakery.com.au/blog/eggless-cakes-bossley-park,0,7,0,2
num num bakery harris park,https://numnumsbakery.com.au/blog/eggless-cakes-chester-hill,0,1,0,2
num num bakery harris park,https://numnumsbakery.com.au/blog/eggless-cakes-constitution-hill,0,3,0,2
num num bakery harris park,https://numnumsbakery.com.au/blog/eggless-cakes-dean-park,0,5,0,2
num num bakery harris park,https://numnumsbakery.com.au/blog/eggless-cakes-denistone,0,2,0,2
num num bakery harris park,https://numnumsbakery.com.au/blog/eggless-cakes-dundas,0,4,0,2
num num bakery harris park,https://numnumsbakery.com.au/blog/eggless-cakes-eastwood,0,1,0,2
num num bakery harris park,https://numnumsbakery.com.au/blog/eggless-cakes-girraween,0,1,0,2
num num bakery harris park,https://numnumsbakery.com.au/blog/eggless-cakes-greystanes,0,1,0,2
num num bakery harris park,https://numnumsbakery.com.au/blog/eggless-cakes-harris-park,0,1,0,7
num num bakery harris park,https://numnumsbakery.com.au/blog/eggless-cakes-homebush,0,1,0,2
num num bakery harris park,https://numnumsbakery.com.au/blog/eggless-cakes-lidcombe,0,1,0,2
num num bakery harris park,https://numnumsbakery.com.au/blog/eggless-cakes-marsfield,0,15,0,2
num num bakery harris park,https://numnumsbakery.com.au/blog/eggless-cakes-mays-hill,0,3,0,2.3
num num bakery harris park,https://numnumsbakery.com.au/blog/eggless-cakes-merrylands-west,0,2,0,2
num num bakery harris park,https://numnumsbakery.com.au/blog/eggless-cakes-newington,0,6,0,2
num num bakery harris park,https://numnumsbakery.com.au/blog/eggless-cakes-northmead,0,2,0,2
num num bakery harris park,https://numnumsbakery.com.au/blog/eggless-cakes-old-guildford,0,1,0,2
num num bakery harris park,https://numnumsbakery.com.au/blog/eggless-cakes-old-toongabbie,0,2,0,2
num num bakery harris park,https://numnumsbakery.com.au/blog/eggless-cakes-pennant-hills,0,4,0,2
num num bakery harris park,https://numnumsbakery.com.au/blog/eggless-cakes-prairiewood,0,17,0,2
num num bakery harris park,https://numnumsbakery.com.au/blog/eggless-cakes-prospect,0,3,0,2
num num bakery harris park,https://numnumsbakery.com.au/blog/eggless-cakes-ryde,0,11,0,2
num num bakery harris park,https://numnumsbakery.com.au/blog/eggless-cakes-sefton,0,8,0,2
num num bakery harris park,https://numnumsbakery.com.au/blog/eggless-cakes-seven-hills,0,1,0,2
num num bakery harris park,https://numnumsbakery.com.au/blog/eggless-cakes-silverwater,0,2,0,2
num num bakery harris park,https://numnumsbakery.com.au/blog/eggless-cakes-south-granville.html,0,2,0,7.5
num num bakery harris park,https://numnumsbakery.com.au/blog/eggless-cakes-sydney-olympic-park,0,16,0,2
num num bakery harris park,https://numnumsbakery.com.au/blog/eggless-cakes-villawood,0,5,0,2
num num bakery harris park,https://numnumsbakery.com.au/blog/eggless-cakes-west-ryde,0,2,0,2
num num bakery harris park,https://numnumsbakery.com.au/blog/eggless-cakes-wetherill-park,0,3,0,2
num num bakery harris park,https://numnumsbakery.com.au/blog/eggless-cakes-winston-hills,0,2,0,2.5
num num bakery harris park,https://numnumsbakery.com.au/blog/eggless-cakes-yagoona,0,5,0,2
num num bakery harris park,https://numnumsbakery.com.au/blog/eggless-cakes-yennora,0,3,0,2
num num bakery harris park,https://numnumsbakery.com.au/cakes,0,60,0,2
num num bakery harris park,https://numnumsbakery.com.au/contact/,0,9,0,2
num num bakery harris park,https://numnumsbakery.com.au/indian-sweet,0,5,0,2
num num bakery harris park,https://numnumsbakery.com.au/indian-sweet/,0,3,0,2
num num bakery riverstone,https://numnumsbakery.com.au/about,0,2,0,6.5
num num bakery riverstone,https://numnumsbakery.com.au/blog,0,3,0,9
num num bakery riverstone,https://numnumsbakery.com.au/blog/best-dessert-shop-sydney,0,10,0,9
num num bakery riverstone,https://numnumsbakery.com.au/blog/best-eggless-cake-shops-sydney-2026,0,2,0,9.5
num num bakery riverstone,https://numnumsbakery.com.au/blog/eggless-cake-bakery-harris-park-riverstone-sydney,0,184,0,3.1
num num bakery riverstone,https://numnumsbakery.com.au/blog/eggless-cakes-colebee,0,1,0,2
num num bakery riverstone,https://numnumsbakery.com.au/blog/eggless-cakes-dean-park,0,24,0,4.8
num num bakery riverstone,https://numnumsbakery.com.au/blog/eggless-cakes-grantham-farm,0,2,0,23
num num bakery riverstone,https://numnumsbakery.com.au/blog/eggless-cakes-lalor-park,0,5,0,2
num num bakery riverstone,https://numnumsbakery.com.au/blog/eggless-cakes-minchinbury,0,2,0,2
num num bakery riverstone,https://numnumsbakery.com.au/blog/eggless-cakes-pitt-town,0,7,0,9
num num bakery riverstone,https://numnumsbakery.com.au/blog/eggless-cakes-quakers-hill,0,9,0,5.3
num num bakery riverstone,https://numnumsbakery.com.au/blog/eggless-cakes-schofields,0,29,0,1.8
num num bakery riverstone,https://numnumsbakery.com.au/blog/eggless-cakes-shanes-park,0,12,0,1.9
num num bakery riverstone,https://numnumsbakery.com.au/contact/,0,2,0,10.5
num num bakery riverstone,https://numnumsbakery.com.au/indian-sweet,0,3,0,22
num num bakery wentworthville,https://numnumsbakery.com.au/about,0,62,0,9.7
num num bakery wentworthville,https://numnumsbakery.com.au/blog,0,93,0,7.5
num num bakery wentworthville,https://numnumsbakery.com.au/blog/cake-delivery-areas-sydney,0,2,0,8.5
num num bakery wentworthville,https://numnumsbakery.com.au/blog/cake-shop-western-sydney,0,1,0,6
num num bakery wentworthville,https://numnumsbakery.com.au/blog/eggless-cakes-constitution-hill,0,7,0,7.7
num num bakery wentworthville,https://numnumsbakery.com.au/blog/eggless-cakes-dean-park,0,4,0,13.5
num num bakery wentworthville,https://numnumsbakery.com.au/blog/eggless-cakes-doonside,0,1,0,11
num num bakery wentworthville,https://numnumsbakery.com.au/blog/eggless-cakes-dundas-valley.html,0,2,0,11
num num bakery wentworthville,https://numnumsbakery.com.au/blog/eggless-cakes-greystanes,0,1,0,8
num num bakery wentworthville,https://numnumsbakery.com.au/blog/eggless-cakes-harris-park,0,1,0,10
num num bakery wentworthville,https://numnumsbakery.com.au/blog/eggless-cakes-mays-hill,0,15,0,7.7
num num bakery wentworthville,https://numnumsbakery.com.au/blog/eggless-cakes-minchinbury,0,1,0,11
num num bakery wentworthville,https://numnumsbakery.com.au/blog/eggless-cakes-northmead,0,4,0,10
num num bakery wentworthville,https://numnumsbakery.com.au/blog/eggless-cakes-wentworth-point,0,5,0,6.8
num num bakery wentworthville,https://numnumsbakery.com.au/cakes,0,3,0,29
num num bakery wentworthville,https://numnumsbakery.com.au/contact/,0,21,0,8.7
num num bakery wentworthville,https://numnumsbakery.com.au/indian-sweet,0,7,0,16.1
num num bakery wentworthville,https://numnumsbakery.com.au/order,0,63,0,9.9
num num bakery wentworthville,https://numnumsbakery.com.au/portfolio/vanilla-cake/,0,1,0,65
num num bakery wentworthville,https://numnumsbakery.com.au/services/,0,1,0,22
num num bakery wentworthville,https://numnumsbakery.com.au/services/birthday-cakes/,0,1,0,62
num num cake,https://numnumsbakery.com.au/,0,53,0,9.8
num num cake,https://numnumsbakery.com.au/blog/eggless-cake-reviews-sydney,0,1,0,2
num num cake,https://numnumsbakery.com.au/cakes,0,2,0,1.5
num num cake,https://numnumsbakery.com.au/order,0,1,0,1
num num cake wentworthville,https://numnumsbakery.com.au/,0,54,0,4.1
num num cake wentworthville,https://numnumsbakery.com.au/blog,0,6,0,7.7
num num cake wentworthville,https://numnumsbakery.com.au/blog/eggless-cakes-constitution-hill,0,3,0,7
num num cake wentworthville,https://numnumsbakery.com.au/order,0,26,0,9.3
num num cakes,https://numnumsbakery.com.au/blog/autumn-cake-sydney,0,4,0,2
num num cakes,https://numnumsbakery.com.au/blog/best-cake-sydney,0,16,0,2
num num cakes,https://numnumsbakery.com.au/blog/best-dessert-shop-sydney,0,3,0,2.7
num num cakes,https://numnumsbakery.com.au/blog/birthday-cake-for-men-sydney,0,1,0,2
num num cakes,https://numnumsbakery.com.au/blog/cake-consultation-sydney,0,2,0,2
num num cakes,https://numnumsbakery.com.au/blog/cake-flavour-guide-sydney,0,1,0,2
num num cakes,https://numnumsbakery.com.au/blog/cake-price-guide-sydney,0,5,0,2
num num cakes,https://numnumsbakery.com.au/blog/eggless-cake-bakery-harris-park-riverstone-sydney,0,9,0,2
num num cakes,https://numnumsbakery.com.au/blog/eggless-cake-delivery-sydney,0,4,0,2
num num cakes,https://numnumsbakery.com.au/blog/eggless-cake-for-vegetarians-sydney,0,2,0,2
num num cakes,https://numnumsbakery.com.au/blog/eggless-cake-lower-sugar-options-sydney,0,2,0,2
num num cakes,https://numnumsbakery.com.au/blog/eggless-cake-nut-free-sydney,0,4,0,2
num num cakes,https://numnumsbakery.com.au/blog/eggless-cake-reviews-sydney,0,2,0,2
num num cakes,https://numnumsbakery.com.au/blog/eggless-cake-vs-tart-sydney,0,2,0,2
num num cakes,https://numnumsbakery.com.au/blog/eggless-cakes-anniversary-sydney,0,3,0,2
num num cakes,https://numnumsbakery.com.au/blog/eggless-cakes-cabramatta,0,2,0,2
num num cakes,https://numnumsbakery.com.au/blog/eggless-cakes-chester-hill,0,1,0,2
num num cakes,https://numnumsbakery.com.au/blog/eggless-cakes-filipino-debut-sydney,0,1,0,2
num num cakes,https://numnumsbakery.com.au/blog/eggless-cakes-hassall-grove,0,1,0,2
num num cakes,https://numnumsbakery.com.au/blog/eggless-cakes-hebersham,0,1,0,2
num num cakes,https://numnumsbakery.com.au/blog/eggless-cakes-homebush,0,1,0,2
num num cakes,https://numnumsbakery.com.au/blog/eggless-cakes-lalor-park,0,1,0,2
num num cakes,https://numnumsbakery.com.au/blog/eggless-cakes-lidcombe,0,1,0,2
num num cakes,https://numnumsbakery.com.au/blog/eggless-cakes-minchinbury,0,1,0,2
num num cakes,https://numnumsbakery.com.au/blog/eggless-cakes-mount-druitt,0,1,0,2
num num cakes,https://numnumsbakery.com.au/blog/eggless-cakes-newington,0,1,0,2
num num cakes,https://numnumsbakery.com.au/blog/eggless-cakes-north-kellyville,0,1,0,2
num num cakes,https://numnumsbakery.com.au/blog/eggless-cakes-old-guildford,0,1,0,2
num num cakes,https://numnumsbakery.com.au/blog/eggless-cakes-pennant-hills,0,1,0,2
num num cakes,https://numnumsbakery.com.au/blog/eggless-cakes-rooty-hill,0,1,0,2
num num cakes,https://numnumsbakery.com.au/blog/eggless-cakes-schofields,0,7,0,2
num num cakes,https://numnumsbakery.com.au/blog/eggless-cakes-west-pennant-hills,0,1,0,2
num num cakes,https://numnumsbakery.com.au/blog/eggless-cakes-yagoona,0,1,0,2
num num cakes,https://numnumsbakery.com.au/blog/first-birthday-cake-sydney,0,4,0,2
num num cakes,https://numnumsbakery.com.au/blog/novelty-sculpted-cake-designs-sydney,0,1,0,2
num num cakes,https://numnumsbakery.com.au/blog/photo-cake-sydney,0,8,0,2
num num cakes,https://numnumsbakery.com.au/blog/push-present-cake-sydney,0,1,0,2
num num cakes,https://numnumsbakery.com.au/blog/reunion-cake-sydney,0,1,0,2
num num cakes,https://numnumsbakery.com.au/blog/summer-cake-sydney,0,3,0,2
num num cakes,https://numnumsbakery.com.au/blog/unique-birthday-cake-ideas-sydney,0,5,0,2
num num dessert studio,https://numnumsbakery.com.au/,0,3,0,37
num num harris park,https://numnumsbakery.com.au/blog,0,14,0,2
num num harris park,https://numnumsbakery.com.au/blog/best-dessert-shop-sydney,0,1,0,2
num num harris park,https://numnumsbakery.com.au/blog/cake-shop-western-sydney,0,2,0,2
num num harris park,https://numnumsbakery.com.au/blog/eggless-cake-bakery-harris-park-riverstone-sydney,0,57,0,2.0
num num harris park,https://numnumsbakery.com.au/blog/eggless-cakes-birrong,0,21,0,2
num num harris park,https://numnumsbakery.com.au/blog/eggless-cakes-cabramatta,0,1,0,7
num num harris park,https://numnumsbakery.com.au/blog/eggless-cakes-constitution-hill,0,1,0,2
num num harris park,https://numnumsbakery.com.au/blog/eggless-cakes-dundas,0,13,0,2
num num harris park,https://numnumsbakery.com.au/blog/eggless-cakes-eastwood,0,4,0,2
num num harris park,https://numnumsbakery.com.au/blog/eggless-cakes-merrylands-west,0,11,0,2
num num harris park,https://numnumsbakery.com.au/blog/eggless-cakes-newington,0,4,0,2
num num harris park,https://numnumsbakery.com.au/blog/eggless-cakes-northmead,0,2,0,2
num num harris park,https://numnumsbakery.com.au/blog/eggless-cakes-old-guildford,0,1,0,2
num num harris park,https://numnumsbakery.com.au/blog/eggless-cakes-sefton,0,4,0,2
num num harris park,https://numnumsbakery.com.au/blog/eggless-cakes-silverwater,0,1,0,2
num num harris park,https://numnumsbakery.com.au/blog/eggless-cakes-villawood,0,15,0,2
num num harris park,https://numnumsbakery.com.au/blog/eggless-cakes-yagoona,0,4,0,2
num num harris park,https://numnumsbakery.com.au/blog/eggless-cakes-yennora,0,1,0,2
num num harris park,https://numnumsbakery.com.au/cakes,0,15,0,2
num num harris park,https://numnumsbakery.com.au/indian-sweet,0,2,0,2
num num hunger bees,https://numnumsbakery.com.au/,0,16,0,9.3
num num menu,https://numnumsbakery.com.au/blog/best-dessert-shop-sydney,0,1,0,3
num num menu,https://numnumsbakery.com.au/indian-sweet,0,1,0,9
num num near me,https://numnumsbakery.com.au/blog/eggless-cake-bakery-harris-park-riverstone-sydney,0,1,0,5
num num near me,https://numnumsbakery.com.au/blog/eggless-cakes-winston-hills,0,1,0,6
num num num num num,https://numnumsbakery.com.au/,0,1,0,10
num num num num num num num,https://numnumsbakery.com.au/,0,1,0,10
num num nums,https://numnumsbakery.com.au/,0,1,0,9
num num riverstone,https://numnumsbakery.com.au/about,0,2,0,2
num num riverstone,https://numnumsbakery.com.au/blog,0,5,0,10.2
num num riverstone,https://numnumsbakery.com.au/blog/best-dessert-shop-sydney,0,4,0,8.5
num num riverstone,https://numnumsbakery.com.au/blog/cake-shop-western-sydney,0,2,0,2
num num riverstone,https://numnumsbakery.com.au/blog/eggless-cake-bakery-harris-park-riverstone-sydney,0,92,0,3.8
num num riverstone,https://numnumsbakery.com.au/blog/eggless-cakes-dean-park,0,36,0,3.6
num num riverstone,https://numnumsbakery.com.au/blog/eggless-cakes-doonside,0,2,0,2
num num riverstone,https://numnumsbakery.com.au/blog/eggless-cakes-kings-park,0,3,0,2
num num riverstone,https://numnumsbakery.com.au/blog/eggless-cakes-lalor-park,0,5,0,5
num num riverstone,https://numnumsbakery.com.au/blog/eggless-cakes-mount-druitt,0,1,0,2
num num riverstone,https://numnumsbakery.com.au/blog/eggless-cakes-north-kellyville,0,2,0,2
num num riverstone,https://numnumsbakery.com.au/blog/eggless-cakes-riverstone,0,16,0,1.9
num num riverstone,https://numnumsbakery.com.au/blog/eggless-cakes-schofields,0,19,0,2.3
num num riverstone,https://numnumsbakery.com.au/blog/eggless-cakes-shanes-park,0,2,0,2
num num riverstone,https://numnumsbakery.com.au/blog/eggless-cakes-south-windsor,0,1,0,10
num num riverstone,https://numnumsbakery.com.au/blog/eggless-cakes-woodcroft,0,2,0,2
num num riverstone,https://numnumsbakery.com.au/indian-sweet,0,1,0,2
num num riverstone,https://numnumsbakery.com.au/order,0,46,0,4.1
num num s,https://numnumsbakery.com.au/,0,1,0,17
num num street,https://numnumsbakery.com.au/about,0,1,0,24
num num wentworthville,https://numnumsbakery.com.au/,0,65,0,7.0
num num wentworthville,https://numnumsbakery.com.au/blog,0,4,0,11.2
num num wentworthville,https://numnumsbakery.com.au/indian-sweet,0,3,0,47.7
num num wentworthville,https://numnumsbakery.com.au/order,0,2,0,32.5
num num wentworthville,https://numnumsbakery.com.au/services/,0,1,0,69
num num wentworthville,https://numnumsbakery.com.au/services/birthday-cakes/,0,1,0,75
num numbs,https://numnumsbakery.com.au/,0,1,0,6
num numd,https://numnumsbakery.com.au/,0,1,0,3
num nums,http://www.numnumsbakery.com.au/,0,1,0,2
num nums,https://numnumsbakery.com.au/cakes,0,6,0,1.3
num nums bakery,https://numnumsbakery.com.au/about,0,52,0,3.2
num nums bakery,https://numnumsbakery.com.au/blog,0,4,0,4.2
num nums bakery,https://numnumsbakery.com.au/blog/best-dessert-shop-sydney,0,3,0,10.7
num nums bakery,https://numnumsbakery.com.au/blog/eggless-cake-for-vegetarians-sydney,0,5,0,11.2
num nums bakery,https://numnumsbakery.com.au/blog/eggless-cakes-anniversary-sydney,0,2,0,10.5
num nums bakery,https://numnumsbakery.com.au/blog/eggless-cakes-auburn,0,2,0,9
num nums bakery,https://numnumsbakery.com.au/blog/eggless-cakes-baulkham-hills,0,1,0,10
num nums bakery,https://numnumsbakery.com.au/blog/eggless-cakes-berala.html,0,5,0,8.4
num nums bakery,https://numnumsbakery.com.au/blog/eggless-cakes-blacktown,0,1,0,8
num nums bakery,https://numnumsbakery.com.au/blog/eggless-cakes-castle-hill,0,3,0,10.7
num nums bakery,https://numnumsbakery.com.au/blog/eggless-cakes-colebee,0,2,0,6
num nums bakery,https://numnumsbakery.com.au/blog/eggless-cakes-dean-park,0,8,0,3
num nums bakery,https://numnumsbakery.com.au/blog/eggless-cakes-doonside,0,1,0,2
num nums bakery,https://numnumsbakery.com.au/blog/eggless-cakes-epping,0,1,0,2
num nums bakery,https://numnumsbakery.com.au/blog/eggless-cakes-greystanes,0,5,0,7.6
num nums bakery,https://numnumsbakery.com.au/blog/eggless-cakes-hassall-grove,0,1,0,2
num nums bakery,https://numnumsbakery.com.au/blog/eggless-cakes-lalor-park,0,2,0,2
num nums bakery,https://numnumsbakery.com.au/blog/eggless-cakes-mays-hill,0,1,0,2
num nums bakery,https://numnumsbakery.com.au/blog/eggless-cakes-merrylands-west,0,2,0,2
num nums bakery,https://numnumsbakery.com.au/blog/eggless-cakes-north-kellyville,0,1,0,2
num nums bakery,https://numnumsbakery.com.au/blog/eggless-cakes-northmead,0,1,0,10
num nums bakery,https://numnumsbakery.com.au/blog/eggless-cakes-old-guildford,0,2,0,2
num nums bakery,https://numnumsbakery.com.au/blog/eggless-cakes-old-toongabbie,0,2,0,9
num nums bakery,https://numnumsbakery.com.au/blog/eggless-cakes-parklea,0,1,0,6
num nums bakery,https://numnumsbakery.com.au/blog/eggless-cakes-pitt-town,0,2,0,2
num nums bakery,https://numnumsbakery.com.au/blog/eggless-cakes-prospect,0,1,0,11
num nums bakery,https://numnumsbakery.com.au/blog/eggless-cakes-quakers-hill,0,9,0,5.6
num nums bakery,https://numnumsbakery.com.au/blog/eggless-cakes-riverstone,0,2,0,4.5
num nums bakery,https://numnumsbakery.com.au/blog/eggless-cakes-schofields,0,6,0,11.5
num nums bakery,https://numnumsbakery.com.au/blog/eggless-cakes-sydney-olympic-park,0,2,0,2
num nums bakery,https://numnumsbakery.com.au/blog/eggless-cakes-telopea.html,0,1,0,16
num nums bakery,https://numnumsbakery.com.au/blog/eggless-cakes-villawood,0,3,0,2
num nums bakery,https://numnumsbakery.com.au/blog/eggless-cakes-winston-hills,0,8,0,8.6
num nums bakery,https://numnumsbakery.com.au/blog/first-birthday-cake-sydney,0,2,0,10.5
num nums bakery,https://numnumsbakery.com.au/blog/how-to-order-cake-sydney,0,2,0,2
num nums bakery,https://numnumsbakery.com.au/cakes,0,148,0,2.3
num nums bakery,https://numnumsbakery.com.au/portfolio/baby-shower-cake/,0,1,0,82
num nums bakery,https://numnumsbakery.com.au/portfolio/berry-cupcaces/,0,1,0,79
num nums bakery,https://numnumsbakery.com.au/portfolio/tiramisu-cake/,0,1,0,84
num nums bakery,https://numnumsbakery.com.au/portfolio/vanilla-cake/,0,1,0,75
num nums bakery harris park,https://numnumsbakery.com.au/about,0,27,0,2.0
num nums bakery harris park,https://numnumsbakery.com.au/blog,0,9,0,2
num nums bakery harris park,https://numnumsbakery.com.au/blog/best-dessert-shop-sydney,0,1,0,2
num nums bakery harris park,https://numnumsbakery.com.au/blog/eggless-cake-bakery-harris-park-riverstone-sydney,0,34,0,2.0
num nums bakery harris park,https://numnumsbakery.com.au/blog/eggless-cakes-birrong,0,3,0,2
num nums bakery harris park,https://numnumsbakery.com.au/blog/eggless-cakes-bossley-park,0,3,0,2
num nums bakery harris park,https://numnumsbakery.com.au/blog/eggless-cakes-eastwood,0,3,0,2
num nums bakery harris park,https://numnumsbakery.com.au/blog/eggless-cakes-marsfield,0,3,0,2
num nums bakery harris park,https://numnumsbakery.com.au/blog/eggless-cakes-merrylands-west,0,2,0,2
num nums bakery harris park,https://numnumsbakery.com.au/blog/eggless-cakes-newington,0,5,0,1.8
num nums bakery harris park,https://numnumsbakery.com.au/blog/eggless-cakes-pennant-hills,0,1,0,2
num nums bakery harris park,https://numnumsbakery.com.au/blog/eggless-cakes-prairiewood,0,3,0,2
num nums bakery harris park,https://numnumsbakery.com.au/blog/eggless-cakes-ryde,0,2,0,2
num nums bakery harris park,https://numnumsbakery.com.au/blog/eggless-cakes-sefton,0,1,0,2
num nums bakery harris park,https://numnumsbakery.com.au/blog/eggless-cakes-silverwater,0,1,0,1
num nums bakery harris park,https://numnumsbakery.com.au/blog/eggless-cakes-sydney-olympic-park,0,2,0,2
num nums bakery harris park,https://numnumsbakery.com.au/blog/eggless-cakes-villawood,0,3,0,2
num nums bakery harris park,https://numnumsbakery.com.au/blog/eggless-cakes-west-ryde,0,1,0,2
num nums bakery harris park,https://numnumsbakery.com.au/blog/eggless-cakes-wetherill-park,0,2,0,2
num nums bakery harris park,https://numnumsbakery.com.au/blog/eggless-cakes-yennora,0,2,0,2
num nums bakery harris park,https://numnumsbakery.com.au/blog/summer-cake-sydney,0,1,0,2
num nums bakery harris park,https://numnumsbakery.com.au/cakes,0,9,0,2
num nums bakery harris park,https://numnumsbakery.com.au/order,0,41,0,2.0
num nums bakery menu,http://www.numnumsbakery.com.au/,0,1,0,5
num nums bakery menu,https://numnumsbakery.com.au/about,0,4,0,28.2
num nums bakery menu,https://numnumsbakery.com.au/blog,0,21,0,10.5
num nums bakery menu,https://numnumsbakery.com.au/blog/best-dessert-shop-sydney,0,10,0,8.8
num nums bakery menu,https://numnumsbakery.com.au/blog/best-eggless-cake-shops-sydney-2026,0,2,0,8
num nums bakery menu,https://numnumsbakery.com.au/blog/eggless-cake-bakery-harris-park-riverstone-sydney,0,37,0,10.5
num nums bakery menu,https://numnumsbakery.com.au/blog/eggless-cake-delivery-sydney,0,1,0,11
num nums bakery menu,https://numnumsbakery.com.au/blog/eggless-cake-for-seniors-sydney,0,2,0,9.5
num nums bakery menu,https://numnumsbakery.com.au/blog/eggless-cake-indian-flavours,0,1,0,10
num nums bakery menu,https://numnumsbakery.com.au/blog/eggless-cakes-anniversary-sydney,0,1,0,10
num nums bakery menu,https://numnumsbakery.com.au/blog/eggless-cakes-auburn,0,4,0,9.5
num nums bakery menu,https://numnumsbakery.com.au/blog/eggless-cakes-baulkham-hills,0,1,0,14
num nums bakery menu,https://numnumsbakery.com.au/blog/eggless-cakes-beaumont-hills,0,1,0,31
num nums bakery menu,https://numnumsbakery.com.au/blog/eggless-cakes-blacktown,0,2,0,9
num nums bakery menu,https://numnumsbakery.com.au/blog/eggless-cakes-bossley-park,0,3,0,10.7
num nums bakery menu,https://numnumsbakery.com.au/blog/eggless-cakes-castle-hill,0,2,0,10.5
num nums bakery menu,https://numnumsbakery.com.au/blog/eggless-cakes-chester-hill,0,1,0,8
num nums bakery menu,https://numnumsbakery.com.au/blog/eggless-cakes-constitution-hill,0,5,0,7.8
num nums bakery menu,https://numnumsbakery.com.au/blog/eggless-cakes-dean-park,0,5,0,11.8
num nums bakery menu,https://numnumsbakery.com.au/blog/eggless-cakes-dundas,0,4,0,10.5
num nums bakery menu,https://numnumsbakery.com.au/blog/eggless-cakes-dundas-valley.html,0,3,0,8.3
num nums bakery menu,https://numnumsbakery.com.au/blog/eggless-cakes-dural,0,1,0,21
num nums bakery menu,https://numnumsbakery.com.au/blog/eggless-cakes-dussehra-sydney,0,2,0,11
num nums bakery menu,https://numnumsbakery.com.au/blog/eggless-cakes-guildford,0,1,0,7
num nums bakery menu,https://numnumsbakery.com.au/blog/eggless-cakes-homebush,0,1,0,12
num nums bakery menu,https://numnumsbakery.com.au/blog/eggless-cakes-kellyville,0,2,0,11.5
num nums bakery menu,https://numnumsbakery.com.au/blog/eggless-cakes-kellyville-ridge,0,1,0,18
num nums bakery menu,https://numnumsbakery.com.au/blog/eggless-cakes-marsfield,0,2,0,7.5
num nums bakery menu,https://numnumsbakery.com.au/blog/eggless-cakes-melrose-park,0,2,0,6
num nums bakery menu,https://numnumsbakery.com.au/blog/eggless-cakes-merrylands-west,0,7,0,6.6
num nums bakery menu,https://numnumsbakery.com.au/blog/eggless-cakes-newington,0,6,0,8.5
num nums bakery menu,https://numnumsbakery.com.au/blog/eggless-cakes-northmead,0,3,0,11.3
num nums bakery menu,https://numnumsbakery.com.au/blog/eggless-cakes-prairiewood,0,6,0,7
num nums bakery menu,https://numnumsbakery.com.au/blog/eggless-cakes-prospect,0,5,0,7.6
num nums bakery menu,https://numnumsbakery.com.au/blog/eggless-cakes-ryde,0,2,0,8
num nums bakery menu,https://numnumsbakery.com.au/blog/eggless-cakes-silverwater,0,4,0,11
num nums bakery menu,https://numnumsbakery.com.au/blog/eggless-cakes-stanhope-gardens,0,1,0,25
num nums bakery menu,https://numnumsbakery.com.au/blog/eggless-cakes-sweet-16-sydney,0,1,0,7
num nums bakery menu,https://numnumsbakery.com.au/blog/eggless-cakes-sydney-olympic-park,0,2,0,8
num nums bakery menu,https://numnumsbakery.com.au/blog/eggless-cakes-villawood,0,6,0,9.2
num nums bakery menu,https://numnumsbakery.com.au/blog/eggless-cakes-winston-hills,0,3,0,7.3
num nums bakery menu,https://numnumsbakery.com.au/blog/eggless-cakes-yagoona,0,1,0,9
num nums bakery menu,https://numnumsbakery.com.au/cakes,0,27,0,8.4
num nums bakery menu,https://numnumsbakery.com.au/contact/,0,3,0,52.3
num nums bakery menu,https://numnumsbakery.com.au/indian-sweet,0,5,0,15.8
num nums bakery menu,https://numnumsbakery.com.au/order,0,21,0,13.8
num nums bakery menu,https://numnumsbakery.com.au/portfolio/berry-cupcaces/,0,3,0,68.3
num nums bakery menu,https://numnumsbakery.com.au/portfolio/tiramisu-cake/,0,2,0,72.5
num nums bakery menu,https://numnumsbakery.com.au/portfolio/vanilla-cake/,0,4,0,62.8
num nums bakery menu,https://numnumsbakery.com.au/services/,0,4,0,57.8
num nums bakery menu,https://numnumsbakery.com.au/services/birthday-cakes/,0,1,0,69
num nums bakery photos,https://numnumsbakery.com.au/about,0,22,0,11.1
num nums bakery photos,https://numnumsbakery.com.au/blog,0,25,0,8.3
num nums bakery photos,https://numnumsbakery.com.au/blog/best-dessert-shop-sydney,0,2,0,9.5
num nums bakery photos,https://numnumsbakery.com.au/blog/cake-flavour-guide-sydney,0,1,0,27
num nums bakery photos,https://numnumsbakery.com.au/blog/eggless-cake-bakery-harris-park-riverstone-sydney,0,1,0,14
num nums bakery photos,https://numnumsbakery.com.au/blog/eggless-cakes-auburn,0,6,0,7.7
num nums bakery photos,https://numnumsbakery.com.au/blog/eggless-cakes-birrong,0,1,0,9
num nums bakery photos,https://numnumsbakery.com.au/blog/eggless-cakes-castle-hill,0,1,0,7
num nums bakery photos,https://numnumsbakery.com.au/blog/eggless-cakes-constitution-hill,0,3,0,6
num nums bakery photos,https://numnumsbakery.com.au/blog/eggless-cakes-dean-park,0,3,0,10.7
num nums bakery photos,https://numnumsbakery.com.au/blog/eggless-cakes-dundas-valley.html,0,1,0,8
num nums bakery photos,https://numnumsbakery.com.au/blog/eggless-cakes-dussehra-sydney,0,1,0,7
num nums bakery photos,https://numnumsbakery.com.au/blog/eggless-cakes-greystanes,0,1,0,7
num nums bakery photos,https://numnumsbakery.com.au/blog/eggless-cakes-harris-park,0,1,0,8
num nums bakery photos,https://numnumsbakery.com.au/blog/eggless-cakes-homebush,0,1,0,9
num nums bakery photos,https://numnumsbakery.com.au/blog/eggless-cakes-newington,0,1,0,10
num nums bakery photos,https://numnumsbakery.com.au/blog/eggless-cakes-prospect,0,2,0,7
num nums bakery photos,https://numnumsbakery.com.au/blog/eggless-cakes-south-granville.html,0,1,0,11
num nums bakery photos,https://numnumsbakery.com.au/blog/eggless-cakes-sweet-16-sydney,0,1,0,11
num nums bakery photos,https://numnumsbakery.com.au/blog/eggless-cakes-winston-hills,0,5,0,5.8
num nums bakery photos,https://numnumsbakery.com.au/blog/novelty-sculpted-cake-designs-sydney,0,2,0,6
num nums bakery photos,https://numnumsbakery.com.au/blog/photo-cake-sydney,0,5,0,6
num nums bakery photos,https://numnumsbakery.com.au/cakes,0,15,0,8.9
num nums bakery photos,https://numnumsbakery.com.au/contact/,0,1,0,52
num nums bakery photos,https://numnumsbakery.com.au/indian-sweet,0,1,0,37
num nums bakery photos,https://numnumsbakery.com.au/order,0,17,0,9.8
num nums bakery photos,https://numnumsbakery.com.au/portfolio/berry-cupcaces/,0,1,0,67
num nums bakery photos,https://numnumsbakery.com.au/portfolio/vanilla-cake/,0,1,0,65
num nums bakery photos,https://numnumsbakery.com.au/services/,0,1,0,61
num nums bakery photos,https://numnumsbakery.com.au/services/birthday-cakes/,0,1,0,69
num nums bakery reviews,https://numnumsbakery.com.au/about,0,1,0,10
num nums bakery reviews,https://numnumsbakery.com.au/blog/best-dessert-shop-sydney,0,3,0,11.3
num nums bakery reviews,https://numnumsbakery.com.au/blog/eggless-cake-bakery-harris-park-riverstone-sydney,0,8,0,10.6
num nums bakery reviews,https://numnumsbakery.com.au/blog/eggless-cake-reviews-sydney,0,37,0,9.0
num nums bakery reviews,https://numnumsbakery.com.au/blog/eggless-cakes-seven-hills,0,2,0,10
num nums bakery reviews,https://numnumsbakery.com.au/order,0,21,0,9.4
num nums bakery riverstone,https://numnumsbakery.com.au/about,0,1,0,9
num nums bakery riverstone,https://numnumsbakery.com.au/blog/eggless-cake-bakery-harris-park-riverstone-sydney,0,65,0,4.8
num nums bakery riverstone,https://numnumsbakery.com.au/blog/eggless-cake-for-vegetarians-sydney,0,1,0,11
num nums bakery riverstone,https://numnumsbakery.com.au/blog/eggless-cakes-acacia-gardens,0,6,0,9.8
num nums bakery riverstone,https://numnumsbakery.com.au/blog/eggless-cakes-beaumont-hills,0,3,0,8.3
num nums bakery riverstone,https://numnumsbakery.com.au/blog/eggless-cakes-castle-hill,0,7,0,7.9
num nums bakery riverstone,https://numnumsbakery.com.au/blog/eggless-cakes-colebee,0,1,0,5
num nums bakery riverstone,https://numnumsbakery.com.au/blog/eggless-cakes-dean-park,0,17,0,3.2
num nums bakery riverstone,https://numnumsbakery.com.au/blog/eggless-cakes-glendenning,0,1,0,9
num nums bakery riverstone,https://numnumsbakery.com.au/blog/eggless-cakes-grantham-farm,0,2,0,10.5
num nums bakery riverstone,https://numnumsbakery.com.au/blog/eggless-cakes-kellyville,0,5,0,6.6
num nums bakery riverstone,https://numnumsbakery.com.au/blog/eggless-cakes-marayong,0,6,0,5
num nums bakery riverstone,https://numnumsbakery.com.au/blog/eggless-cakes-minchinbury,0,4,0,2.8
num nums bakery riverstone,https://numnumsbakery.com.au/blog/eggless-cakes-parklea,0,2,0,5
num nums bakery riverstone,https://numnumsbakery.com.au/blog/eggless-cakes-pitt-town,0,3,0,8.7
num nums bakery riverstone,https://numnumsbakery.com.au/blog/eggless-cakes-riverstone,0,9,0,1.9
num nums bakery riverstone,https://numnumsbakery.com.au/blog/eggless-cakes-schofields,0,3,0,4
num nums bakery riverstone,https://numnumsbakery.com.au/blog/eggless-cakes-shanes-park,0,2,0,2
num nums bakery riverstone,https://numnumsbakery.com.au/blog/eggless-cakes-south-windsor,0,1,0,10
num nums bakery riverstone,https://numnumsbakery.com.au/blog/eggless-cakes-windsor,0,2,0,9.5
num nums bakery riverstone,https://numnumsbakery.com.au/blog/eggless-cakes-woodcroft,0,3,0,3.7
num nums bakery riverstone,https://numnumsbakery.com.au/cakes,0,70,0,8.3
num nums bakery riverstone,https://numnumsbakery.com.au/contact/,0,22,0,8.7
num nums bakery riverstone,https://numnumsbakery.com.au/indian-sweet,0,23,0,10.9
num nums bakery riverstone,https://numnumsbakery.com.au/order,0,52,0,5.6
num nums bakery riverstone menu,http://www.numnumsbakery.com.au/,0,1,0,1
num nums bakery riverstone menu,https://numnumsbakery.com.au/about,0,5,0,10.2
num nums bakery riverstone menu,https://numnumsbakery.com.au/blog/anniversary-cake-sydney,0,1,0,12
num nums bakery riverstone menu,https://numnumsbakery.com.au/blog/best-cake-sydney,0,2,0,9.5
num nums bakery riverstone menu,https://numnumsbakery.com.au/blog/eggless-cake-bakery-harris-park-riverstone-sydney,0,54,0,8.4
num nums bakery riverstone menu,https://numnumsbakery.com.au/blog/eggless-cake-flavours,0,5,0,9
num nums bakery riverstone menu,https://numnumsbakery.com.au/blog/eggless-cake-for-pregnancy-sydney,0,3,0,11.3
num nums bakery riverstone menu,https://numnumsbakery.com.au/blog/eggless-cake-for-vegetarians-sydney,0,13,0,10.1
num nums bakery riverstone menu,https://numnumsbakery.com.au/blog/eggless-cake-indian-flavours,0,1,0,6
num nums bakery riverstone menu,https://numnumsbakery.com.au/blog/eggless-cake-lower-sugar-options-sydney,0,1,0,12
num nums bakery riverstone menu,https://numnumsbakery.com.au/blog/eggless-cakes-annangrove,0,1,0,11
num nums bakery riverstone menu,https://numnumsbakery.com.au/blog/eggless-cakes-cattai,0,3,0,8.3
num nums bakery riverstone menu,https://numnumsbakery.com.au/blog/eggless-cakes-doonside,0,4,0,7
num nums bakery riverstone menu,https://numnumsbakery.com.au/blog/eggless-cakes-dussehra-sydney,0,3,0,10.7
num nums bakery riverstone menu,https://numnumsbakery.com.au/blog/eggless-cakes-first-communion-sydney,0,1,0,12
num nums bakery riverstone menu,https://numnumsbakery.com.au/blog/eggless-cakes-glendenning,0,6,0,10
num nums bakery riverstone menu,https://numnumsbakery.com.au/blog/eggless-cakes-grantham-farm,0,3,0,11.3
num nums bakery riverstone menu,https://numnumsbakery.com.au/blog/eggless-cakes-hebersham,0,2,0,10
num nums bakery riverstone menu,https://numnumsbakery.com.au/blog/eggless-cakes-kenthurst,0,4,0,8.5
num nums bakery riverstone menu,https://numnumsbakery.com.au/blog/eggless-cakes-kings-park,0,1,0,7
num nums bakery riverstone menu,https://numnumsbakery.com.au/blog/eggless-cakes-mcgraths-hill,0,14,0,9.6
num nums bakery riverstone menu,https://numnumsbakery.com.au/blog/eggless-cakes-minchinbury,0,12,0,6.8
num nums bakery riverstone menu,https://numnumsbakery.com.au/blog/eggless-cakes-mount-druitt,0,2,0,10
num nums bakery riverstone menu,https://numnumsbakery.com.au/blog/eggless-cakes-oakhurst,0,6,0,9
num nums bakery riverstone menu,https://numnumsbakery.com.au/blog/eggless-cakes-pitt-town,0,1,0,12
num nums bakery riverstone menu,https://numnumsbakery.com.au/blog/eggless-cakes-plumpton,0,1,0,10
num nums bakery riverstone menu,https://numnumsbakery.com.au/blog/eggless-cakes-riverstone,0,8,0,5
num nums bakery riverstone menu,https://numnumsbakery.com.au/blog/eggless-cakes-rooty-hill,0,4,0,4.8
num nums bakery riverstone menu,https://numnumsbakery.com.au/blog/eggless-cakes-schofields,0,3,0,10.7
num nums bakery riverstone menu,https://numnumsbakery.com.au/blog/eggless-cakes-shanes-park,0,2,0,8.5
num nums bakery riverstone menu,https://numnumsbakery.com.au/blog/eggless-cakes-woodcroft,0,13,0,4.5
num nums bakery riverstone menu,https://numnumsbakery.com.au/blog/multicultural-celebration-cake-sydney,0,2,0,11
num nums bakery riverstone menu,https://numnumsbakery.com.au/blog/unique-birthday-cake-ideas-sydney,0,2,0,11
num nums bakery riverstone menu,https://numnumsbakery.com.au/cakes,0,16,0,2.6
num nums bakery riverstone menu,https://numnumsbakery.com.au/indian-sweet,0,24,0,8.6
num nums bakery riverstone menu,https://numnumsbakery.com.au/indian-sweet/,0,1,0,7
num nums bakery riverstone menu,https://numnumsbakery.com.au/order,0,11,0,10.7
num nums barry,https://numnumsbakery.com.au/,0,1,0,26
num nums food,https://numnumsbakery.com.au/,0,5,0,13.6
num nums hunger bees,https://numnumsbakery.com.au/,0,44,0,8.0
num nums hunger bees,https://numnumsbakery.com.au/about,0,5,0,62.4
num nums hunger bees,https://numnumsbakery.com.au/blog,0,3,0,66
num nums hunger bees,https://numnumsbakery.com.au/blog/best-dessert-shop-sydney,0,1,0,78
num nums hunger bees,https://numnumsbakery.com.au/blog/eggless-cake-bakery-harris-park-riverstone-sydney,0,1,0,84
num nums hunger bees,https://numnumsbakery.com.au/blog/eggless-cakes-baulkham-hills,0,1,0,86
num nums hunger bees,https://numnumsbakery.com.au/blog/eggless-cakes-dean-park,0,1,0,65
num nums hunger bees,https://numnumsbakery.com.au/cakes,0,6,0,58.3
num nums hunger bees,https://numnumsbakery.com.au/contact/,0,1,0,52
num nums hunger bees,https://numnumsbakery.com.au/indian-sweet,0,2,0,75.5
num nums hunger bees,https://numnumsbakery.com.au/order,0,6,0,29
num nums hunger bees,https://numnumsbakery.com.au/services/,0,3,0,63
num nums hunger bees,https://numnumsbakery.com.au/services/birthday-cakes/,0,1,0,83
num nums hunger bees menu,https://numnumsbakery.com.au/,0,14,0,8.4
num nums kik,https://numnumsbakery.com.au/,0,2,0,4
num nums near me,https://numnumsbakery.com.au/,0,1,0,3
num nums near me,https://numnumsbakery.com.au/blog/eggless-cake-bakery-harris-park-riverstone-sydney,0,1,0,10
num nums sweet shop,https://numnumsbakery.com.au/,0,1,0,8
num nums sweet shop,https://numnumsbakery.com.au/order,0,1,0,30
num nums website,https://numnumsbakery.com.au/contact/,0,1,0,6
num yum,https://numnumsbakery.com.au/,0,1,0,3
num yums,https://numnumsbakery.com.au/,0,3,0,11.7
num-num,https://numnumsbakery.com.au/,0,3,0,5.7
num-nums-bakery-test.netlify.app,https://numnumsbakery.com.au/,0,2,0,1
num.noms,https://numnumsbakery.com.au/,0,1,0,6
num.num,https://numnumsbakery.com.au/,0,1,0,3
num.nums,https://numnumsbakery.com.au/,0,3,0,6.7
number 3 cakes,http://www.numnumsbakery.com.au/,0,1,0,4
number birthday cakes,https://numnumsbakery.com.au/blog/number-cakes-sydney,0,1,0,12
number cake,https://numnumsbakery.com.au/blog/number-cakes-sydney,0,1,0,17
number cake near me,https://numnumsbakery.com.au/,0,1,0,27
number cake price,https://numnumsbakery.com.au/blog/number-cakes-sydney,0,1,0,15
number cake sydney,https://numnumsbakery.com.au/,0,86,0,66.0
number cake sydney,https://numnumsbakery.com.au/blog/how-to-order-cake-sydney,0,1,0,44
number cake sydney,https://numnumsbakery.com.au/blog/number-cakes-sydney,0,1,0,9
number cake sydney,https://numnumsbakery.com.au/cakes,0,23,0,75.8
number cake sydney,https://numnumsbakery.com.au/order,0,9,0,90.4
number cakes,https://numnumsbakery.com.au/,0,1,0,27
number cakes near me,https://numnumsbakery.com.au/,0,2,0,72.5
number cakes prices,https://numnumsbakery.com.au/order,0,1,0,70
number cakes sydney,https://numnumsbakery.com.au/,0,89,0,75.9
number cakes sydney,https://numnumsbakery.com.au/blog/cake-shop-western-sydney,0,1,0,59
number cakes sydney,https://numnumsbakery.com.au/blog/first-birthday-cake-sydney,0,1,0,10
number cakes sydney,https://numnumsbakery.com.au/blog/how-to-order-cake-sydney,0,1,0,50
number cakes sydney,https://numnumsbakery.com.au/cakes,0,57,0,72.4
number cakes sydney,https://numnumsbakery.com.au/order,0,2,0,58
number cakes to order,https://numnumsbakery.com.au/blog/how-to-order-cake-sydney,0,1,0,44
number cupcakes near me,https://numnumsbakery.com.au/,0,1,0,34
number one cakes,https://numnumsbakery.com.au/blog/first-birthday-cake-sydney,0,1,0,7
numlocation,https://numnumsbakery.com.au/blog/eggless-cakes-parramatta,0,1,0,2
numm,https://numnumsbakery.com.au/,0,1,0,12
numm numm,https://numnumsbakery.com.au/,0,3,0,6.7
nummies,https://numnumsbakery.com.au/,0,1,0,2
nummus,https://numnumsbakery.com.au/,0,2,0,9
nummus,https://numnumsbakery.com.au/cakes,0,1,0,5
numnum,http://www.numnumsbakery.com.au/,0,3,0,1.7
numnum,https://numnumsbakery.com.au/,0,20,0,3.5
numnum,https://numnumsbakery.com.au/about,0,1,0,1
numnum,https://numnumsbakery.com.au/blog/best-dessert-shop-sydney,0,1,0,1
numnum,https://numnumsbakery.com.au/blog/eggless-cake-bakery-harris-park-riverstone-sydney,0,1,0,1
numnum bakery,http://www.numnumsbakery.com.au/,0,24,0,1.5
numnum bakery,https://numnumsbakery.com.au/about,0,75,0,1.7
numnum bakery,https://numnumsbakery.com.au/blog/best-cake-sydney,0,1,0,1
numnum bakery,https://numnumsbakery.com.au/blog/best-dessert-shop-sydney,0,1,0,5
numnum bakery,https://numnumsbakery.com.au/blog/eggless-birthday-cakes-every-age-sydney,0,2,0,1.5
numnum bakery,https://numnumsbakery.com.au/blog/eggless-cake-bakery-harris-park-riverstone-sydney,0,14,0,1.9
numnum bakery,https://numnumsbakery.com.au/blog/eggless-cake-gifting-guide-sydney,0,1,0,12
numnum bakery,https://numnumsbakery.com.au/blog/eggless-cakes-bossley-park,0,2,0,3.5
numnum bakery,https://numnumsbakery.com.au/blog/eggless-cakes-cabramatta,0,1,0,2
numnum bakery,https://numnumsbakery.com.au/blog/eggless-cakes-dean-park,0,2,0,1.5
numnum bakery,https://numnumsbakery.com.au/blog/eggless-cakes-doonside,0,1,0,1
numnum bakery,https://numnumsbakery.com.au/blog/eggless-cakes-hassall-grove,0,1,0,1
numnum bakery,https://numnumsbakery.com.au/blog/eggless-cakes-kenthurst,0,2,0,2.5
numnum bakery,https://numnumsbakery.com.au/blog/eggless-cakes-marsfield,0,1,0,1
numnum bakery,https://numnumsbakery.com.au/blog/eggless-cakes-north-kellyville,0,1,0,1
numnum bakery,https://numnumsbakery.com.au/blog/eggless-cakes-northmead,0,2,0,2
numnum bakery,https://numnumsbakery.com.au/blog/eggless-cakes-pitt-town,0,2,0,1.5
numnum bakery,https://numnumsbakery.com.au/blog/eggless-cakes-quakers-hill,0,1,0,2
numnum bakery,https://numnumsbakery.com.au/blog/eggless-cakes-riverstone,0,3,0,2.7
numnum bakery,https://numnumsbakery.com.au/blog/eggless-cakes-ryde,0,1,0,1
numnum bakery,https://numnumsbakery.com.au/blog/eggless-cakes-schofields,0,2,0,1.5
numnum bakery,https://numnumsbakery.com.au/blog/eggless-cakes-winston-hills,0,3,0,2.3
numnum bakery,https://numnumsbakery.com.au/blog/how-eggless-cakes-are-made,0,1,0,12
numnum bakery,https://numnumsbakery.com.au/contact/,0,1,0,6
numnum bakery,https://numnumsbakery.com.au/indian-sweet,0,3,0,1.7
numnum cake,http://www.numnumsbakery.com.au/,0,1,0,1
numnum cake,https://numnumsbakery.com.au/cakes,0,4,0,2.5
numnum cake,https://numnumsbakery.com.au/order,0,4,0,4
numnums,http://www.numnumsbakery.com.au/,0,1,0,1
numnums,https://numnumsbakery.com.au/blog/eggless-cakes-riverstone,0,1,0,1
numnums,https://numnumsbakery.com.au/cakes,0,6,0,1
numnums,https://numnumsbakery.com.au/order,0,1,0,10
numnums bakery,https://numnumsbakery.com.au/about,0,6,0,14.5
numnums bakery,https://numnumsbakery.com.au/blog,0,1,0,63
numnums bakery,https://numnumsbakery.com.au/blog/best-dessert-shop-sydney,0,1,0,55
numnums bakery,https://numnumsbakery.com.au/blog/eggless-cake-bakery-harris-park-riverstone-sydney,0,61,0,9.4
numnums bakery,https://numnumsbakery.com.au/blog/eggless-cakes-greystanes,0,1,0,78
numnums bakery,https://numnumsbakery.com.au/blog/eggless-cakes-kenthurst,0,1,0,3
numnums bakery,https://numnumsbakery.com.au/blog/eggless-cakes-riverstone,0,2,0,6.5
numnums bakery,https://numnumsbakery.com.au/blog/eggless-cakes-schofields,0,1,0,75
numnums bakery,https://numnumsbakery.com.au/blog/eggless-cakes-south-granville.html,0,1,0,15
numnums bakery,https://numnumsbakery.com.au/blog/eggless-cakes-telopea.html,0,1,0,74
numnums bakery,https://numnumsbakery.com.au/cakes,0,27,0,3.9
numnums bakery,https://numnumsbakery.com.au/indian-sweet,0,1,0,82
numnums bakery,https://numnumsbakery.com.au/portfolio/vanilla-cake/,0,1,0,80
nums,https://numnumsbakery.com.au/,0,71,0,6.8
nums,https://numnumsbakery.com.au/contact/,0,1,0,11
nums,https://numnumsbakery.com.au/order,0,1,0,75
nums nums,https://numnumsbakery.com.au/,0,48,0,8.6
nums nums bakery,http://www.numnumsbakery.com.au/,0,4,0,1
nums nums bakery,https://numnumsbakery.com.au/about,0,13,0,2.5
nums nums bakery,https://numnumsbakery.com.au/blog/best-dessert-shop-sydney,0,1,0,11
nums nums bakery,https://numnumsbakery.com.au/blog/cake-consultation-sydney,0,1,0,2
nums nums bakery,https://numnumsbakery.com.au/blog/cake-price-guide-sydney,0,1,0,2
nums nums bakery,https://numnumsbakery.com.au/blog/eggless-cake-bakery-harris-park-riverstone-sydney,0,6,0,6.3
nums nums bakery,https://numnumsbakery.com.au/blog/eggless-cake-for-seniors-sydney,0,1,0,10
nums nums bakery,https://numnumsbakery.com.au/blog/eggless-cakes-dean-park,0,1,0,11
nums nums bakery,https://numnumsbakery.com.au/blog/eggless-cakes-doonside,0,1,0,8
nums nums bakery,https://numnumsbakery.com.au/blog/eggless-cakes-hassall-grove,0,1,0,9
nums nums bakery,https://numnumsbakery.com.au/blog/eggless-cakes-northmead,0,1,0,8
nums nums bakery,https://numnumsbakery.com.au/blog/eggless-cakes-shanes-park,0,1,0,11
nums nums bakery,https://numnumsbakery.com.au/cakes,0,5,0,1.2
nums nums bakery,https://numnumsbakery.com.au/order,0,20,0,3.6
numu,https://numnumsbakery.com.au/,0,3,0,2.3
numu,https://numnumsbakery.com.au/cakes,0,1,0,1
numus,https://numnumsbakery.com.au/,0,4,0,44.8
nun nums,https://numnumsbakery.com.au/,0,2,0,7
nun nun bakery,https://numnumsbakery.com.au/about,0,1,0,3
nunu cakes,https://numnumsbakery.com.au/,0,1,0,8
nut bakery,https://numnumsbakery.com.au/blog/eggless-cake-nut-free-sydney,0,1,0,6
nut free bakery,https://numnumsbakery.com.au/blog/eggless-cake-nut-free-sydney,0,1,0,5
nut free birthday cake,https://numnumsbakery.com.au/blog/eggless-cake-nut-free-sydney,0,1,0,7
nut free birthday cakes near me,https://numnumsbakery.com.au/,0,2,0,38
nut free cake,https://numnumsbakery.com.au/blog/eggless-cake-nut-free-sydney,0,15,0,6.9
nut free cake,https://numnumsbakery.com.au/cakes,0,1,0,10
nut free cake near me,https://numnumsbakery.com.au/,0,1,0,86
nut free cakes,https://numnumsbakery.com.au/,0,3,0,83
nut free cakes,https://numnumsbakery.com.au/blog/eggless-cake-nut-free-sydney,0,22,0,11.0
nut free cakes castle hill,https://numnumsbakery.com.au/,0,5,0,66.4
nut free cakes castle hill,https://numnumsbakery.com.au/blog/best-eggless-cake-shops-sydney-2026,0,1,0,9
nut free cakes castle hill,https://numnumsbakery.com.au/blog/eggless-cake-nut-free-sydney,0,1,0,17
nut free cakes castle hill,https://numnumsbakery.com.au/blog/eggless-cakes-castle-hill,0,4,0,12.8
nut free cakes cherrybrook,https://numnumsbakery.com.au/,0,14,0,84.1
nut free cakes cherrybrook,https://numnumsbakery.com.au/blog/eggless-cakes-cherrybrook,0,8,0,5.6
nut free cakes mount druitt,https://numnumsbakery.com.au/blog/eggless-cakes-minchinbury,0,1,0,12
nut free cakes near me,https://numnumsbakery.com.au/,0,2,0,1
nut free cakes parramatta,https://numnumsbakery.com.au/,0,13,0,64.4
nut free cakes parramatta,https://numnumsbakery.com.au/blog/best-eggless-cake-shops-sydney-2026,0,1,0,39
nut free cakes parramatta,https://numnumsbakery.com.au/blog/eggless-cake-bakery-harris-park-riverstone-sydney,0,6,0,48.2
nut free cakes parramatta,https://numnumsbakery.com.au/blog/eggless-cakes-near-me-sydney,0,5,0,62.4
nut free cakes sydney,https://numnumsbakery.com.au/,0,4,0,67.5
nut free cakes sydney,https://numnumsbakery.com.au/blog/best-eggless-cake-shops-sydney-2026,0,88,0,21.2
nut free cakes sydney,https://numnumsbakery.com.au/blog/eggless-cake-for-vegetarians-sydney,0,3,0,56
nut free cakes sydney,https://numnumsbakery.com.au/blog/eggless-cake-nut-free-sydney,0,32,0,13.1
nut free cakes sydney,https://numnumsbakery.com.au/blog/eggless-cakes-northwest-sydney,0,1,0,4
nut free cupcakes,https://numnumsbakery.com.au/,0,1,0,14
nut free cupcakes near me,https://numnumsbakery.com.au/,0,1,0,59
nut free dessert near me,https://numnumsbakery.com.au/blog/eggless-cake-nut-free-sydney,0,1,0,8
nut free ice cream cake near me,https://numnumsbakery.com.au/,0,1,0,61
nutjob bakery,https://numnumsbakery.com.au/,0,1,0,26
nuts bakery,https://numnumsbakery.com.au/,0,1,0,19
nuts free cake,https://numnumsbakery.com.au/blog/eggless-cake-nut-free-sydney,0,2,0,5.5
nyc cookies near me,https://numnumsbakery.com.au/,0,1,0,9
oatley cake shop,https://numnumsbakery.com.au/,0,2,0,49
office cake delivery sydney,https://numnumsbakery.com.au/blog/eggless-cake-office-birthday-sydney,0,14,0,27.6
office cakes,https://numnumsbakery.com.au/blog/eggless-cake-office-birthday-sydney,0,4,0,7
office cakes sydney,https://numnumsbakery.com.au/blog/corporate-cake-sydney,0,33,0,15.0
office cakes sydney,https://numnumsbakery.com.au/blog/eggless-cake-office-birthday-sydney,0,16,0,22.1
olive oil cake near me,https://numnumsbakery.com.au/,0,1,0,56
olympic park postcode,https://numnumsbakery.com.au/blog/eggless-cakes-sydney-olympic-park,0,1,0,44
om nom bakery,https://numnumsbakery.com.au/,0,11,0,3.8
om sweets near me,https://numnumsbakery.com.au/indian-sweet,0,2,0,33
one year anniversary cake,https://numnumsbakery.com.au/,0,1,0,10
online bakery sydney,https://numnumsbakery.com.au/,0,2,0,66.5
online cake company,http://www.numnumsbakery.com.au/,0,1,0,60
online cake shops,https://numnumsbakery.com.au/,0,1,0,10
online eggless cake delivery near me,https://numnumsbakery.com.au/blog/best-eggless-cake-shops-sydney-2026,0,1,0,11
online eggless cake delivery near me,https://numnumsbakery.com.au/blog/eggless-cake-delivery-sydney,0,1,0,37
online food delivery near me,https://numnumsbakery.com.au/,0,1,0,45
online mithai delivery,https://numnumsbakery.com.au/indian-sweet,0,2,0,36
online mithai shop,https://numnumsbakery.com.au/indian-sweet,0,1,0,35
open,https://numnumsbakery.com.au/,0,1,0,3
opera cake near me,https://numnumsbakery.com.au/,0,3,0,7
orange and almond cake,http://www.numnumsbakery.com.au/,0,1,0,8
orange cake near me,https://numnumsbakery.com.au/,0,1,0,7
orange slice cake,https://numnumsbakery.com.au/,0,1,0,8
order a birthday cake near me,https://numnumsbakery.com.au/,0,1,0,8
order a cake with a picture on it,https://numnumsbakery.com.au/blog/photo-cake-sydney,0,1,0,4
order a custom cake near me,http://www.numnumsbakery.com.au/,0,1,0,1
order birthday cake near me,https://numnumsbakery.com.au/,0,1,0,48
order cake in sydney,https://numnumsbakery.com.au/,0,1,0,49
order cake online,https://numnumsbakery.com.au/cakes,0,1,0,1
order cake online with photo,https://numnumsbakery.com.au/blog/photo-cake-sydney,0,2,0,9.5
order cake with photo on it,https://numnumsbakery.com.au/blog/photo-cake-sydney,0,3,0,8.3
order cakes,https://numnumsbakery.com.au/,0,1,0,5
order desert,https://numnumsbakery.com.au/blog/best-dessert-shop-sydney,0,1,0,8
order desserts,https://numnumsbakery.com.au/blog/best-dessert-shop-sydney,0,1,0,11
order eggless cake,https://numnumsbakery.com.au/,0,1,0,1
order eggless cake,https://numnumsbakery.com.au/blog/best-eggless-cake-shops-sydney-2026,0,5,0,8
order eggless cake,https://numnumsbakery.com.au/blog/eggless-cake-bakery-harris-park-riverstone-sydney,0,2,0,10.5
order eggless cake,https://numnumsbakery.com.au/blog/eggless-cake-for-vegetarians-sydney,0,1,0,7
order eggless cake,https://numnumsbakery.com.au/cakes,0,1,0,10
order eggless cake,https://numnumsbakery.com.au/order,0,1,0,5
order eggless cake near me,https://numnumsbakery.com.au/,0,1,0,46
order eggless cake near me,https://numnumsbakery.com.au/blog/best-eggless-cake-shops-sydney-2026,0,1,0,20
order eggless cake near me,https://numnumsbakery.com.au/blog/eggless-cake-bakery-harris-park-riverstone-sydney,0,2,0,5.5
order eggless cake near me,https://numnumsbakery.com.au/blog/eggless-cakes-winston-hills,0,1,0,9
order eggless cake online,https://numnumsbakery.com.au/blog/eggless-cake-bakery-harris-park-riverstone-sydney,0,1,0,4
order eggless cake online,https://numnumsbakery.com.au/order,0,2,0,4
order eggless cake online near me,https://numnumsbakery.com.au/,0,2,0,17.5
order eggless cake online near me,https://numnumsbakery.com.au/blog/eggless-cake-delivery-sydney,0,1,0,67
order mithai online,https://numnumsbakery.com.au/indian-sweet,0,1,0,23
order photo cake,https://numnumsbakery.com.au/blog/photo-cake-sydney,0,1,0,4
order photo cake online,https://numnumsbakery.com.au/blog/photo-cake-sydney,0,1,0,5
order strawberry cake,https://numnumsbakery.com.au/,0,1,0,1
oreo cake near me,https://numnumsbakery.com.au/,0,1,0,8
oreo cakes near me,https://numnumsbakery.com.au/cakes,0,1,0,18
organic birthday cakes,https://numnumsbakery.com.au/,0,1,0,62
organic cake shop,https://numnumsbakery.com.au/,0,1,0,69
organic cake shop near me,https://numnumsbakery.com.au/,0,3,0,48
organic cakes,https://numnumsbakery.com.au/,0,1,0,67
organic neem cake in sydney,https://numnumsbakery.com.au/,0,187,0,58.6
organic neem cake in sydney,https://numnumsbakery.com.au/cakes,0,68,0,76.8
pac man donuts,https://numnumsbakery.com.au/,0,1,0,2
pain au chocolat near me,https://numnumsbakery.com.au/,0,1,0,10
pakistani sweets sydney,https://numnumsbakery.com.au/indian-sweet,0,7,0,28.9
pan cake near me,http://www.numnumsbakery.com.au/,0,1,0,7
pan near me,https://numnumsbakery.com.au/,0,2,0,7.5
pandan chiffon cake,https://numnumsbakery.com.au/,0,1,0,7
pandan coconut cake near me,https://numnumsbakery.com.au/,0,1,0,30
parramatta bakeries,https://numnumsbakery.com.au/,0,5,0,19.2
parramatta bakery,http://www.numnumsbakery.com.au/,0,1,0,24
parramatta bakery,https://numnumsbakery.com.au/,0,16,0,20.8
parramatta cake,https://numnumsbakery.com.au/,0,2,0,43.5
parramatta cake shop,http://www.numnumsbakery.com.au/,0,9,0,14.3
parramatta cake shop,https://numnumsbakery.com.au/,0,42,0,14.9
parramatta cake shops,https://numnumsbakery.com.au/,0,2,0,12
parramatta cakes,https://numnumsbakery.com.au/,0,9,0,20.1
parramatta dessert shop,https://numnumsbakery.com.au/blog/best-dessert-shop-sydney,0,3,0,11
parramatta pastry,https://numnumsbakery.com.au/,0,2,0,23.5
parramatta westfield cake shop,https://numnumsbakery.com.au/,0,1,0,26
pasties near me,http://www.numnumsbakery.com.au/,0,1,0,11
pastisseria near me,https://numnumsbakery.com.au/,0,2,0,7
pastries,https://numnumsbakery.com.au/,0,1,0,7
pastries near me,http://www.numnumsbakery.com.au/,0,3,0,8
pastries near me,https://numnumsbakery.com.au/,0,24,0,9.5
pastries near me,https://numnumsbakery.com.au/cakes,0,1,0,1
pastries parramatta,https://numnumsbakery.com.au/,0,1,0,57
pastry,https://numnumsbakery.com.au/,0,2,0,15.5
pastry bakery near me,https://numnumsbakery.com.au/,0,2,0,22
pastry bakery near me,https://numnumsbakery.com.au/cakes,0,1,0,4
pastry cake near me,https://numnumsbakery.com.au/,0,1,0,7
pastry catering,https://numnumsbakery.com.au/,0,1,0,7
pastry near by me,https://numnumsbakery.com.au/,0,1,0,9
pastry near me,http://www.numnumsbakery.com.au/,0,1,0,10
pastry near me,https://numnumsbakery.com.au/,0,18,0,9.3
pastry near me open now,https://numnumsbakery.com.au/,0,1,0,5
pastry open now,http://www.numnumsbakery.com.au/,0,1,0,8
pastry parramatta,http://www.numnumsbakery.com.au/,0,1,0,28
pastry parramatta,https://numnumsbakery.com.au/,0,1,0,39
pastry shop,https://numnumsbakery.com.au/,0,2,0,6
pastry shop near me,http://www.numnumsbakery.com.au/,0,1,0,3
pastry shop near me,https://numnumsbakery.com.au/cakes,0,3,0,4.3
pastry shop open near me,https://numnumsbakery.com.au/,0,1,0,6
pastry shops,https://numnumsbakery.com.au/,0,2,0,25.5
pastry shops near me,https://numnumsbakery.com.au/,0,1,0,7
pasty,https://numnumsbakery.com.au/,0,1,0,7
patisserie milton,https://numnumsbakery.com.au/,0,3,0,60.7
patisserie near me,https://numnumsbakery.com.au/,0,16,0,9.2
patisserie near me,https://numnumsbakery.com.au/cakes,0,1,0,4
patisserie nearby,https://numnumsbakery.com.au/,0,1,0,29
patisserie north sydney,https://numnumsbakery.com.au/,0,3,0,69.7
peak bakery,https://numnumsbakery.com.au/blog/eggless-cake-bakery-harris-park-riverstone-sydney,0,1,0,12
peanuts bakery series,https://numnumsbakery.com.au/,0,1,0,10
peda near me,https://numnumsbakery.com.au/,0,1,0,12
peda near me,https://numnumsbakery.com.au/indian-sweet,0,3,0,5
peda sweet near me,https://numnumsbakery.com.au/indian-sweet,0,1,0,4
pedha near me,https://numnumsbakery.com.au/indian-sweet,0,1,0,1
pennant hills cake delivery,https://numnumsbakery.com.au/blog/eggless-cakes-west-pennant-hills,0,1,0,11
per piece,https://numnumsbakery.com.au/indian-sweet,0,1,0,7
personalised photo cake,https://numnumsbakery.com.au/blog/photo-cake-sydney,0,2,0,11.5
personalised picture cake,https://numnumsbakery.com.au/blog/photo-cake-sydney,0,1,0,4
personalized photo cake,https://numnumsbakery.com.au/blog/photo-cake-sydney,0,1,0,8
phone shops near me,https://numnumsbakery.com.au/,0,1,0,58
photo birthday cake,https://numnumsbakery.com.au/blog/photo-cake-sydney,0,10,0,8.4
photo birthday cakes,https://numnumsbakery.com.au/blog/photo-cake-sydney,0,4,0,6.8
photo cake birthday,https://numnumsbakery.com.au/blog/photo-cake-sydney,0,2,0,8.5
photo cake delivery,https://numnumsbakery.com.au/blog/photo-cake-sydney,0,3,0,5.3
photo cake images,https://numnumsbakery.com.au/blog/photo-cake-sydney,0,9,0,7.3
photo cake near me,https://numnumsbakery.com.au/blog/photo-cake-sydney,0,10,0,9.8
photo cake next day delivery,https://numnumsbakery.com.au/blog/photo-cake-sydney,0,1,0,9
photo cake online order,https://numnumsbakery.com.au/blog/photo-cake-sydney,0,1,0,6
photo cake order online,https://numnumsbakery.com.au/blog/photo-cake-sydney,0,1,0,4
photo cake price,https://numnumsbakery.com.au/blog/photo-cake-sydney,0,1,0,8
photo cake printer near me,https://numnumsbakery.com.au/blog/photo-cake-sydney,0,1,0,10
photo cake printing,https://numnumsbakery.com.au/blog/photo-cake-sydney,0,2,0,8
photo cake same day delivery,https://numnumsbakery.com.au/blog/photo-cake-sydney,0,2,0,8
photo cakes,https://numnumsbakery.com.au/blog/photo-cake-sydney,0,20,0,6.0
photo cakes for birthday,https://numnumsbakery.com.au/blog/photo-cake-sydney,0,1,0,10
photo cakes near me,https://numnumsbakery.com.au/blog/photo-cake-sydney,0,13,0,9
photo cale,https://numnumsbakery.com.au/blog/photo-cake-sydney,0,2,0,8.5
photo cales,https://numnumsbakery.com.au/blog/photo-cake-sydney,0,1,0,3
photo came,https://numnumsbakery.com.au/blog/photo-cake-sydney,0,2,0,4.5
photo custom cake,https://numnumsbakery.com.au/blog/photo-cake-sydney,0,3,0,4.7
photo on a cake,https://numnumsbakery.com.au/blog/photo-cake-sydney,0,3,0,8
photo on cake,https://numnumsbakery.com.au/blog/photo-cake-sydney,0,14,0,9.9
photo on cake near me,https://numnumsbakery.com.au/blog/photo-cake-sydney,0,4,0,8
photo print cake,https://numnumsbakery.com.au/blog/photo-cake-sydney,0,163,0,11.8
photo print cakes,https://numnumsbakery.com.au/blog/photo-cake-sydney,0,4,0,10.8
photo print on cake,https://numnumsbakery.com.au/blog/photo-cake-sydney,0,2,0,10
photo print on cake near me,https://numnumsbakery.com.au/blog/photo-cake-sydney,0,1,0,5
photo printed cake,https://numnumsbakery.com.au/blog/photo-cake-sydney,0,3,0,9.3
photo printed cake online,https://numnumsbakery.com.au/blog/photo-cake-sydney,0,1,0,9
photo printed cakes,https://numnumsbakery.com.au/blog/photo-cake-sydney,0,1,0,9
photo printed on cake,https://numnumsbakery.com.au/blog/photo-cake-sydney,0,5,0,8.6
photo printing on cake,https://numnumsbakery.com.au/blog/photo-cake-sydney,0,5,0,7.6
photo sheet cake near me,https://numnumsbakery.com.au/blog/photo-cake-sydney,0,4,0,7.2
photo sheet cakes,https://numnumsbakery.com.au/blog/photo-cake-sydney,0,1,0,6
photocake,https://numnumsbakery.com.au/blog/photo-cake-sydney,0,1,0,3
photocake near me,https://numnumsbakery.com.au/blog/photo-cake-sydney,0,3,0,7.3
photograph cake,https://numnumsbakery.com.au/blog/photo-cake-sydney,0,1,0,9
photos for cakes,https://numnumsbakery.com.au/blog/photo-cake-sydney,0,3,0,10
photos on cakes,https://numnumsbakery.com.au/blog/photo-cake-sydney,0,8,0,8.1
photos on cakes near me,https://numnumsbakery.com.au/blog/photo-cake-sydney,0,2,0,5
pick a cake,https://numnumsbakery.com.au/blog/best-cake-sydney,0,1,0,6
picture birthday cake,https://numnumsbakery.com.au/blog/photo-cake-sydney,0,3,0,5.7
picture birthday cakes,https://numnumsbakery.com.au/blog/photo-cake-sydney,0,1,0,7
picture cake,http://www.numnumsbakery.com.au/,0,1,0,4
picture cake,https://numnumsbakery.com.au/blog/photo-cake-sydney,0,34,0,6.4
picture cake birthday,https://numnumsbakery.com.au/blog/photo-cake-sydney,0,1,0,11
picture cake for birthday,https://numnumsbakery.com.au/blog/photo-cake-sydney,0,3,0,7.7
picture cake happy birthday,https://numnumsbakery.com.au/blog/photo-cake-sydney,0,2,0,11
picture cakes,https://numnumsbakery.com.au/blog/photo-cake-sydney,0,8,0,7
picture cakes near me,https://numnumsbakery.com.au/blog/photo-cake-sydney,0,1,0,11
picture cale,https://numnumsbakery.com.au/blog/photo-cake-sydney,0,1,0,4
picture on a cake,https://numnumsbakery.com.au/blog/photo-cake-sydney,0,2,0,4
picture on a cake near me,https://numnumsbakery.com.au/blog/photo-cake-sydney,0,2,0,10
picture on birthday cake,https://numnumsbakery.com.au/blog/photo-cake-sydney,0,1,0,11
picture on cake,https://numnumsbakery.com.au/blog/photo-cake-sydney,0,2,0,8
picture on cake near me,https://numnumsbakery.com.au/blog/photo-cake-sydney,0,1,0,7
picture on top of cake,https://numnumsbakery.com.au/blog/photo-cake-sydney,0,1,0,9
picture print cake,https://numnumsbakery.com.au/blog/photo-cake-sydney,0,1,0,5
picture printed on cake,https://numnumsbakery.com.au/blog/photo-cake-sydney,0,3,0,5.3
pictures on cake,https://numnumsbakery.com.au/blog/photo-cake-sydney,0,2,0,10
pictures on cakes,https://numnumsbakery.com.au/blog/photo-cake-sydney,0,2,0,12.5
pictures on cakes near me,https://numnumsbakery.com.au/blog/photo-cake-sydney,0,1,0,7
pie australia,https://numnumsbakery.com.au/,0,1,0,22
pie bakery near me,https://numnumsbakery.com.au/,0,4,0,12.5
pie near me,https://numnumsbakery.com.au/,0,6,0,7
pie open near me,https://numnumsbakery.com.au/,0,1,0,10
pie shop,https://numnumsbakery.com.au/,0,2,0,12
pie shop near me,https://numnumsbakery.com.au/,0,8,0,6.5
pie shop parramatta,https://numnumsbakery.com.au/,0,3,0,15.7
pie shops,https://numnumsbakery.com.au/,0,1,0,4
pie shops near me,https://numnumsbakery.com.au/,0,2,0,4
piece cake near me,https://numnumsbakery.com.au/,0,1,0,11
pies in sydney,https://numnumsbakery.com.au/,0,1,0,13
pies near me,https://numnumsbakery.com.au/,0,21,0,9.5
pies near me,https://numnumsbakery.com.au/cakes,0,1,0,15
pies shop near me,https://numnumsbakery.com.au/,0,2,0,24
pineapple,https://numnumsbakery.com.au/,0,1,0,4
pineapple cake,https://numnumsbakery.com.au/,0,7,0,4.9
pineapple cake near me,https://numnumsbakery.com.au/,0,3,0,1
pineapple donuts,https://numnumsbakery.com.au/,0,1,0,7
pineapple donuts near me,https://numnumsbakery.com.au/,0,2,0,6
pink cake near me,https://numnumsbakery.com.au/,0,2,0,7.5
pista barfi,https://numnumsbakery.com.au/indian-sweet,0,2,0,2
pistachio cakes near me,https://numnumsbakery.com.au/,0,1,0,12
pistachio croissant,https://numnumsbakery.com.au/,0,1,0,1
pistachio croissant,https://numnumsbakery.com.au/cakes,0,1,0,1
pistachio croissant near me,https://numnumsbakery.com.au/,0,1,0,6
pitt town bakery,https://numnumsbakery.com.au/blog/eggless-cakes-mcgraths-hill,0,2,0,11.5
pitt town bakery,https://numnumsbakery.com.au/blog/eggless-cakes-pitt-town,0,5,0,9.6
places that print pictures on cakes,https://numnumsbakery.com.au/blog/photo-cake-sydney,0,1,0,5
plain cake donuts near me,https://numnumsbakery.com.au/,0,1,0,8
plain cake recipe,https://numnumsbakery.com.au/,0,2,0,3
plain cakes,https://numnumsbakery.com.au/,0,1,0,8
plain donuts near me,https://numnumsbakery.com.au/,0,1,0,9
plain iced cakes,https://numnumsbakery.com.au/,0,1,0,3
plain mini cupcakes,https://numnumsbakery.com.au/,0,1,0,2
plain white cake,https://numnumsbakery.com.au/,0,3,0,21
plum cake,http://www.numnumsbakery.com.au/,0,1,0,4
pooja cakes,https://numnumsbakery.com.au/blog/eggless-cakes-durga-puja-sydney,0,1,0,3
popular cake shops,https://numnumsbakery.com.au/,0,1,0,20
popular cake toppers,https://numnumsbakery.com.au/blog/cake-toppers-sydney,0,1,0,8
popular cakes,https://numnumsbakery.com.au/,0,1,0,31
popular cakes sydney,https://numnumsbakery.com.au/,0,1,0,3
popular cakes sydney,https://numnumsbakery.com.au/blog/best-cake-sydney,0,1,0,15
pregnancy cake,https://numnumsbakery.com.au/blog/eggless-cake-for-pregnancy-sydney,0,1,0,8
pregnancy cakes,https://numnumsbakery.com.au/blog/eggless-cake-for-pregnancy-sydney,0,1,0,8
pregnancy safe cake,https://numnumsbakery.com.au/blog/eggless-cake-for-pregnancy-sydney,0,1,0,1
premium bakery near me,https://numnumsbakery.com.au/blog/eggless-cakes-schofields,0,2,0,43
premium bakery silverwater,https://numnumsbakery.com.au/blog/eggless-cake-bakery-harris-park-riverstone-sydney,0,14,0,17.1
premium bakery silverwater,https://numnumsbakery.com.au/blog/eggless-cakes-newington,0,2,0,26.5
premium bakery silverwater,https://numnumsbakery.com.au/blog/eggless-cakes-silverwater,0,39,0,7.7
premium bakery silverwater,https://numnumsbakery.com.au/blog/eggless-cakes-sydney-olympic-park,0,2,0,45
premium bakery silverwater,https://numnumsbakery.com.au/blog/eggless-cakes-wentworth-point,0,3,0,42.7
premium cakes near me,https://numnumsbakery.com.au/,0,1,0,57
premium cookies near me,https://numnumsbakery.com.au/,0,3,0,7.3
price of a cake,https://numnumsbakery.com.au/blog/cake-price-guide-sydney,0,1,0,3
princess cake swedish near me,https://numnumsbakery.com.au/,0,1,0,9
print a cake,https://numnumsbakery.com.au/blog/photo-cake-sydney,0,2,0,15
print birthday cake,https://numnumsbakery.com.au/blog/photo-cake-sydney,0,1,0,4
print cake,https://numnumsbakery.com.au/blog/photo-cake-sydney,0,160,0,14.1
print cakes,https://numnumsbakery.com.au/blog/photo-cake-sydney,0,2,0,8
print face on cake,https://numnumsbakery.com.au/blog/photo-cake-sydney,0,1,0,3
print image on cake,https://numnumsbakery.com.au/blog/photo-cake-sydney,0,4,0,5.2
print on a cake,https://numnumsbakery.com.au/blog/photo-cake-sydney,0,2,0,7.5
print on cakes near me,https://numnumsbakery.com.au/,0,1,0,1
print out cake,https://numnumsbakery.com.au/blog/photo-cake-sydney,0,1,0,8
print photo cake,https://numnumsbakery.com.au/blog/photo-cake-sydney,0,2,0,4
print photo for cake,https://numnumsbakery.com.au/blog/photo-cake-sydney,0,1,0,9
print photo on a cake,https://numnumsbakery.com.au/blog/photo-cake-sydney,0,1,0,3
print picture on a cake,https://numnumsbakery.com.au/blog/photo-cake-sydney,0,1,0,4
print picture on cake,https://numnumsbakery.com.au/blog/photo-cake-sydney,0,7,0,6.4
print picture on cake near me,https://numnumsbakery.com.au/blog/photo-cake-sydney,0,1,0,8
printable cakes,https://numnumsbakery.com.au/blog/photo-cake-sydney,0,3,0,3
printed cake,https://numnumsbakery.com.au/blog/photo-cake-sydney,0,41,0,10.7
printed cakes,https://numnumsbakery.com.au/blog/photo-cake-sydney,0,18,0,5.5
printed cakes near me,https://numnumsbakery.com.au/blog/photo-cake-sydney,0,1,0,8
printed image cake,https://numnumsbakery.com.au/blog/photo-cake-sydney,0,1,0,5
printed photo on cake,https://numnumsbakery.com.au/blog/photo-cake-sydney,0,1,0,9
printing on cake,https://numnumsbakery.com.au/blog/photo-cake-sydney,0,3,0,7.7
printing on cakes,https://numnumsbakery.com.au/blog/photo-cake-sydney,0,1,0,6
profiterole cake where to buy,https://numnumsbakery.com.au/,0,2,0,10
promotion cake,https://numnumsbakery.com.au/blog/cake-for-new-job-promotion-sydney,0,1,0,5
promotion cakes,https://numnumsbakery.com.au/blog/cake-for-new-job-promotion-sydney,0,3,0,8
prospect bakery,https://numnumsbakery.com.au/blog/eggless-cakes-prospect,0,2,0,7
puff near me,https://numnumsbakery.com.au/,0,2,0,6
punjab bakery near me,https://numnumsbakery.com.au/,0,1,0,1
punjabi bakery,https://numnumsbakery.com.au/indian-sweet,0,3,0,27.3
punjabi bakery near me,https://numnumsbakery.com.au/indian-sweet,0,2,0,18.5
punjabi eggless cake,https://numnumsbakery.com.au/,0,2,0,33
punjabi eggless cake,https://numnumsbakery.com.au/blog,0,5,0,11.2
punjabi eggless cake,https://numnumsbakery.com.au/cakes,0,1,0,36
pure veg cake shop,https://numnumsbakery.com.au/,0,1,0,6
pure vegetarian bakery near me,https://numnumsbakery.com.au/,0,1,0,10
purim cake,https://numnumsbakery.com.au/blog/eggless-cakes-purim-sydney,0,1,0,10
purple yam cake,https://numnumsbakery.com.au/,0,1,0,4
put a photo on a cake,https://numnumsbakery.com.au/blog/photo-cake-sydney,0,1,0,4
putting a photo on a cake,https://numnumsbakery.com.au/blog/photo-cake-sydney,0,1,0,9
quakers bakery shop,https://numnumsbakery.com.au/blog/eggless-cakes-quakers-hill,0,2,0,11.5
quakers hill bakery,https://numnumsbakery.com.au/blog/eggless-cakes-northwest-sydney,0,1,0,1
quakers hill bakery,https://numnumsbakery.com.au/blog/eggless-cakes-quakers-hill,0,22,0,10.4
quakers hill bakery,https://numnumsbakery.com.au/blog/eggless-cakes-the-ponds,0,1,0,1
queena niuniu cake,https://numnumsbakery.com.au/,0,1,0,5
quinceanera cakes,https://numnumsbakery.com.au/blog/eggless-cakes-quinceanera-sydney,0,1,0,5
rabdi cake near me,https://numnumsbakery.com.au/indian-sweet,0,1,0,11
ragda pattice,https://numnumsbakery.com.au/,0,1,0,10
ragda pattice near me,https://numnumsbakery.com.au/,0,1,0,15
rainbow cake,https://numnumsbakery.com.au/,0,3,0,4.7
rainbow cake near me,https://numnumsbakery.com.au/,0,3,0,10.3
ram bakery,https://numnumsbakery.com.au/blog/ram-navami-sydney,0,1,0,10
ram cake,https://numnumsbakery.com.au/blog/ram-navami-sydney,0,1,0,7
ras malai cake,https://numnumsbakery.com.au/,0,7,0,5.1
ras malai cake near me,https://numnumsbakery.com.au/blog/eggless-cakes-schofields,0,2,0,4.5
ras malai cake near me,https://numnumsbakery.com.au/cakes,0,1,0,10
rasagulla near me,https://numnumsbakery.com.au/,0,1,0,2
rasamalai cake,https://numnumsbakery.com.au/,0,2,0,1
rasgulla cake near me,https://numnumsbakery.com.au/indian-sweet,0,5,0,5.6
rasgulla near me,https://numnumsbakery.com.au/,0,2,0,11
rasgulla near me,https://numnumsbakery.com.au/indian-sweet,0,1,0,29
rasmalai,https://numnumsbakery.com.au/,0,2,0,7.5
rasmalai cake blacktown,https://numnumsbakery.com.au/blog/eggless-cakes-schofields,0,6,0,5.8
rasmalai cake cost,https://numnumsbakery.com.au/cakes,0,1,0,10
rasmalai cake recipe,https://numnumsbakery.com.au/,0,1,0,8
rasmalai cake shop near me,https://numnumsbakery.com.au/blog/eggless-cakes-schofields,0,1,0,4
rasmalai cake sydney,https://numnumsbakery.com.au/,0,1,0,19
rasmalai cake sydney,https://numnumsbakery.com.au/blog/best-cake-sydney,0,3,0,3.7
rasmalai cake sydney,https://numnumsbakery.com.au/blog/eggless-cakes-durga-puja-sydney,0,1,0,1
rasmalai cake sydney,https://numnumsbakery.com.au/blog/eggless-cakes-lohri-sydney,0,1,0,6
rasmalai cake sydney,https://numnumsbakery.com.au/blog/eggless-cakes-pongal-sydney,0,1,0,11
rasmalai cakes,https://numnumsbakery.com.au/,0,1,0,11
rasmalai near me,https://numnumsbakery.com.au/,0,4,0,19.2
rasmalai pastry near me,https://numnumsbakery.com.au/,0,3,0,1.7
rasmalai tres leches cake near me,https://numnumsbakery.com.au/,0,1,0,11
rasmalai tres leches cake near me,https://numnumsbakery.com.au/blog/eggless-cakes-schofields,0,3,0,5.7
rasmalai.cake,https://numnumsbakery.com.au/,0,1,0,7
rasmalak,https://numnumsbakery.com.au/,0,1,0,8
rasmalay,http://www.numnumsbakery.com.au/,0,1,0,16
rasmali cake,http://www.numnumsbakery.com.au/,0,1,0,1
ready made cakes near me,https://numnumsbakery.com.au/,0,1,0,7
realistic fruit dessert,https://numnumsbakery.com.au/,0,1,0,8
recipe for plain cake,https://numnumsbakery.com.au/,0,1,0,2
red velvet cake,http://www.numnumsbakery.com.au/,0,1,0,10
red velvet cake,https://numnumsbakery.com.au/,0,7,0,7.6
red velvet cake near me,https://numnumsbakery.com.au/,0,4,0,11.8
red velvet cake order,https://numnumsbakery.com.au/,0,1,0,11
red velvet cake sydney,https://numnumsbakery.com.au/blog/eggless-red-velvet-cake-sydney,0,7,0,10.6
red velvet cakes sydney,https://numnumsbakery.com.au/blog/eggless-red-velvet-cake-sydney,0,2,0,6.5
red velvet sydney,https://numnumsbakery.com.au/blog/eggless-red-velvet-cake-sydney,0,1,0,12
replacement for eggs in cake,https://numnumsbakery.com.au/blog/eggless-cake-egg-substitutes,0,1,0,29
restaurant harris park,https://numnumsbakery.com.au/,0,4,0,55.2
restaurant in riverstone,https://numnumsbakery.com.au/,0,1,0,37
retirement cake delivery,https://numnumsbakery.com.au/blog/eggless-cakes-retirement-sydney.html,0,1,0,4
retirement cakes,https://numnumsbakery.com.au/blog/eggless-cakes-retirement-sydney.html,0,1,0,13
reviews,https://numnumsbakery.com.au/,0,1,0,2
reviews,https://numnumsbakery.com.au/blog/eggless-cake-reviews-sydney,0,1,0,11
reviews,https://numnumsbakery.com.au/order,0,1,0,1
rice cakes near me,https://numnumsbakery.com.au/,0,2,0,43.5
rice flower cake,https://numnumsbakery.com.au/,0,1,0,5
richmond bakery cakes,https://numnumsbakery.com.au/blog/eggless-cakes-north-richmond,0,1,0,13
riverstone bakery,http://www.numnumsbakery.com.au/,0,9,0,1.7
riverstone bakery,https://numnumsbakery.com.au/blog/best-dessert-shop-sydney,0,4,0,8.2
riverstone bakery,https://numnumsbakery.com.au/blog/eggless-cake-bakery-harris-park-riverstone-sydney,0,114,0,8.3
riverstone bakery,https://numnumsbakery.com.au/blog/eggless-cakes-doonside,0,10,0,8.6
riverstone bakery,https://numnumsbakery.com.au/blog/eggless-cakes-kings-park,0,1,0,6
riverstone bakery,https://numnumsbakery.com.au/blog/eggless-cakes-mount-druitt,0,1,0,6
riverstone bakery,https://numnumsbakery.com.au/blog/eggless-cakes-north-richmond,0,1,0,13
riverstone bakery,https://numnumsbakery.com.au/blog/eggless-cakes-riverstone,0,14,0,7.5
riverstone bakery,https://numnumsbakery.com.au/blog/eggless-cakes-wilberforce,0,1,0,10
riverstone bakery,https://numnumsbakery.com.au/cakes,0,23,0,1.0
riverstone bakery,https://numnumsbakery.com.au/indian-sweet,0,1,0,100
riverstone bakery official website,https://numnumsbakery.com.au/,0,2,0,7
riverstone cafes,http://www.numnumsbakery.com.au/,0,1,0,18
riverstone cake shop,https://numnumsbakery.com.au/blog/eggless-cake-bakery-harris-park-riverstone-sydney,0,8,0,8.8
riverstone coffee,https://numnumsbakery.com.au/,0,3,0,7
riverstone coffee shop,https://numnumsbakery.com.au/,0,5,0,8
riverstone food,http://www.numnumsbakery.com.au/,0,4,0,22.5
riverstone food,https://numnumsbakery.com.au/,0,21,0,24.8
riverstone shop,https://numnumsbakery.com.au/,0,1,0,16
riverstone shops,http://www.numnumsbakery.com.au/,0,3,0,7.7
riverstone shops,https://numnumsbakery.com.au/,0,11,0,8.4
riverstone takeaway,https://numnumsbakery.com.au/,0,1,0,20
riverstone village shopping centre directory,https://numnumsbakery.com.au/cakes,0,2,0,1
riverstonebakery.com,https://numnumsbakery.com.au/,0,6,0,7
riverstones bakery,https://numnumsbakery.com.au/,0,1,0,38
roma cakes,https://numnumsbakery.com.au/,0,1,0,3
roma cakes,https://numnumsbakery.com.au/cakes,0,1,0,3
rooty hill bakery,https://numnumsbakery.com.au/blog/eggless-cakes-rooty-hill,0,1,0,10
rosanna cakes,https://numnumsbakery.com.au/,0,1,0,3
rosanna cakes,https://numnumsbakery.com.au/cakes,0,1,0,3
rouse hill bakery,https://numnumsbakery.com.au/,0,1,0,8
rouse hill cakes,https://numnumsbakery.com.au/,0,2,0,11.5
rouse hill village bakery,https://numnumsbakery.com.au/,0,1,0,8
ruf cinnamon rolls,https://numnumsbakery.com.au/,0,1,0,5
ruf cinnamon rolls,https://numnumsbakery.com.au/cakes,0,1,0,5
rumi birthday cake,https://numnumsbakery.com.au/,0,1,0,3
rumi cake near me,https://numnumsbakery.com.au/,0,2,0,1.5
rumo rumo cake,https://numnumsbakery.com.au/,0,1,0,38
ruse bakery,https://numnumsbakery.com.au/blog/eggless-cakes-eastwood,0,1,0,11
ruse bakery,https://numnumsbakery.com.au/blog/eggless-cakes-meadowbank,0,1,0,10
ruse bakery,https://numnumsbakery.com.au/blog/eggless-cakes-silverwater,0,2,0,12
ruse bakery,https://numnumsbakery.com.au/blog/eggless-cakes-sydney-olympic-park,0,1,0,9
ruse bakery,https://numnumsbakery.com.au/blog/eggless-cakes-telopea.html,0,1,0,12
ruse bakery,https://numnumsbakery.com.au/blog/eggless-cakes-wentworth-point,0,1,0,11
ruse bakery,https://numnumsbakery.com.au/blog/eggless-cakes-west-ryde,0,1,0,12
salt bread near me,https://numnumsbakery.com.au/,0,2,0,5.5
salted caramel birthday cake,https://numnumsbakery.com.au/,0,1,0,19
salted caramel cake,https://numnumsbakery.com.au/,0,1,0,9
sambar near me,https://numnumsbakery.com.au/,0,1,0,30
same day edible image printing,https://numnumsbakery.com.au/blog/photo-cake-sydney,0,3,0,9
same day pick up cakes,https://numnumsbakery.com.au/,0,1,0,2
samosa near me,https://numnumsbakery.com.au/,0,1,0,38
samosa pastry sheets,https://numnumsbakery.com.au/,0,1,0,4
samosa pizza,https://numnumsbakery.com.au/,0,1,0,9
samosa pizza near me,https://numnumsbakery.com.au/,0,2,0,3.5
sandwiches near me,https://numnumsbakery.com.au/,0,1,0,14
sans rival cake sydney,https://numnumsbakery.com.au/,0,3,0,61
santinas cakes,https://numnumsbakery.com.au/,0,1,0,43
saraswati puja 2026 date,https://numnumsbakery.com.au/blog/basant-panchami-saraswati-puja-sydney,0,1,0,2
savoury pastries,http://www.numnumsbakery.com.au/,0,1,0,7
scones near me,https://numnumsbakery.com.au/,0,3,0,9.7
screen printed cake,https://numnumsbakery.com.au/blog/photo-cake-sydney,0,2,0,3.5
sculpted cake,https://numnumsbakery.com.au/blog/novelty-sculpted-cake-designs-sydney,0,1,0,7
sculptural cakes,https://numnumsbakery.com.au/blog/novelty-sculpted-cake-designs-sydney,0,1,0,10
see you soon cake,https://numnumsbakery.com.au/blog/farewell-cake-sydney.html,0,2,0,4
sefton bakery,https://numnumsbakery.com.au/blog/eggless-cakes-chester-hill,0,1,0,10
sefton bakery,https://numnumsbakery.com.au/blog/eggless-cakes-sefton,0,7,0,10.6
semi naked cake alexandria,https://numnumsbakery.com.au/blog/semi-naked-cake-sydney,0,8,0,7.1
semi naked cake chatswood,https://numnumsbakery.com.au/blog/naked-cake-sydney,0,13,0,20.9
semi naked cake chatswood,https://numnumsbakery.com.au/blog/semi-naked-cake-sydney,0,9,0,8
semi naked cake darlinghurst,https://numnumsbakery.com.au/blog/naked-cake-sydney,0,30,0,14.4
semi naked cake darlinghurst,https://numnumsbakery.com.au/blog/semi-naked-cake-sydney,0,8,0,6
senioras bakery,https://numnumsbakery.com.au/blog/eggless-cake-for-seniors-sydney,0,1,0,10
seoul public holiday 2026,https://numnumsbakery.com.au/blog/eggless-cakes-chuseok-sydney,0,1,0,4
shalvey bakery,https://numnumsbakery.com.au/blog/eggless-cakes-lethbridge-park,0,4,0,9
shalvey bakery,https://numnumsbakery.com.au/blog/eggless-cakes-shalvey,0,1,0,10
sheet cake,https://numnumsbakery.com.au/,0,1,0,6
sheet cake buy,https://numnumsbakery.com.au/blog/sheet-cake-sydney,0,1,0,5
sheet cake for 200 people,https://numnumsbakery.com.au/blog/sheet-cake-sydney,0,1,0,11
sheet cake near me,https://numnumsbakery.com.au/,0,1,0,9
sheet cake order,https://numnumsbakery.com.au/blog/sheet-cake-sydney,0,1,0,8
sheet cake printed image,https://numnumsbakery.com.au/blog/photo-cake-sydney,0,2,0,6.5
sheet cake serving size,https://numnumsbakery.com.au/blog/sheet-cake-sydney,0,1,0,5
sheet cake sydney,https://numnumsbakery.com.au/blog/sheet-cake-sydney,0,3,0,9.3
sheet cake with custom picture,https://numnumsbakery.com.au/blog/photo-cake-sydney,0,1,0,3
sheet cake with image,https://numnumsbakery.com.au/blog/photo-cake-sydney,0,1,0,6
shop cake,https://numnumsbakery.com.au/,0,1,0,18
shops near me,http://www.numnumsbakery.com.au/,0,1,0,17
shops near me,https://numnumsbakery.com.au/,0,1,0,18
shops that open at 6,https://numnumsbakery.com.au/,0,1,0,20
show picture,https://numnumsbakery.com.au/,0,1,0,1
singh bakery,https://numnumsbakery.com.au/,0,1,0,6
size of cakes,https://numnumsbakery.com.au/blog/cake-serving-size-guide-sydney,0,1,0,3
sizes of cakes,https://numnumsbakery.com.au/blog/cake-serving-size-guide-sydney,0,1,0,7
slab cake,https://numnumsbakery.com.au/,0,1,0,10
slab cake near me,https://numnumsbakery.com.au/,0,1,0,20
slab cake near me,https://numnumsbakery.com.au/cakes,0,1,0,20
slab cakes near me,https://numnumsbakery.com.au/,0,1,0,10
slice cake,https://numnumsbakery.com.au/,0,1,0,5
slice cake calories,https://numnumsbakery.com.au/blog/eggless-cake-calories-guide-sydney,0,1,0,9
slice of cake,https://numnumsbakery.com.au/,0,1,0,2
slice of cake calories,https://numnumsbakery.com.au/blog/eggless-cake-calories-guide-sydney,0,3,0,8.7
small 4 inch cake,https://numnumsbakery.com.au/,0,1,0,9
small birthday cake,http://www.numnumsbakery.com.au/,0,1,0,10
small birthday cake near me,http://www.numnumsbakery.com.au/,0,1,0,8
small cake,https://numnumsbakery.com.au/,0,3,0,12.3
small cake near me,https://numnumsbakery.com.au/,0,2,0,5.5
small cake price,https://numnumsbakery.com.au/,0,1,0,8
small cake shop,https://numnumsbakery.com.au/,0,1,0,1
small cakes near me,http://www.numnumsbakery.com.au/,0,1,0,1
small cakes near me,https://numnumsbakery.com.au/,0,3,0,3.3
small cakes sydney,https://numnumsbakery.com.au/,0,7,0,44.1
small cakes sydney,https://numnumsbakery.com.au/blog/eggless-cake-small-gatherings-sydney,0,6,0,11.7
small eggless cake,https://numnumsbakery.com.au/blog/eggless-cake-bakery-harris-park-riverstone-sydney,0,1,0,1
small eggless cake near me,https://numnumsbakery.com.au/blog/best-eggless-cake-shops-sydney-2026,0,1,0,8
small eggless cake near me,https://numnumsbakery.com.au/blog/eggless-cake-bakery-harris-park-riverstone-sydney,0,1,0,4
small eggless cake near me,https://numnumsbakery.com.au/blog/eggless-cakes-dean-park,0,1,0,6
small eggless cake near me,https://numnumsbakery.com.au/blog/eggless-cakes-glenorie,0,1,0,4
small mini cupcakes,https://numnumsbakery.com.au/,0,1,0,2
small photo cake,https://numnumsbakery.com.au/blog/photo-cake-sydney,0,3,0,7.3
small rasmalai cake,https://numnumsbakery.com.au/,0,1,0,7
small slice of cake calories,https://numnumsbakery.com.au/blog/eggless-cake-calories-guide-sydney,0,1,0,10
small wedding cakes prices,https://numnumsbakery.com.au/blog/wedding-cake-sydney-north-west,0,1,0,37
smash cake,https://numnumsbakery.com.au/,0,2,0,6.5
smash cake,https://numnumsbakery.com.au/blog/cake-smash-cakes-sydney,0,2,0,2.5
smash cake near me,https://numnumsbakery.com.au/,0,1,0,59
smash cake sydney,https://numnumsbakery.com.au/blog/cake-smash-cakes-sydney,0,2,0,10
smash cake sydney,https://numnumsbakery.com.au/blog/cake-smash-vs-first-birthday-cake-sydney,0,8,0,6.4
smash cakes near me,https://numnumsbakery.com.au/blog/cake-smash-cakes-sydney,0,1,0,11
smoothies near me,https://numnumsbakery.com.au/,0,1,0,28
snack near me,https://numnumsbakery.com.au/,0,1,0,8
snacks near me,https://numnumsbakery.com.au/,0,2,0,19
snoopy birthday cake,https://numnumsbakery.com.au/,0,1,0,7
so safe to eat?,https://numnumsbakery.com.au/blog/eggless-cake-storage-freshness-guide,0,1,0,3
soccer ball cake,https://numnumsbakery.com.au/,0,2,0,4
soccer ball cakes,https://numnumsbakery.com.au/,0,1,0,4
soccer birthday cake,https://numnumsbakery.com.au/,0,1,0,34
soccer cake,https://numnumsbakery.com.au/,0,1,0,15
soccer cakes,https://numnumsbakery.com.au/,0,1,0,6
soccer cupcakes,https://numnumsbakery.com.au/,0,1,0,15
soft cakes near me,https://numnumsbakery.com.au/,0,1,0,8
south western sydney,https://numnumsbakery.com.au/blog/eggless-cakes-bonnyrigg,0,1,0,4
speciality cakes near me,https://numnumsbakery.com.au/,0,1,0,1
speciality cakes near me,https://numnumsbakery.com.au/cakes,0,1,0,1
specialty cakes near me,https://numnumsbakery.com.au/,0,1,0,25
spider man cake near me,https://numnumsbakery.com.au/,0,1,0,2
spiderman cake,https://numnumsbakery.com.au/,0,8,0,9.4
spiderman cake,https://numnumsbakery.com.au/cakes,0,2,0,8.5
spiderman cupcakes,https://numnumsbakery.com.au/,0,1,0,30
spidey cake near me,https://numnumsbakery.com.au/,0,1,0,5
spinach and ricotta rolls near me,https://numnumsbakery.com.au/,0,1,0,28
spinach and ricotta rolls near me,https://numnumsbakery.com.au/cakes,0,1,0,28
sponge cake near me,https://numnumsbakery.com.au/,0,1,0,12
sponge vs cake,https://numnumsbakery.com.au/blog/eggless-cake-vs-sponge-cake,0,1,0,24
square cake serving size,https://numnumsbakery.com.au/blog/cake-serving-size-guide-sydney,0,1,0,9
sri lankan cake near me,https://numnumsbakery.com.au/blog/eggless-cakes-schofields,0,1,0,3
standard cake size,https://numnumsbakery.com.au/blog/cake-serving-size-guide-sydney,0,3,0,12
standard cake sizes,https://numnumsbakery.com.au/blog/cake-serving-size-guide-sydney,0,1,0,23
standard cake sizes round,https://numnumsbakery.com.au/blog/cake-serving-size-guide-sydney,0,1,0,5
star shaped cake,https://numnumsbakery.com.au/,0,2,0,7
stones bakery,https://numnumsbakery.com.au/,0,3,0,32
stonewood bakery,https://numnumsbakery.com.au/,0,1,0,40
strathfield cakes,https://numnumsbakery.com.au/blog/eggless-cakes-strathfield,0,1,0,11
strawberry birthday cake,https://numnumsbakery.com.au/,0,1,0,14
strawberry cake birthday,https://numnumsbakery.com.au/,0,1,0,9
strawberry cake slice,http://www.numnumsbakery.com.au/,0,1,0,19
strawberry lemon cake,https://numnumsbakery.com.au/,0,1,0,7
sugar free bakery,https://numnumsbakery.com.au/,0,1,0,99
sugar free birthday cakes,https://numnumsbakery.com.au/cakes,0,1,0,77
sugar free cake,https://numnumsbakery.com.au/,0,2,0,6.5
sugar free cake near me,https://numnumsbakery.com.au/cakes,0,1,0,1
sugar free cake sydney,https://numnumsbakery.com.au/blog/best-eggless-cake-shops-sydney-2026,0,3,0,32.7
sugar free cake to buy,https://numnumsbakery.com.au/,0,1,0,9
sugar free cakes sydney,https://numnumsbakery.com.au/,0,1,0,61
sugar free cakes sydney,https://numnumsbakery.com.au/blog/best-eggless-cake-shops-sydney-2026,0,3,0,43.7
sugar free dessert near me,https://numnumsbakery.com.au/blog/best-dessert-shop-sydney,0,1,0,20
sugar free desserts near me,https://numnumsbakery.com.au/,0,1,0,21
sugar free desserts near me,https://numnumsbakery.com.au/blog/best-dessert-shop-sydney,0,1,0,30
sugar free eggless cake near me,https://numnumsbakery.com.au/,0,1,0,5
sugarless bakery near me,https://numnumsbakery.com.au/blog/best-eggless-cake-shops-sydney-2026,0,1,0,34
sugarless bakery near me,https://numnumsbakery.com.au/blog/eggless-cake-bakery-harris-park-riverstone-sydney,0,1,0,20
sweet boondi near me,https://numnumsbakery.com.au/,0,1,0,5
sweet bun near me,https://numnumsbakery.com.au/,0,1,0,15
sweet food near me,https://numnumsbakery.com.au/,0,1,0,9
sweet kg price,https://numnumsbakery.com.au/indian-sweet,0,1,0,13
sweet land harris park,https://numnumsbakery.com.au/blog/eggless-cake-bakery-harris-park-riverstone-sydney,0,1,0,20
sweet near me,https://numnumsbakery.com.au/,0,2,0,15.5
sweet pastry dough,https://numnumsbakery.com.au/,0,1,0,8
sweet shop harris park,https://numnumsbakery.com.au/,0,1,0,10
sweet shop in harris park,https://numnumsbakery.com.au/,0,22,0,6.6
sweet shop near me,https://numnumsbakery.com.au/,0,13,0,15.4
sweet shop near me,https://numnumsbakery.com.au/cakes,0,1,0,1
sweet shop near me indian,https://numnumsbakery.com.au/indian-sweet,0,1,0,36
sweet street,http://www.numnumsbakery.com.au/,0,1,0,20
sweet stuff near me,https://numnumsbakery.com.au/,0,1,0,32
sweet tooth,https://numnumsbakery.com.au/,0,1,0,4
sweet treat,https://numnumsbakery.com.au/,0,1,0,10
sweet treat near me,https://numnumsbakery.com.au/,0,2,0,11
sweet treats,https://numnumsbakery.com.au/,0,1,0,23
sweet treats near me,https://numnumsbakery.com.au/,0,3,0,12
sweets,https://numnumsbakery.com.au/,0,1,0,16
sweets harris park,https://numnumsbakery.com.au/,0,3,0,10.3
sweets near me,http://www.numnumsbakery.com.au/,0,4,0,28.8
sweets near me,https://numnumsbakery.com.au/,0,16,0,11.1
sweets near me,https://numnumsbakery.com.au/cakes,0,1,0,22
sweets near me indian,https://numnumsbakery.com.au/indian-sweet,0,2,0,36
sweets near me open now,https://numnumsbakery.com.au/,0,1,0,14
sweets per kg price,https://numnumsbakery.com.au/indian-sweet,0,1,0,1
sweets rate,https://numnumsbakery.com.au/indian-sweet,0,1,0,11
swiss roll,https://numnumsbakery.com.au/,0,1,0,8
sydney,https://numnumsbakery.com.au/blog/eggless-cakes-durga-puja-sydney,0,1,0,12
sydney best birthday cake,https://numnumsbakery.com.au/blog/best-cake-sydney,0,78,0,24.3
sydney best birthday cakes,https://numnumsbakery.com.au/blog/best-cake-sydney,0,18,0,23.7
sydney best cake,https://numnumsbakery.com.au/blog/autumn-cake-sydney,0,1,0,6
sydney best cake,https://numnumsbakery.com.au/blog/best-cake-sydney,0,25,0,12.9
sydney best cake,https://numnumsbakery.com.au/blog/winter-cake-sydney,0,1,0,11
sydney best cake shop,https://numnumsbakery.com.au/blog/best-cake-sydney,0,1,0,14
sydney best chocolate cake,https://numnumsbakery.com.au/blog/best-cake-sydney,0,1,0,21
sydney best wedding cake,https://numnumsbakery.com.au/blog/wedding-cake-sydney-north-west,0,5,0,16.6
sydney best wedding cakes,https://numnumsbakery.com.au/blog/wedding-cake-sydney-north-west,0,16,0,14.9
sydney cake,https://numnumsbakery.com.au/,0,1,0,75
sydney cake shop,https://numnumsbakery.com.au/,0,14,0,64.1
sydney cake shops,https://numnumsbakery.com.au/,0,1,0,66
sydney cake stores,https://numnumsbakery.com.au/,0,1,0,60
sydney cake toppers online,https://numnumsbakery.com.au/blog/cake-toppers-sydney,0,1,0,8
sydney cakes,https://numnumsbakery.com.au/,0,3,0,69.3
sydney corporate cake,https://numnumsbakery.com.au/blog/corporate-cake-sydney.html,0,1,0,10
sydney dairy free cake delivery,https://numnumsbakery.com.au/,0,5,0,82.4
sydney dairy free cake delivery,https://numnumsbakery.com.au/blog/best-eggless-cake-shops-sydney-2026,0,15,0,31.7
sydney dairy free cake delivery,https://numnumsbakery.com.au/cakes,0,1,0,83
sydney dairy free cakes delivered,https://numnumsbakery.com.au/blog/best-eggless-cake-shops-sydney-2026,0,12,0,26
sydney dairy free cakes delivery,https://numnumsbakery.com.au/,0,1,0,58
sydney dairy free cakes delivery,https://numnumsbakery.com.au/blog/best-eggless-cake-shops-sydney-2026,0,16,0,25.4
sydney durga puja 2026,https://numnumsbakery.com.au/blog/eggless-cakes-durga-puja-sydney,0,1,0,4
sydney fruit cake,https://numnumsbakery.com.au/blog/eggless-fruit-cake-sydney,0,3,0,8
sydney fruit cakes,https://numnumsbakery.com.au/blog/eggless-fruit-cake-sydney,0,12,0,9.4
sydney office cake delivery,https://numnumsbakery.com.au/blog/cake-delivery-sydney,0,7,0,54.4
sydney office cake delivery,https://numnumsbakery.com.au/blog/eggless-cake-office-birthday-sydney,0,18,0,26
sydney office cakes,https://numnumsbakery.com.au/blog/corporate-cake-sydney,0,40,0,9.6
sydney office cakes,https://numnumsbakery.com.au/blog/corporate-cake-sydney.html,0,1,0,10
sydney office cakes,https://numnumsbakery.com.au/blog/eggless-cake-office-birthday-sydney,0,20,0,12.7
sydney wedding cake,https://numnumsbakery.com.au/blog/wedding-cake-sydney-north-west,0,16,0,18.8
sydney wedding cakes,https://numnumsbakery.com.au/blog/wedding-cake-sydney-north-west,0,21,0,22.3
take away food near me open now,https://numnumsbakery.com.au/,0,1,0,1
take away food near me open now,https://numnumsbakery.com.au/cakes,0,1,0,1
takeaway riverstone,http://www.numnumsbakery.com.au/,0,1,0,37
takeaway riverstone,https://numnumsbakery.com.au/,0,4,0,17.2
talawong,https://numnumsbakery.com.au/blog/best-dessert-shop-sydney,0,1,0,50
tannum bakehouse,https://numnumsbakery.com.au/,0,2,0,33.5
tannum bakery,https://numnumsbakery.com.au/,0,2,0,43
tannum sands bakery,https://numnumsbakery.com.au/,0,1,0,46
taro cake,https://numnumsbakery.com.au/,0,4,0,11.8
taro cake near me,https://numnumsbakery.com.au/,0,1,0,10
taro cake near me,https://numnumsbakery.com.au/cakes,0,1,0,10
tart shop sydney,https://numnumsbakery.com.au/,0,1,0,88
tarts,https://numnumsbakery.com.au/,0,1,0,12
tarts near me,https://numnumsbakery.com.au/,0,1,0,8
tarun bakery,https://numnumsbakery.com.au/about,0,1,0,4
tcm cake,https://numnumsbakery.com.au/,0,1,0,9
tea and cake,https://numnumsbakery.com.au/blog/afternoon-tea-cakes-sydney,0,1,0,49
tea near me,https://numnumsbakery.com.au/,0,1,0,6
teej 2026 date in nepal,https://numnumsbakery.com.au/blog/teej-sydney,0,1,0,1
teej cake,https://numnumsbakery.com.au/blog/teej-sydney,0,4,0,7.2
teej dar khane din 2026,https://numnumsbakery.com.au/blog/teej-sydney,0,3,0,9.3
teej date 2026 nepal,https://numnumsbakery.com.au/blog/teej-sydney,0,1,0,1
teej ko dar khane din 2026,https://numnumsbakery.com.au/blog/teej-sydney,0,2,0,9
thank you cookies near me,https://numnumsbakery.com.au/,0,1,0,7
that dessert shop,https://numnumsbakery.com.au/blog/best-dessert-shop-sydney,0,1,0,9
that dessert shop sydney,https://numnumsbakery.com.au/blog/best-dessert-shop-sydney,0,3,0,11.3
the bakery place,https://numnumsbakery.com.au/blog/eggless-cake-bakery-harris-park-riverstone-sydney,0,1,0,8
the best cake,https://numnumsbakery.com.au/blog/best-cake-sydney,0,1,0,11
the best cake in sydney,https://numnumsbakery.com.au/blog/best-cake-sydney,0,7,0,9
the best cake shop in sydney,https://numnumsbakery.com.au/blog/best-cake-sydney,0,1,0,12
the best cakes,https://numnumsbakery.com.au/blog/best-cake-sydney,0,1,0,8
the dessert shop,https://numnumsbakery.com.au/blog/best-dessert-shop-sydney,0,11,0,9.4
the dessert shop near me,https://numnumsbakery.com.au/blog/best-dessert-shop-sydney,0,2,0,8.5
the eggless baker,https://numnumsbakery.com.au/blog/best-eggless-cake-shops-sydney-2026,0,1,0,7
the eggless cake shop,https://numnumsbakery.com.au/blog/eggless-cake-bakery-harris-park-riverstone-sydney,0,1,0,5
the eggless cake shop,https://numnumsbakery.com.au/blog/eggless-cake-storage-freshness-guide,0,1,0,5
the magnolia bakery,https://numnumsbakery.com.au/,0,1,0,57
the sum of sweets eggless cake,https://numnumsbakery.com.au/,0,2,0,35.5
the sum of sweets eggless cake,https://numnumsbakery.com.au/blog,0,8,0,21.2
the sum of sweets eggless cake,https://numnumsbakery.com.au/blog/best-eggless-cake-shops-sydney-2026,0,8,0,13.5
the sum of sweets eggless cake,https://numnumsbakery.com.au/blog/eggless-cakes-pitt-town,0,2,0,17.5
the sum of sweets eggless cake,https://numnumsbakery.com.au/cakes,0,9,0,8.3
the sum of sweets eggless cake,https://numnumsbakery.com.au/order,0,1,0,51
these,https://numnumsbakery.com.au/blog/eggless-cake-storage-freshness-guide,0,1,0,1
they sold out,https://numnumsbakery.com.au/,0,1,0,1
thick cookies near me,https://numnumsbakery.com.au/,0,1,0,7
thin slice of cake calories,https://numnumsbakery.com.au/blog/eggless-cake-calories-guide-sydney,0,1,0,1
thomas bakery,https://numnumsbakery.com.au/,0,2,0,58.5
thornton bakery,https://numnumsbakery.com.au/,0,1,0,38
three milk cake near me,https://numnumsbakery.com.au/,0,1,0,1
tilla kulfi near me,https://numnumsbakery.com.au/indian-sweet,0,1,0,42
tiramisu,https://numnumsbakery.com.au/,0,14,0,7
tiramisu buy near me,https://numnumsbakery.com.au/,0,1,0,5
tiramisu cake,http://www.numnumsbakery.com.au/,0,2,0,4
tiramisu cake,https://numnumsbakery.com.au/,0,12,0,8.2
tiramisu cake buy,https://numnumsbakery.com.au/,0,1,0,7
tiramisu cake near me,https://numnumsbakery.com.au/,0,1,0,5
tiramisu cake near me,https://numnumsbakery.com.au/blog/eggless-cakes-schofields,0,1,0,5
tiramisu cake near me bakery,https://numnumsbakery.com.au/blog/eggless-cakes-schofields,0,1,0,5
tiramisu cake slice,http://www.numnumsbakery.com.au/,0,1,0,1
tiramisu cake sydney,https://numnumsbakery.com.au/,0,1,0,3
tiramisu cakes,https://numnumsbakery.com.au/,0,1,0,7
tiramisu magnum,https://numnumsbakery.com.au/,0,1,0,4
tiramisu magnum,https://numnumsbakery.com.au/cakes,0,1,0,4
tiramisu near me,http://www.numnumsbakery.com.au/,0,1,0,12
tiramisu near me,https://numnumsbakery.com.au/,0,17,0,7.8
tiramisu near me open now,https://numnumsbakery.com.au/,0,2,0,12
tiramisu nearby,https://numnumsbakery.com.au/,0,1,0,9
tiramisu parramatta,https://numnumsbakery.com.au/,0,3,0,21
tiramisu shop near me,https://numnumsbakery.com.au/,0,1,0,4
tiramisu stand,https://numnumsbakery.com.au/,0,1,0,9
tiếng anh,https://numnumsbakery.com.au/blog/cake-message-ideas-sydney,0,1,0,1
to. cruise coconut cake,https://numnumsbakery.com.au/,0,1,0,7
toddler cake restaurant,https://numnumsbakery.com.au/blog/kids-birthday-cake-sydney,0,2,0,7
tom cakes,https://numnumsbakery.com.au/,0,7,0,37.9
tom cakes,https://numnumsbakery.com.au/blog/eggless-cake-bakery-harris-park-riverstone-sydney,0,3,0,10.3
tom cakes,https://numnumsbakery.com.au/cakes,0,4,0,69
tom cakes,https://numnumsbakery.com.au/order,0,1,0,70
tom thumb bakery,https://numnumsbakery.com.au/,0,1,0,27
tom's bakery,https://numnumsbakery.com.au/,0,3,0,28
toongabbie bakery,https://numnumsbakery.com.au/blog/eggless-cakes-old-toongabbie,0,1,0,11
top impression bakery north sydney,https://numnumsbakery.com.au/,0,2,0,43.5
top impression north sydney,https://numnumsbakery.com.au/,0,1,0,49
top rated bakery,https://numnumsbakery.com.au/,0,3,0,8
top rated bakery near me,http://www.numnumsbakery.com.au/,0,1,0,20
top rated bakery near me,https://numnumsbakery.com.au/,0,1,0,6
top rated birthday cake,https://numnumsbakery.com.au/,0,2,0,5
top rated cake,https://numnumsbakery.com.au/,0,2,0,6.5
top rated cake,https://numnumsbakery.com.au/blog/best-cake-sydney,0,1,0,27
top rated cake near me,https://numnumsbakery.com.au/,0,1,0,4
top rated cake shop near me,https://numnumsbakery.com.au/,0,13,0,4.4
top rated cake shop near me open now,https://numnumsbakery.com.au/cakes,0,1,0,13
top rated cake shops near me,https://numnumsbakery.com.au/,0,2,0,12.5
top rated cakes,https://numnumsbakery.com.au/blog/best-cake-sydney,0,1,0,7
top rated cakes near me,https://numnumsbakery.com.au/,0,2,0,6.5
top rated coffee near me,http://www.numnumsbakery.com.au/,0,1,0,5
top rated dessert,https://numnumsbakery.com.au/,0,1,0,10
top rated dessert near me,https://numnumsbakery.com.au/,0,1,0,19
top rated desserts near me,https://numnumsbakery.com.au/,0,1,0,1
top rated eggless cake near me,https://numnumsbakery.com.au/,0,3,0,1
top rated food near me,https://numnumsbakery.com.au/,0,1,0,26
top rated patisserie near me,https://numnumsbakery.com.au/,0,2,0,10
toppers bakery,https://numnumsbakery.com.au/blog/cake-toppers-sydney,0,3,0,5
tree nut free bakery near me,https://numnumsbakery.com.au/,0,1,0,62
treliche cake near me,https://numnumsbakery.com.au/,0,1,0,10
tres leches cake near me,https://numnumsbakery.com.au/,0,4,0,11
tres leches near me,https://numnumsbakery.com.au/,0,2,0,3
tres leches near me,https://numnumsbakery.com.au/cakes,0,1,0,5
tres leches where to buy,https://numnumsbakery.com.au/,0,1,0,28
tumut bakery,https://numnumsbakery.com.au/,0,4,0,40.2
two hearts bakery,https://numnumsbakery.com.au/blog/best-dessert-shop-sydney,0,1,0,11
two tarts tumut,https://numnumsbakery.com.au/,0,2,0,55.5
types of modern cakes,https://numnumsbakery.com.au/cakes,0,1,0,1
ube cake near me,https://numnumsbakery.com.au/,0,5,0,14.6
ube cake order,https://numnumsbakery.com.au/cakes,0,1,0,1
ube flan near me,https://numnumsbakery.com.au/,0,1,0,8
uber bakery,http://www.numnumsbakery.com.au/,0,1,0,4
uber cake delivery,https://numnumsbakery.com.au/,0,1,0,5
uber cake delivery,https://numnumsbakery.com.au/cakes,0,1,0,5
uber eats bakery,https://numnumsbakery.com.au/,0,1,0,3
uber eats bakery,https://numnumsbakery.com.au/cakes,0,1,0,3
umina bakery,https://numnumsbakery.com.au/,0,10,0,50.2
unfilled sponge cake,https://numnumsbakery.com.au/,0,1,0,1
unfinished cakes sydney,https://numnumsbakery.com.au/blog/naked-cake-sydney,0,17,0,15.6
unique bday cake,https://numnumsbakery.com.au/blog/unique-birthday-cake-ideas-sydney,0,1,0,6
unique birthday cake for 60 year old man near me,https://numnumsbakery.com.au/blog/birthday-cake-for-men-sydney,0,1,0,1
unique birthday cakes,https://numnumsbakery.com.au/blog/unique-birthday-cake-ideas-sydney,0,2,0,9
unique cakes,https://numnumsbakery.com.au/blog/unique-birthday-cake-ideas-sydney,0,4,0,8.8
unique cakes for birthday,https://numnumsbakery.com.au/blog/unique-birthday-cake-ideas-sydney,0,1,0,9
unique desserts near me,https://numnumsbakery.com.au/,0,1,0,16
uno bakery,https://numnumsbakery.com.au/,0,1,0,22
v cakes,https://numnumsbakery.com.au/,0,1,0,5
vanilla buttercream cake near me,https://numnumsbakery.com.au/,0,1,0,1
vanilla cake calories per 100g,https://numnumsbakery.com.au/blog/eggless-cake-calories-guide-sydney,0,1,0,11
vanilla cake halal,https://numnumsbakery.com.au/blog/halal-friendly-cakes-eggless-sydney,0,1,0,12
vanilla cake near me,https://numnumsbakery.com.au/,0,3,0,4
vanilla cake sydney,https://numnumsbakery.com.au/,0,1,0,3
vanilla cakes near me,https://numnumsbakery.com.au/,0,1,0,2
vanilla pastry,https://numnumsbakery.com.au/,0,1,0,6
vanilla slice near me,https://numnumsbakery.com.au/,0,1,0,3
vanilla sponge cake near me,https://numnumsbakery.com.au/,0,1,0,3
vanilla sponge fruit cake,https://numnumsbakery.com.au/,0,1,0,45
variety cake,https://numnumsbakery.com.au/,0,1,0,4
veg brownies,https://numnumsbakery.com.au/,0,1,0,12
veg cake,https://numnumsbakery.com.au/,0,1,0,5
veg cake near me,https://numnumsbakery.com.au/,0,7,0,8.6
veg cake near me,https://numnumsbakery.com.au/blog/best-eggless-cake-shops-sydney-2026,0,3,0,8
veg cake near me,https://numnumsbakery.com.au/blog/eggless-cakes-dean-park,0,1,0,8
veg cake near me,https://numnumsbakery.com.au/cakes,0,1,0,1
veg cake shop,https://numnumsbakery.com.au/,0,1,0,1
veg cake shop near me,http://www.numnumsbakery.com.au/,0,2,0,6.5
veg cake shop near me,https://numnumsbakery.com.au/,0,3,0,10.3
veg cakes near me,https://numnumsbakery.com.au/blog/best-eggless-cake-shops-sydney-2026,0,3,0,6
veg puff,http://www.numnumsbakery.com.au/,0,1,0,2
veg puff,https://numnumsbakery.com.au/,0,1,0,4
veg puff near me,https://numnumsbakery.com.au/,0,4,0,2.8
veg puffs,https://numnumsbakery.com.au/,0,1,0,10
vegan almond croissant near me,https://numnumsbakery.com.au/,0,1,0,10
vegan bakeries near me,https://numnumsbakery.com.au/,0,1,0,12
vegan bakeries sydney,https://numnumsbakery.com.au/,0,1,0,16
vegan bakery,https://numnumsbakery.com.au/,0,1,0,10
vegan bakery near me,https://numnumsbakery.com.au/,0,1,0,5
vegan bakery sydney,http://www.numnumsbakery.com.au/,0,1,0,9
vegan cake,https://numnumsbakery.com.au/,0,8,0,11.8
vegan cake,https://numnumsbakery.com.au/blog/eggless-cakes-northwest-sydney,0,3,0,4.3
vegan cake,https://numnumsbakery.com.au/blog/eggless-cakes-the-ponds,0,2,0,6
vegan cake meaning,https://numnumsbakery.com.au/blog/vegan-vs-eggless-cakes-difference,0,1,0,1
vegan cake near me,https://numnumsbakery.com.au/blog/eggless-cakes-northwest-sydney,0,2,0,1
vegan cake near me,https://numnumsbakery.com.au/blog/eggless-cakes-the-ponds,0,1,0,1
vegan cake near me,https://numnumsbakery.com.au/cakes,0,1,0,14
vegan cake same day delivery,http://www.numnumsbakery.com.au/,0,1,0,9
vegan cake shop near me,https://numnumsbakery.com.au/,0,1,0,1
vegan cake shop sydney,https://numnumsbakery.com.au/,0,1,0,47
vegan cake vs regular cake,https://numnumsbakery.com.au/blog/vegan-vs-eggless-cakes-difference,0,16,0,16
vegan cake windsor,https://numnumsbakery.com.au/blog/eggless-cakes-south-windsor,0,1,0,8
vegan cakes cherrybrook,https://numnumsbakery.com.au/,0,12,0,70.1
vegan cakes cherrybrook,https://numnumsbakery.com.au/blog/eggless-cakes-cherrybrook,0,6,0,9.8
vegan cakes near me,https://numnumsbakery.com.au/,0,1,0,9
vegan cakes near me,https://numnumsbakery.com.au/blog/eggless-cakes-northwest-sydney,0,1,0,1
vegan cakes parramatta,https://numnumsbakery.com.au/,0,6,0,48.8
vegan cakes sydney,https://numnumsbakery.com.au/,0,1,0,28
vegan carrot cake,http://www.numnumsbakery.com.au/,0,1,0,9
vegan chocolate mousse cake,https://numnumsbakery.com.au/,0,1,0,14
vegan cookies near me,https://numnumsbakery.com.au/,0,1,0,2
vegan cupcake near me,https://numnumsbakery.com.au/blog/eggless-cakes-quakers-hill,0,1,0,1
vegan cupcakes,http://www.numnumsbakery.com.au/,0,1,0,23
vegan dark chocolate cake,https://numnumsbakery.com.au/,0,1,0,4
vegan dessert near me open now,https://numnumsbakery.com.au/,0,1,0,10
vegan desserts near me,https://numnumsbakery.com.au/,0,1,0,30
vegan muffins near me,https://numnumsbakery.com.au/blog/eggless-cakes-quakers-hill,0,1,0,1
vegan pastries near me,https://numnumsbakery.com.au/,0,1,0,21
vegan pasty near me,http://www.numnumsbakery.com.au/,0,1,0,8
vegan tiramisu near me,https://numnumsbakery.com.au/,0,1,0,14
vegetarian bakery near me,https://numnumsbakery.com.au/,0,1,0,4
vegetarian bakery near me,https://numnumsbakery.com.au/cakes,0,1,0,4
vegetarian cake near me,https://numnumsbakery.com.au/,0,1,0,1
vegetarian cake near me,https://numnumsbakery.com.au/blog/best-eggless-cake-shops-sydney-2026,0,2,0,6.5
vegetarian cake shop,https://numnumsbakery.com.au/blog/eggless-cake-bakery-harris-park-riverstone-sydney,0,1,0,1
vegetarian cake shop near me,https://numnumsbakery.com.au/,0,1,0,4
vegetarian pie near me,https://numnumsbakery.com.au/,0,1,0,9
veggie pies,https://numnumsbakery.com.au/,0,1,0,5
victoria sponge cake near me,https://numnumsbakery.com.au/,0,1,0,4
villawood bakery,https://numnumsbakery.com.au/blog/eggless-cakes-villawood,0,1,0,9
walk in cake shop near me,https://numnumsbakery.com.au/blog/eggless-cake-bakery-harris-park-riverstone-sydney,0,1,0,12
walnut cake,https://numnumsbakery.com.au/,0,1,0,7
warm cookie near me,https://numnumsbakery.com.au/blog/eggless-cake-bakery-harris-park-riverstone-sydney,0,1,0,1
warm cookie near me,https://numnumsbakery.com.au/cakes,0,1,0,1
warm desserts near me,https://numnumsbakery.com.au/,0,1,0,45
watermelon cake,https://numnumsbakery.com.au/,0,3,0,16.7
watermelon cake near me,https://numnumsbakery.com.au/,0,2,0,4.5
watermelon cake parramatta,https://numnumsbakery.com.au/,0,2,0,10
weather stanhope gardens,https://numnumsbakery.com.au/blog/eggless-cakes-stanhope-gardens,0,1,0,3
wedding cake average cost,https://numnumsbakery.com.au/blog/wedding-cake-sydney-north-west,0,1,0,39
wedding cake cost,https://numnumsbakery.com.au/blog/cake-price-guide-sydney,0,1,0,30
wedding cake cost sydney,https://numnumsbakery.com.au/blog/cake-price-guide-sydney,0,14,0,11
wedding cake cost sydney,https://numnumsbakery.com.au/blog/wedding-cake-sydney-north-west,0,16,0,15.9
wedding cake for 100 people,https://numnumsbakery.com.au/blog/wedding-cake-sydney-north-west,0,1,0,12
wedding cake how much,https://numnumsbakery.com.au/blog/wedding-cake-sydney-north-west,0,1,0,23
wedding cake order,https://numnumsbakery.com.au/blog/wedding-cake-sydney-north-west,0,3,0,16
wedding cake prices sydney,https://numnumsbakery.com.au/blog/cake-price-guide-sydney,0,2,0,11
wedding cake prices sydney,https://numnumsbakery.com.au/blog/wedding-cake-sydney-north-west,0,26,0,23.5
wedding cake sydney,https://numnumsbakery.com.au/blog/wedding-cake-sydney-north-west,0,23,0,19.7
wedding cake tasting cost,https://numnumsbakery.com.au/blog/eggless-cake-tasting-sydney,0,1,0,10
wedding cake with fruit,https://numnumsbakery.com.au/,0,1,0,20
wedding cakes & desserts sydney,https://numnumsbakery.com.au/blog/wedding-cake-sydney-north-west,0,103,0,13.3
wedding cakes barangaroo,https://numnumsbakery.com.au/,0,7,0,82
wedding cakes inner west,https://numnumsbakery.com.au/blog/wedding-cake-sydney-north-west,0,13,0,19.5
wedding cakes near me,https://numnumsbakery.com.au/,0,1,0,33
wedding cakes prices,https://numnumsbakery.com.au/blog/wedding-cake-sydney-north-west,0,1,0,38
wedding cakes sydney,https://numnumsbakery.com.au/blog/best-cake-sydney,0,1,0,4
wedding cakes sydney,https://numnumsbakery.com.au/blog/wedding-cake-sydney-north-west,0,41,0,24.6
wedding cakes sydney australia,https://numnumsbakery.com.au/blog/wedding-cake-sydney-north-west,0,4,0,14.2
"wedding cakes sydney,",https://numnumsbakery.com.au/blog/wedding-cake-sydney-north-west,0,1,0,28
wentworthville bakery,https://numnumsbakery.com.au/,0,1,0,9
wentworthville cake shop,https://numnumsbakery.com.au/,0,2,0,16.5
west end dessert,https://numnumsbakery.com.au/blog/best-dessert-shop-sydney,0,1,0,11
west ryde bakery,https://numnumsbakery.com.au/blog/eggless-cakes-west-ryde,0,3,0,11.3
west ryde cake,https://numnumsbakery.com.au/blog/eggless-cakes-west-ryde,0,1,0,12
western bakery,https://numnumsbakery.com.au/blog/best-dessert-shop-sydney,0,19,0,9.7
western sydney,https://numnumsbakery.com.au/blog/best-dessert-shop-sydney,0,1,0,3
westmead,https://numnumsbakery.com.au/,0,1,0,4
what does vegan cake mean,https://numnumsbakery.com.au/blog/vegan-vs-eggless-cakes-difference,0,1,0,10
what is a smash cake,https://numnumsbakery.com.au/blog/cake-smash-vs-first-birthday-cake-sydney,0,1,0,17
what is a standard cake size,https://numnumsbakery.com.au/blog/cake-serving-size-guide-sydney,0,2,0,7.5
what is a standard round cake size,https://numnumsbakery.com.au/blog/cake-serving-size-guide-sydney,0,1,0,5
what is a topper on a cake,https://numnumsbakery.com.au/blog/cake-toppers-sydney,0,1,0,2
what is an eggless cake,https://numnumsbakery.com.au/blog/eggless-cakes-soft-moist-myths-vs-facts,0,1,0,1
what is butter scotch,https://numnumsbakery.com.au/,0,1,0,4
what is eggless,https://numnumsbakery.com.au/blog/vegan-vs-eggless-cakes-difference,0,1,0,11
what is eggless cake,https://numnumsbakery.com.au/blog/eggless-cake-vs-sponge-cake,0,1,0,6
what is eggless cake,https://numnumsbakery.com.au/blog/eggless-cakes-soft-moist-myths-vs-facts,0,1,0,1
what is eggless cake,https://numnumsbakery.com.au/blog/vegan-vs-eggless-cakes-difference,0,2,0,1
what is the best tasting cake,https://numnumsbakery.com.au/blog/best-cake-sydney,0,1,0,10
what is the standard cake size,https://numnumsbakery.com.au/blog/cake-serving-size-guide-sydney,0,1,0,7
what makes a cake halal,https://numnumsbakery.com.au/blog/halal-friendly-cakes-eggless-sydney,0,4,0,7.8
what size cake feeds 100 people,https://numnumsbakery.com.au/blog/cake-serving-size-guide-sydney,0,1,0,6
what size cake feeds 15 people,https://numnumsbakery.com.au/blog/cake-serving-size-guide-sydney,0,1,0,5
what size cake for 35 people,https://numnumsbakery.com.au/blog/cake-serving-size-guide-sydney,0,1,0,4
what to use to replace eggs,https://numnumsbakery.com.au/blog/eggless-cake-egg-substitutes,0,1,0,27
whats a cake topper,https://numnumsbakery.com.au/blog/cake-toppers-sydney,0,5,0,4.2
whatsapp+dessert,https://numnumsbakery.com.au/blog/best-dessert-shop-sydney,0,1,0,9
when,https://numnumsbakery.com.au/blog/teej-sydney,0,1,0,1
when is teej 2026 in nepal,https://numnumsbakery.com.au/blog/teej-sydney,0,1,0,1
when is teej in nepali date 2026,https://numnumsbakery.com.au/blog/teej-sydney,0,1,0,1
where can i buy a cake,https://numnumsbakery.com.au/,0,1,0,74
where can i buy a gluten free cake,https://numnumsbakery.com.au/,0,2,0,6
where can i buy an eggless cake,https://numnumsbakery.com.au/blog/best-eggless-cake-shops-sydney-2026,0,2,0,6
where can i buy an eggless cake,https://numnumsbakery.com.au/blog/eggless-cake-bakery-harris-park-riverstone-sydney,0,1,0,14
where can i buy eggless cake,https://numnumsbakery.com.au/blog/best-eggless-cake-shops-sydney-2026,0,7,0,7
where can i buy eggless cake,https://numnumsbakery.com.au/blog/eggless-cake-bakery-harris-park-riverstone-sydney,0,1,0,13
where can i buy eggless cake,https://numnumsbakery.com.au/blog/eggless-cake-for-vegetarians-sydney,0,3,0,11.7
where can i buy eggless cake near me,https://numnumsbakery.com.au/blog/eggless-cakes-minchinbury,0,2,0,8.5
where can i buy eggless cake near me,https://numnumsbakery.com.au/blog/eggless-cakes-villawood,0,2,0,3
where can i buy focaccia,https://numnumsbakery.com.au/,0,1,0,12
where can i buy focaccia bread near me,http://www.numnumsbakery.com.au/,0,1,0,18
where can i buy pastries near me,https://numnumsbakery.com.au/,0,1,0,7
where can i buy them,https://numnumsbakery.com.au/,0,1,0,6
where can i buy them,https://numnumsbakery.com.au/blog/best-eggless-cake-shops-sydney-2026,0,1,0,5
where can i find eggless cakes near me,https://numnumsbakery.com.au/blog/best-eggless-cake-shops-sydney-2026,0,1,0,4
where can i find eggless cakes near me,https://numnumsbakery.com.au/blog/eggless-cake-bakery-harris-park-riverstone-sydney,0,1,0,3
where can i get a cake with a picture on it,https://numnumsbakery.com.au/blog/photo-cake-sydney,0,1,0,8
where can i get a photo put on a cake?,https://numnumsbakery.com.au/blog/photo-cake-sydney,0,1,0,9
where can i get edible images printed near me,https://numnumsbakery.com.au/blog/photo-cake-sydney,0,1,0,6
where can i get eggless cake near me,https://numnumsbakery.com.au/blog/best-eggless-cake-shops-sydney-2026,0,1,0,5
where can i get eggless cake near me,https://numnumsbakery.com.au/blog/eggless-cake-bakery-harris-park-riverstone-sydney,0,3,0,5.7
where can i get kulcha bread near me,https://numnumsbakery.com.au/,0,1,0,2
where can i get num noms,https://numnumsbakery.com.au/,0,1,0,2
where can i order a cake with a photo on it,https://numnumsbakery.com.au/blog/photo-cake-sydney,0,1,0,6
where can i print edible images near me,https://numnumsbakery.com.au/blog/photo-cake-sydney,0,2,0,7
where to buy birthday cake near me,https://numnumsbakery.com.au/,0,1,0,2
where to buy brazo de mercedes,https://numnumsbakery.com.au/,0,2,0,6.5
where to buy cake near me,https://numnumsbakery.com.au/,0,1,0,5
where to buy cake smash cakes,https://numnumsbakery.com.au/blog/cake-smash-cakes-sydney,0,1,0,12
where to buy cakes near me,https://numnumsbakery.com.au/,0,3,0,6.7
where to buy cookies near me,https://numnumsbakery.com.au/,0,1,0,7
where to buy desserts near me,https://numnumsbakery.com.au/blog/best-dessert-shop-sydney,0,1,0,11
where to buy egg free cake,https://numnumsbakery.com.au/blog/best-eggless-cake-shops-sydney-2026,0,1,0,11
where to buy egg free cake,https://numnumsbakery.com.au/blog/eggless-cake-for-vegetarians-sydney,0,1,0,24
where to buy eggless cake near me,https://numnumsbakery.com.au/,0,1,0,49
where to buy eggless cake near me,https://numnumsbakery.com.au/blog/best-eggless-cake-shops-sydney-2026,0,9,0,6.3
where to buy eggless cake near me,https://numnumsbakery.com.au/blog/eggless-cake-bakery-harris-park-riverstone-sydney,0,4,0,10
where to buy eggless cake near me,https://numnumsbakery.com.au/blog/eggless-cakes-bonnyrigg,0,1,0,1
where to buy eggless cake near me,https://numnumsbakery.com.au/blog/eggless-cakes-dean-park,0,2,0,10.5
where to buy eggless cake near me,https://numnumsbakery.com.au/blog/eggless-cakes-doonside,0,2,0,5
where to buy eggless cake near me,https://numnumsbakery.com.au/blog/eggless-cakes-minchinbury,0,1,0,10
where to buy eggless cake near me,https://numnumsbakery.com.au/blog/eggless-cakes-riverstone,0,2,0,7.5
where to buy eggless cupcakes near me,https://numnumsbakery.com.au/blog/eggless-cake-bakery-harris-park-riverstone-sydney,0,1,0,5
where to buy fruit cake,https://numnumsbakery.com.au/,0,1,0,2
where to buy fruit shaped pastries,https://numnumsbakery.com.au/,0,1,0,24
where to buy ghee,https://numnumsbakery.com.au/about,0,3,0,1
where to buy jungle juice,https://numnumsbakery.com.au/,0,1,0,5
where to buy mini cakes for afternoon tea,https://numnumsbakery.com.au/blog/afternoon-tea-cakes-sydney,0,1,0,5
where to buy mochi donuts,https://numnumsbakery.com.au/,0,1,0,18
where to buy nut free desserts,https://numnumsbakery.com.au/blog/eggless-cake-nut-free-sydney,0,1,0,7
where to buy red velvet cake near me,https://numnumsbakery.com.au/,0,1,0,1
where to buy red velvet cake near me,https://numnumsbakery.com.au/cakes,0,1,0,1
where to buy sweet puff,https://numnumsbakery.com.au/,0,1,0,74
where to buy tiramisu,https://numnumsbakery.com.au/,0,1,0,34
where to buy tres leches cake near me,https://numnumsbakery.com.au/,0,1,0,1
where to buy undecorated cakes near me,https://numnumsbakery.com.au/blog/how-to-order-cake-sydney,0,1,0,57
where to get a birthday cake near me,https://numnumsbakery.com.au/,0,1,0,18
where to get a cake with a picture printed on it,https://numnumsbakery.com.au/blog/photo-cake-sydney,0,1,0,9
where to get a picture printed on a cake,https://numnumsbakery.com.au/blog/photo-cake-sydney,0,1,0,7
where to get cake near me,https://numnumsbakery.com.au/,0,1,0,3
where to get edible images printed near me,https://numnumsbakery.com.au/blog/photo-cake-sydney,0,1,0,8
where to get eggless cake near me,https://numnumsbakery.com.au/blog/best-eggless-cake-shops-sydney-2026,0,1,0,4
where to get good donuts near me,https://numnumsbakery.com.au/,0,1,0,6
where to get smash cake,https://numnumsbakery.com.au/blog/cake-smash-cakes-sydney,0,1,0,11
where to go at night near me,https://numnumsbakery.com.au/,0,1,0,53
where to order cupcakes,https://numnumsbakery.com.au/,0,1,0,10
where to order smash cake for baby,https://numnumsbakery.com.au/blog/first-birthday-cake-sydney,0,1,0,13
where to print edible images for cakes near me,https://numnumsbakery.com.au/,0,1,0,1
where to print edible images for cakes near me,https://numnumsbakery.com.au/blog/photo-cake-sydney,0,119,0,26.6
which better,https://numnumsbakery.com.au/blog/best-eggless-cake-shops-sydney-2026,0,1,0,4
which better,https://numnumsbakery.com.au/blog/eggless-cakes-dean-park,0,1,0,1
which cake is best,https://numnumsbakery.com.au/blog/best-cake-sydney,0,3,0,9.7
which cake is better egg or eggless,https://numnumsbakery.com.au/blog/vegan-vs-eggless-cakes-difference,0,1,0,9
which cake tastes better egg or eggless,https://numnumsbakery.com.au/blog/eggless-cakes-soft-moist-myths-vs-facts,0,1,0,9
which eggless cake is best?,https://numnumsbakery.com.au/blog/best-eggless-cake-shops-sydney-2026,0,1,0,20
which eggless cake is best?,https://numnumsbakery.com.au/blog/eggless-cake-flavours,0,1,0,1
which is the best,https://numnumsbakery.com.au/,0,1,0,4
which is the best,https://numnumsbakery.com.au/blog/best-eggless-cake-shops-sydney-2026,0,1,0,6
which is the best,https://numnumsbakery.com.au/blog/eggless-cake-bakery-harris-park-riverstone-sydney,0,1,0,7
which lasts longer,https://numnumsbakery.com.au/blog/eggless-cake-storage-freshness-guide,0,1,0,2
white flower pattern,https://numnumsbakery.com.au/,0,1,0,9
white forest cake,http://www.numnumsbakery.com.au/,0,2,0,7
white forest cake,https://numnumsbakery.com.au/,0,4,0,8.8
white forest cake near me,https://numnumsbakery.com.au/,0,4,0,8.5
white kulcha bread,https://numnumsbakery.com.au/,0,1,0,3
who makes photo cakes near me,https://numnumsbakery.com.au/blog/photo-cake-sydney,0,1,0,4
whole cake calories,https://numnumsbakery.com.au/blog/eggless-cake-calories-guide-sydney,0,1,0,7
wholesale cakes for cafes,https://numnumsbakery.com.au/blog/eggless-cake-wholesale-sydney,0,3,0,23
wholesale cakes for restaurants,https://numnumsbakery.com.au/blog/eggless-cake-wholesale-sydney,0,3,0,31.3
wholesale cakes sydney,https://numnumsbakery.com.au/,0,4,0,73
wholesale cakes sydney,https://numnumsbakery.com.au/blog/eggless-cake-wholesale-sydney,0,1,0,34
wholesale celebration custom cake,https://numnumsbakery.com.au/blog/celebration-cake-sydney,0,3,0,12.7
why eggless cake is costly,https://numnumsbakery.com.au/blog,0,1,0,9
why eggless cake is costly,https://numnumsbakery.com.au/blog/eggless-cake-ingredients-sydney,0,1,0,11
whynum,https://numnumsbakery.com.au/blog/best-dessert-shop-sydney,0,1,0,12
wikidata,https://numnumsbakery.com.au/,0,1,0,3
winston bakery,https://numnumsbakery.com.au/blog/eggless-cakes-winston-hills,0,1,0,11
woodville bakery,https://numnumsbakery.com.au/blog/eggless-cakes-woodville,0,1,0,11
would it be safe?,https://numnumsbakery.com.au/blog/eggless-cake-food-colouring-sydney,0,1,0,4
www.nums,https://numnumsbakery.com.au/,0,1,0,8
wynnum bakery,https://numnumsbakery.com.au/,0,2,0,35.5
wynnum bakery,https://numnumsbakery.com.au/about,0,1,0,53
wynnum plaza bakery,https://numnumsbakery.com.au/order,0,1,0,97
wynnum west bakery,https://numnumsbakery.com.au/,0,1,0,45
y&m patisserie,https://numnumsbakery.com.au/,0,1,0,51
yema cake,https://numnumsbakery.com.au/,0,1,0,4
yema cake near me,https://numnumsbakery.com.au/,0,1,0,8
yes,https://numnumsbakery.com.au/,0,1,0,2
yes,https://numnumsbakery.com.au/blog/best-dessert-shop-sydney,0,1,0,6
yes,https://numnumsbakery.com.au/blog/best-eggless-cake-shops-sydney-2026,0,2,0,8.5
yes,https://numnumsbakery.com.au/blog/eggless-cake-for-vegetarians-sydney,0,1,0,9
yes bakery,https://numnumsbakery.com.au/blog/best-eggless-cake-shops-sydney-2026,0,4,0,8.8
yes eggless,https://numnumsbakery.com.au/blog/eggless-cakes-mount-druitt,0,1,0,7
yes please,https://numnumsbakery.com.au/,0,2,0,2
yes please,https://numnumsbakery.com.au/blog/halal-friendly-cakes-eggless-sydney,0,1,0,3
yes please,https://numnumsbakery.com.au/order,0,1,0,5
yoona baking,https://numnumsbakery.com.au/,0,28,0,39.5
yum num,https://numnumsbakery.com.au/,0,1,0,1
yuzu cake sydney,https://numnumsbakery.com.au/,0,1,0,45
zhong qiu jie 2026,https://numnumsbakery.com.au/blog/eggless-cakes-mid-autumn-festival-sydney,0,1,0,12
zomato cake order,https://numnumsbakery.com.au/,0,1,0,1
zumbo patisserie sydney stores,https://numnumsbakery.com.au/,0,1,0,84
여긴 호주야,https://numnumsbakery.com.au/blog/photo-cake-sydney,0,1,0,9
