query,clicks,impressions,ctr,position
num num bakery,204,973,20.97,2.0
eggless cake near me,74,2309,3.2,8.9
numnum bakery,64,220,29.09,1.3
num nums bakery,54,378,14.29,1.7
num num bakery riverstone,50,266,18.8,1.3
cake shop near me,26,806,3.23,6.8
num num bakery harris park,20,109,18.35,1.2
numnums bakery,19,102,18.63,1.9
eggless cake sydney,18,1023,1.76,18.1
num num riverstone,16,123,13.01,1.0
num nums bakery riverstone menu,15,78,19.23,2.6
eggless cakes near me,14,754,1.86,19.0
num num harris park,14,102,13.73,1.0
eggless cake parramatta,13,152,8.55,4.4
nums nums bakery,11,44,25.0,1.4
nom nom bakery,10,303,3.3,5.0
num num cakes,10,52,19.23,1.5
num nums bakery harris park,10,41,24.39,1.0
num nums bakery menu,9,90,10.0,3.9
cake shop riverstone,8,81,9.88,1.6
num num,8,397,2.02,2.5
photo cake sydney,8,52,15.38,4.5
nam nam bakery,7,66,10.61,1.6
num nums bakery riverstone,7,85,8.24,1.5
cakes near me,6,188,3.19,9.7
eggless cake,6,303,1.98,8.1
eggless cake in sydney,6,46,13.04,5.0
eggless cakes sydney,6,679,0.88,20.1
harris park cake shop,6,215,2.79,6.0
rasmalai cake near me,6,123,4.88,7.8
bakery harris park,5,78,6.41,4.9
cake near me,5,171,2.92,7.8
cake shop harris park,5,178,2.81,7.0
cake shops near me,5,110,4.55,8.5
rasmalai cake,5,92,5.43,4.1
bakery near me,4,330,1.21,9.3
eggless cakes,4,570,0.7,17.9
eggless cupcakes near me,4,80,5.0,7.6
num nums,4,778,0.51,5.5
num nums bakery photos,4,68,5.88,2.9
bakeries near me,3,36,8.33,10.0
best cakes sydney,3,546,0.55,10.9
cake shop in harris park,3,110,2.73,5.9
cookies near me,3,24,12.5,9.2
eggless birthday cake near me,3,28,10.71,7.2
eggless cake blacktown,3,99,3.03,5.0
eggless cake shop near me,3,65,4.62,5.2
num num bakery wentworthville,3,134,2.24,4.0
numnums,3,150,2.0,3.6
photo cake,3,233,1.29,11.7
bakery riverstone,2,121,1.65,6.5
birthday cake,2,29,6.9,8.2
birthday cakes near me,2,22,9.09,8.5
cookies and cream cake near me,2,2,100,3
custom photo cake,2,32,6.25,5.2
egg free cake,2,4,50.0,6
egg free cakes sydney,2,173,1.16,11.6
egg less cake near me,2,6,33.33,3.2
halal cakes near me,2,16,12.5,21.2
indian bakery near me,2,63,3.17,7.5
indian cake shop near me,2,49,4.08,7.3
nam's eggless bakes,2,24,8.33,5.6
num nums bakery reviews,2,100,2.0,3.8
numnum cake,2,8,25.0,5
riverstone bakery,2,306,0.65,5.9
riverstone cake shop,2,12,16.67,1.5
riverstone village shopping centre directory,2,2,100,1
15 people cake size,1,2,50.0,5.5
baby first birthday smash cake,1,1,100,5
bakery cake,1,1,100,6
bakery in harris park,1,35,2.86,6.9
bakery parramatta,1,31,3.23,21.0
bento box cake near me,1,1,100,11
bento cake near me,1,3,33.33,17
best cake,1,81,1.23,8.6
best cake near me,1,7,14.29,11.4
best cake sydney,1,97,1.03,13.0
best dessert western sydney,1,19,5.26,9.1
best donuts near me,1,3,33.33,8.7
best eggless cake near me,1,20,5.0,4.8
birthday cake for 60 people,1,1,100,10
black forest cake near me,1,6,16.67,6.8
buy eggless cake,1,14,7.14,5.4
cake,1,80,1.25,7.3
cake delivery windsor,1,4,25.0,19.2
cake eggless,1,2,50.0,9.5
cake printing near me,1,8,12.5,8.6
cake shop,1,105,0.95,14.9
cake shop in parramatta,1,20,5.0,14.3
cake shop near me open now,1,20,5.0,6.4
cake shop parramatta,1,45,2.22,20.2
cake shop rouse hill,1,14,7.14,9.6
cake shops in parramatta,1,4,25.0,10.2
cake store near me,1,18,5.56,5.8
cake stores near me,1,8,12.5,6.4
cake with photo,1,31,3.23,8.9
cake with printed image,1,11,9.09,5.8
cake without egg near me,1,3,33.33,3.7
cakes parramatta,1,28,3.57,15.2
cakes photos,1,2,50.0,6
cakes sydney,1,61,1.64,71.0
cakeshop near me,1,1,100,1
cannoli cake near me,1,1,100,1
cannolis near me,1,2,50.0,2
coconut cake,1,2,50.0,9.5
coffee cake for sale,1,1,100,2
coffee near me,1,18,5.56,4.7
croissants near me,1,3,33.33,8.3
cupcake parramatta,1,4,25.0,5.5
cupcakes,1,16,6.25,6.9
cupcakes near me,1,36,2.78,7.5
cupcakes parramatta,1,22,4.55,7.3
custom cake,1,1,100,12
custom cake toppers sydney,1,7,14.29,8
custom cake with photo,1,11,9.09,5.6
custom cakes parramatta,1,10,10.0,7.6
custom desserts near me,1,2,50.0,4
custom print cake,1,5,20.0,6.2
custom print cakes,1,2,50.0,6
custom printed cakes,1,4,25.0,4.5
delicious cake,1,1,100,23
deseert shop,1,1,100,15
dessert western sydney,1,48,2.08,8.7
dinosaur cakes near me,1,1,100,38
donuts near me,1,35,2.86,7.9
doughnut cakes near me,1,1,100,9
edible paper printing near me,1,4,25.0,11
edible print cake near me,1,1,100,6
egg free birthday cake near me,1,5,20.0,5.4
egg free cake near me,1,21,4.76,7.2
egg less cake,1,4,25.0,3.2
egg puff near me,1,2,50.0,6.5
eggless cake buy,1,9,11.11,8
eggless cake online order,1,4,25.0,6.5
eggless cake order online,1,8,12.5,5.6
eggless cake shop,1,1919,0.05,20.2
eggless cake shops near me,1,8,12.5,4.1
eggless cake to buy,1,2,50.0,7
eggless cheesecake near me,1,10,10.0,6
eggless chocolate cake near me,1,12,8.33,4.4
eggless cupcake near me,1,12,8.33,6.8
eggless donuts near me,1,5,20.0,2
eggless pastry near me,1,26,3.85,4.2
eggless rasmalai cake near me,1,6,16.67,3.8
eggless sugar free cake near me,1,3,33.33,8.3
eggless wedding cakes,1,1,100,3
elsa birthday cake,1,2,50.0,1.5
elsa cake near me,1,1,100,6
first bday cakes,1,2,50.0,12.5
gluten free cakes near me,1,4,25.0,10.5
gulab jamun cake,1,9,11.11,3
gulab jamun cake near me,1,21,4.76,8.8
gulab jamun cale,1,1,100,4
how much does a red velvet cake cost,1,1,100,1
image cake,1,29,3.45,7.4
image cakes near me,1,4,25.0,7.2
indian cakes near me,1,20,5.0,7.8
kids birthday cakes,1,5,20.0,24.6
kids cakes,1,2,50.0,19.5
mango cakes near me,1,2,50.0,11.5
marsden park cake shop,1,1,100,8
naked cakes near me,1,1,100,1
nam bakery,1,5,20.0,5.8
no egg cake near me,1,11,9.09,4.7
nom nom cakes,1,4,25.0,3.2
nom noma,1,1,100,1
nomnom cake,1,32,3.12,4.3
num num near me,1,2,50.0,1.5
num nums website,1,5,20.0,4
number cakes sydney,1,94,1.06,66.1
nut free cake,1,18,5.56,15.2
order cake near me,1,3,33.33,1.7
order cake online,1,3,33.33,17
order eggless cake online,1,6,16.67,5.5
oreo cakes near me,1,1,100,18
pastry shop near me,1,27,3.7,7.5
photo image cake,1,9,11.11,6.3
photo sheet cake,1,3,33.33,3.7
pregnancy safe cakes,1,1,100,4
print on cakes near me,1,2,50.0,4.5
print photo on cake,1,7,14.29,6.4
printed birthday cakes,1,2,50.0,6
printed picture cake,1,1,100,3
ras malai cake near me,1,3,33.33,6.3
rasmalai cake sydney,1,24,4.17,8.3
rasmalai cale,1,1,100,1
revani cake near me,1,1,100,2
riverstone,1,1,100,2
rouse hill cake shop,1,3,33.33,15
sheet cake with photo near me,1,1,100,4
sugar free cake near me,1,5,20.0,5.8
sydney best cakes,1,23,4.35,13.8
the cake shop,1,4,25.0,9.5
tiramisu cake near me,1,4,25.0,8.8
top rated cake shop near me open now,1,1,100,13
ube cake order,1,1,100,1
vegan cake near me,1,7,14.29,8.7
vegan cakes castle hill,1,2,50.0,11
vegan dessert near me,1,1,100,13
vegan gluten free cake,1,1,100,1
vegan.bakery,1,1,100,1
vegetarian cake,1,1,100,1
warm cookie near me,1,1,100,1
where to buy eggless cake near me,1,12,8.33,4.1
"""ferrero rocher"" -site:reddit.com -site:twitter.com -site:x.com -site:wykop.pl -site:tripadvisor.com -site:youtube.com -site:yelp.com -site:booking.com -site:facebook.com -site:instagram.com -site:tiktok.com",0,1,0,10
"""riverstone bakery""",0,22,0,8.8
"""riverstone bakery"" bakery",0,21,0,9.9
"""riverstone bakery"" bakery website",0,45,0,5.8
"""riverstone bakery"" official website",0,33,0,5.9
"""riverstone bakery"" website",0,85,0,7.2
"""riverstonebakery.com""",0,1,0,7
"""sydney"" bakery site:.com.au ""contact us""",0,4,0,8.2
1 cakes,0,1,0,11
1 kg mithai price,0,2,0,13
1 magnum place minto,0,1,0,70
1 month cake,0,1,0,9
100 bakery,0,1,0,8
100g slice of cake,0,1,0,10
12 inch 2 layer cake servings,0,1,0,6
12 inch cake price,0,2,0,4.5
12 inch cake servings,0,1,0,11
12 round cake servings,0,1,0,7
15,0,1,0,9
15 12-16 toongabbie road toongabbie nsw 2146,0,1,0,21
15 cullum street bossley park,0,53,0,30.3
15 cullum street bossley park nsw 2176,0,90,0,32.5
16cm cake for how many pax,0,1,0,7
17cm cake for how many people,0,1,0,6
17cm cake size,0,1,0,10
1kg cake calories,0,2,0,9.5
1st birthday cake,0,3,0,26.3
1st birthday cake order,0,2,0,5
1st birthday cakes,0,8,0,16.1
1st borthday cake,0,1,0,28
20 person cake size,0,1,0,4
20 serving cake size,0,1,0,6
2251,0,1,0,7
3 layer 12 inch cake servings,0,1,0,8
39 cake,0,1,0,8
4 inch cake for how many person,0,4,0,6
4 inch cake how many servings,0,1,0,5
4 inch cake serves how many,0,1,0,7
5 inch cake how many servings,0,1,0,11
5 inch cake serves how many,0,2,0,10
5 inch cake servings,0,1,0,10
50-70,0,1,0,3
6 inch cake for how many people,0,1,0,4
6 inch serving size,0,2,0,5.5
6 people cake size,0,1,0,4
6-inch cake size for how many person,0,1,0,4
6inch cake,0,1,0,1
7 inch cake feeds how many,0,1,0,10
7 inch cake serves how many people,0,1,0,6
7 inch cake serving,0,2,0,8.5
7 inches cake for how many people,0,1,0,6
8 inch 2 layer cake servings,0,1,0,7
8 inch cake,0,1,0,5
8 inch cake serves how many people,0,1,0,4
8 inch custom cake,0,1,0,12
8inch cake for how many people,0,1,0,6
a bakery for every culture,0,5,0,6
a cake serves 12 people. how many people will three such cakes serve?,0,1,0,4
a cakes bakery,0,1,0,11
a slice of cake calories,0,1,0,9
a&a eggless cakes reviews,0,4,0,11
adaminaby bakery,0,2,0,42.5
affordable cakes near me,0,1,0,70
affordable cakes sydney,0,1,0,68
affordable wedding cakes sydney,0,14,0,23.9
afternoon tea cake selection,0,1,0,25
afternoon tea cakes to buy,0,1,0,12
all occassion cake sydney,0,23,0,17.8
all the best cake,0,1,0,17
allambie cakes,0,2,0,59.5
almond croissant near me,0,3,0,12.3
almond croissants near me,0,1,0,17
amazing cakes sydney,0,3,0,29.7
amoun sweets,0,1,0,41
anjeer barfi near me,0,1,0,4
anniversary cake sydney,0,89,0,17.9
anniversary cakes sydney,0,6,0,17.7
anniversay cakes,0,1,0,12
any cake shop near me,0,1,0,7
any cake shop open near me,0,1,0,15
apple pie near me,0,1,0,6
are all cakes vegetarian,0,2,0,11
are cakes halal,0,6,0,10.7
are cakes vegetarian,0,1,0,12
are cupcakes halal friendly,0,2,0,7
are eggless cakes good,0,3,0,4.3
are eggless cakes really eggless,0,2,0,9
are eggs halal friendly,0,1,0,11
are ice cream cakes eggless,0,1,0,2
are they safe for pregnant women,0,1,0,2
are vegan cakes egg free,0,1,0,12
artarmon bakery,0,8,0,49.4
artarmon cake shop,0,1,0,46
asian bakery,0,1,0,24
asian bakery near me,0,4,0,10.5
asian birthday cake,0,3,0,22
asian cake near me,0,1,0,15
asian cake shop near me,0,2,0,7
asian cake store,0,2,0,32
asian cakes,0,2,0,29.5
asian shop,0,1,0,8
assyrian new year,0,1,0,21
atul bakery near me,0,1,0,1
auburn bakery,0,2,0,11.5
auburn bakery shop,0,2,0,26.5
auburn cake bakery,0,1,0,10
authentic black forest cake,0,1,0,9
autumn bakery,0,1,0,3
baba sweets near me,0,2,0,36.5
baby cakes sydney,0,1,0,31
baby cookies,0,1,0,19
baby shower cake,0,1,0,19
baby shower cake shops near me,0,1,0,46
baby shower cake sydney,0,1,0,21
baby shower cakes near me,0,1,0,44
baby shower cakes sydney,0,36,0,29.1
baby shower cupcakes near me,0,1,0,54
backers near me,0,1,0,20
bagel near me,0,2,0,8.5
bagels,0,1,0,11
bagels near me,0,1,0,17
baked cheesecake near me,0,1,0,25
baked goods,0,1,0,7
bakehouse near me,0,1,0,7
baker shops near me,0,1,0,46
bakeries,0,8,0,15.4
bakeries and patisseries near me,0,1,0,1
bakeries close by,0,1,0,8
bakeries in milton,0,1,0,59
bakeries in parramatta,0,9,0,13.4
bakeries open,0,2,0,3
bakeries open now,0,1,0,8
bakeries parramatta,0,13,0,17.9
bakeries that print edible pictures,0,5,0,18
bakers and sweets near me,0,1,0,8
bakers in,0,1,0,3
bakers near me,0,5,0,7.2
bakery,0,79,0,9.7
bakery and cafe near me,0,2,0,11
bakery artarmon,0,7,0,49.1
bakery auburn,0,1,0,9
bakery bat,0,1,0,8
bakery beaumont hills,0,1,0,10
bakery beecroft,0,2,0,11.5
bakery bexley north,0,1,0,64
bakery bligh park,0,1,0,10
bakery bread near me,0,1,0,8
bakery burger buns,0,1,0,5
bakery business for sale near me,0,1,0,9
bakery cake shop near me,0,1,0,9
bakery cbd,0,1,0,5
bakery chadstone,0,8,0,54.4
bakery cheap,0,1,0,8
bakery chester hill,0,1,0,12
bakery constitution hill,0,14,0,8.2
bakery delivery sydney,0,2,0,79.5
bakery doonside,0,3,0,9
bakery dundas,0,3,0,7.7
bakery egg,0,1,0,86
bakery eggless cake near me,0,2,0,6.5
bakery for events sydney,0,1,0,62
bakery for sale near me,0,1,0,3
bakery greystanes,0,1,0,10
bakery hawkesbury,0,1,0,6
bakery in dundas,0,1,0,11
bakery in granville,0,2,0,26
bakery in milton,0,2,0,59.5
bakery in parramatta,0,4,0,28.5
bakery in prospect,0,1,0,9
bakery in south windsor,0,1,0,12
bakery indian,0,1,0,4
bakery items near me,0,1,0,6
bakery kincumber,0,1,0,58
bakery local,0,1,0,18
bakery mannum,0,2,0,38.5
bakery marsden park,0,31,0,8.5
bakery mckinnon,0,2,0,59.5
bakery mear me,0,1,0,1
bakery merrylands,0,1,0,55
bakery milton,0,5,0,52.2
bakery milton nsw,0,1,0,47
bakery minchinbury,0,2,0,9.5
bakery mona vale,0,2,0,59
bakery mount druitt,0,1,0,10
bakery near,0,2,0,12.5
bakery near auburn,0,1,0,38
bakery near me for bread,0,2,0,6
bakery near me gluten free,0,1,0,23
bakery near me indian,0,1,0,6
bakery near me now,0,1,0,8
bakery near me open,0,1,0,10
bakery near me open now,0,6,0,5.5
bakery near me with pies,0,1,0,18
bakery near me.,0,1,0,9
bakery near ne,0,1,0,14
bakery near richmond,0,1,0,11
bakery near us,0,1,0,6
bakery nearby,0,4,0,7.8
bakery newington,0,2,0,7.5
bakery nona,0,2,0,32
bakery north ryde,0,2,0,34
bakery north sydney,0,3,0,61.3
bakery northmead,0,2,0,10.5
bakery number,0,1,0,9
bakery oatlands,0,2,0,7.5
bakery of last goodbye,0,2,0,6
bakery of last goodbyes,0,1,0,8
bakery open,0,1,0,3
bakery open near me,0,4,0,6
bakery open near me open now,0,2,0,1.5
bakery parramatta westfield,0,1,0,29
bakery pie near me,0,1,0,13
bakery plumpton,0,1,0,12
bakery quakers court,0,1,0,11
bakery quakers hill,0,9,0,9.7
bakery rouse hill,0,9,0,15.7
bakery rouse hill village,0,1,0,6
bakery rutherford,0,1,0,4
bakery rye bread near me,0,1,0,5
bakery shop,0,1,0,4
bakery shop near me,0,8,0,9.2
bakery shops near me,0,2,0,8.5
bakery stones corner,0,2,0,46
bakery sweets near me,0,1,0,18
bakery sydney,0,1,0,11
bakery tannum sands,0,1,0,44
bakery that does photo cakes,0,1,0,2
bakery toongabbie,0,3,0,9.7
bakery tumut,0,4,0,43.8
bakery umina,0,7,0,47.3
bakery villawood,0,2,0,11
bakery waterloo,0,1,0,61
bakery wentworthville,0,1,0,41
bakery wetherill park,0,1,0,65
bakery with croissants near me,0,1,0,13
bakery woodcroft,0,1,0,6
bakery woodville,0,1,0,20
bakery woolloomooloo,0,4,0,60
bakery wynnum,0,6,0,42.5
bakerynona,0,1,0,31
bakerys near me,0,1,0,9
bakeshop near me open now,0,1,0,6
bal mithai near me,0,2,0,9
balery near me,0,1,0,1
balery shop near me,0,1,0,1
banana bread buy,0,1,0,6
banana bread near me,0,1,0,8
banana cake buy,0,2,0,1
banana cake near me,0,1,0,15
banana cake sydney,0,1,0,20
banana cream cake,0,2,0,4.5
bangladeshi cake brand,0,1,0,3
bankstown cake,0,1,0,65
baptism cake,0,1,0,1
barbie cake,0,1,0,17
barfi near me,0,677,0,7.9
barfi price,0,1,0,9
barfi sweet near me,0,2,0,6.5
beat bakery,0,1,0,25
bento cake for birthday boy,0,1,0,5
berala bakery,0,5,0,10.2
besan burfi near me,0,1,0,4
best bakeries,0,1,0,21
best bakeries in windsor,0,1,0,12
best bakeries near me,0,3,0,7.7
best bakery,0,2,0,70
best bakery for cupcakes near me,0,1,0,1
best bakery near me,0,17,0,12.9
best bakery parramatta,0,1,0,34
best bakery sydney,0,1,0,84
best bakery western sydney,0,11,0,10.9
best best cake,0,1,0,13
best birthday cake,0,2,0,14
best birthday cake in sydney,0,4,0,14.2
best birthday cake sydney,0,19,0,27.4
best birthday cake to buy,0,1,0,14
best birthday cakes,0,3,0,20
best birthday cakes in sydney,0,3,0,12.3
best birthday cakes near me,0,1,0,51
best birthday cakes northern beaches,0,1,0,58
best birthday cakes sydney,0,109,0,22.1
best biryani in harris park,0,1,0,57
best bread rolls near me,0,1,0,79
best brownie near me,0,1,0,9
best brownies near me,0,1,0,5
best brownies sydney,0,1,0,7
best cacke,0,1,0,10
best caje,0,1,0,10
best cake cake,0,2,0,18
best cake for birthday,0,1,0,10
best cake for birthday cake,0,1,0,30
best cake for birthday party,0,1,0,16
best cake in sydney,0,146,0,11.1
best cake in taste,0,1,0,12
best cake shop around me,0,1,0,5
best cake shop in parramatta,0,1,0,16
best cake shop in sydney,0,1,0,14
best cake shop near me,0,14,0,9.4
best cake shop near me for birthday,0,1,0,1
best cake shop parramatta,0,2,0,24.5
best cake shop parramatta westfield,0,1,0,26
best cake shop sydney,0,8,0,17.4
best cake shops in sydney,0,1,0,11
best cake shops near me,0,2,0,16
best cake shops sydney,0,34,0,11.2
best cake stores sydney,0,1,0,20
best cake to buy,0,1,0,10
best cakes,0,50,0,11.9
best cakes bakery,0,1,0,20
best cakes for a cake sale,0,1,0,32
best cakes in sydney,0,62,0,23.2
best cakes inner west,0,1,0,19
best cakes near me,0,9,0,13.3
best cakes parramatta,0,2,0,18
best cakes ranked,0,1,0,5
best cakes to order,0,1,0,12
best carrot cake to buy,0,1,0,43
best celebration cakes sydney,0,8,0,10.4
best cheap cake,0,1,0,9
best cheesecake near me,0,1,0,24
best cheesecake near me open now,0,1,0,10
best chocolate cake in sydney,0,3,0,26
best chocolate cake sydney,0,121,0,26.9
best cinnamon donuts near me,0,1,0,3
best cookies near me,0,2,0,21
best croissant near me,0,1,0,17
best croissant place near me,0,1,0,13
best cronuts near me,0,1,0,29
best cupcakes near me,0,5,0,9.8
best custard tarts near me,0,1,0,21
best customised cake near me,0,1,0,22
best desert shops near me,0,1,0,9
best dessert in sydney,0,1,0,17
best dessert near me,0,5,0,28.4
best dessert parramatta,0,6,0,10.8
best dessert shop near me,0,3,0,8.3
best dessert shops near me,0,1,0,11
best dessert shops sydney,0,3,0,13.7
best desserts near me,0,1,0,45
best desserts sydney,0,1,0,11
best eggless bakery near me,0,1,0,2
best eggless cake shop near me,0,4,0,4.5
best eggless cakes,0,3,0,6
best eggless cakes near me,0,4,0,4.5
best food near me,0,1,0,13
best friends cake,0,1,0,5
best gulab jamun near me,0,1,0,30
best halal cake shop near me,0,1,0,53
best halal food near me,0,1,0,22
best indian bakery near me,0,1,0,1
best indian desserts near me,0,1,0,59
best indian mithai near me,0,1,0,34
best indian sweet near me,0,3,0,48.3
best indian sweet shop in sydney,0,4,0,38.2
best indian sweet shop near me,0,1,0,40
best indian sweets in sydney,0,2,0,37
best indian sweets near me,0,3,0,40
best indian sweets shop near me,0,1,0,33
best indian sweets sydney,0,8,0,36
best kids cake in sydney,0,22,0,12.9
best kids cakes in sydney,0,23,0,14.4
best kids cakes near me,0,1,0,38
best lemon cake near me,0,1,0,50
best meat pies near me,0,2,0,17
best mud cake near me,0,1,0,37
best nut free bakery near me,0,1,0,49
best pastries near me,0,3,0,13.7
best pastry near me,0,3,0,26.7
best pie near me,0,1,0,18
best pie shops near me,0,2,0,10
best pies near me,0,6,0,11.2
best place to buy cakes near me,0,1,0,20
best rasmalai cake near me,0,3,0,7
best rasmalai near me,0,1,0,15
best rated cake shop near me,0,1,0,7
best red velvet cake sydney,0,5,0,12.6
best schwarzwalder kirschtorte near me,0,1,0,10
best sweet shop near me,0,3,0,5
best sweets near me,0,1,0,7
best sweets shop near me,0,2,0,9
best sydney cakes,0,12,0,11.7
best tiramisu near me,0,1,0,6
best ube cake near me,0,1,0,27
best vegan desserts near me,0,1,0,9
best wedding cake sydney,0,14,0,15.8
best wedding cakes sydney,0,21,0,19.6
beurre noisette milton,0,4,0,74.8
bexley north bakery,0,1,0,64
beyond cakes,0,1,0,4
big mishra pedha near me,0,1,0,6
big serving of cake,0,8,0,3.4
birrong bakery,0,7,0,7.7
birrong postcode,0,17,0,9.3
birthday brownie,0,1,0,12
birthday cake and smash cake,0,19,0,19.3
birthday cake best,0,1,0,6
birthday cake cbd,0,1,0,1
birthday cake cheap,0,1,0,8
birthday cake eggless,0,1,0,8
birthday cake for 48 year old man,0,1,0,11
birthday cake for infants,0,1,0,10
birthday cake for men,0,1,0,5
birthday cake halal,0,1,0,7
birthday cake hurstville,0,1,0,64
birthday cake near me,0,22,0,7.0
birthday cake near me open now,0,1,0,2
birthday cake north sydney,0,10,0,65.8
birthday cake northern beaches,0,1,0,85
birthday cake nut free,0,1,0,6
birthday cake one year,0,1,0,17
birthday cake parramatta,0,8,0,12.8
birthday cake photo print,0,1,0,8
birthday cake places near me,0,1,0,13
birthday cake recommendation,0,2,0,6.5
birthday cake reservation,0,1,0,61
birthday cake shop,0,3,0,48
birthday cake shop near me,0,10,0,5.7
birthday cake shop near me open now,0,1,0,1
birthday cake shops near me,0,2,0,10.5
birthday cake size,0,1,0,9
birthday cake sizes,0,1,0,14
birthday cake stores,0,1,0,8
birthday cake sydney,0,1,0,3
birthday cake with custom photo,0,1,0,9
birthday cake with photo,0,15,0,7.1
birthday cake with photo near me,0,1,0,5
birthday cake with photo on,0,2,0,10
birthday cake with photograph,0,1,0,3
birthday cake with picture,0,4,0,8
birthday cake with picture on it,0,2,0,6
birthday cake with picture on top,0,3,0,5.3
birthday cake without eggs near me,0,1,0,8
birthday cakes,0,5,0,11.4
birthday cakes bakery near me,0,1,0,13
birthday cakes north sydney,0,2,0,67
birthday cakes northern beaches,0,2,0,70.5
birthday cakes parramatta,0,5,0,19.6
birthday cakes shops,0,1,0,17
birthday cakes sydney,0,3,0,11.3
birthday cakes sydney australia,0,2,0,58
birthday cakes sydney north shore,0,1,0,74
birthday cakes sydney west,0,57,0,8.6
birthday cakes western sydney,0,6,0,10.8
birthday cakes wholesale sydney,0,1,0,70
birthday cakes with photo,0,1,0,7
birthday cakes with photos on them,0,1,0,5
birthday cakes yummiest,0,2,0,15
birthday cupcake,0,3,0,2
birthday cupcakes,0,1,0,2
birthday donuts,0,1,0,4
birthday party restaurant parramatta,0,4,0,1
birthday photo cake,0,5,0,5.8
birthday topper near me,0,1,0,8
black currant,0,1,0,4
black currant cake near me,0,1,0,3
black forest cake,0,23,0,12.0
black forest cake slice near me,0,1,0,11
black forest cake sydney,0,3,0,5.3
black forest premium cake,0,1,0,9
blackforest pastry,0,1,0,9
blacktown filipino bakery,0,1,0,6
bligh park bakery,0,14,0,9.1
bombay halwa near me,0,1,0,12
boondi ladoo near me,0,2,0,12.5
boondi sweet near me,0,1,0,8
both closed,0,1,0,3
boulangerie near me,0,1,0,6
bread bakeries near me,0,1,0,2
bread bakery near me,0,2,0,7.5
bread near me,0,6,0,9.7
bread near me open now,0,2,0,10
bread shop near me,0,4,0,3.2
bread shop.near me,0,1,0,7
breadshop near me,0,1,0,16
breakfast bakery,0,1,0,10
brioche buns,0,1,0,3
brownie,0,4,0,3
brownie cake,0,2,0,6
brownie cake near me,0,3,0,4.7
brownie cakes,0,1,0,4
brownie cakes near me,0,1,0,6
brownie near me,0,14,0,6.9
brownie place,0,1,0,3
brownie places,0,1,0,9
brownie places near me,0,1,0,4
brownie shop near me,0,2,0,3.5
brownie with ice cream near me,0,1,0,10
brownies,0,4,0,11.8
brownies near me,0,19,0,11.1
brownies shop,0,3,0,4
budget wedding cake,0,1,0,32
build your own dessert station west,0,1,0,10
bun butter jam near me,0,3,0,4.3
burrito,0,1,0,20
butter cake near me,0,3,0,7.7
butter cookies,0,1,0,3
butter cream cake near me,0,1,0,10
butter muffins,0,1,0,10
buttercream or fondant,0,1,0,16
butterscotch cake,0,10,0,5.6
butterscotch cake near me,0,1,0,7
butterscotch cakes,0,1,0,3
butterscotch pastry,0,3,0,11
butterscotch pastry shop,0,1,0,2
buy a cake,0,1,0,8
buy birthday cake near me,0,1,0,1
buy bread near me,0,2,0,6
buy cake,0,2,0,5
buy cake near me,0,4,0,19
buy cake sydney,0,2,0,65
buy eggless cake near me,0,4,0,8.8
buy ice cream cake near me,0,1,0,9
buy indian bakery online,0,78,0,8.0
buy indian sweets near me,0,1,0,12
buy lemon meringue pie near me,0,1,0,29
buy mango cake,0,1,0,7
buy matilda cake,0,1,0,2
buy mithai online,0,2,0,14.5
buy pastries near me,0,3,0,7
buy scones,0,2,0,8.5
buy wedding cakes,0,1,0,14
cabramatta cakes,0,1,0,55
cafe cake,0,1,0,7
cafe cake suppliers sydney,0,1,0,29
cafe cakes wholesale,0,1,0,34
cafe cakes wholesale sydney,0,1,0,24
cafe in riverstone,0,1,0,12
cafe near me,0,4,0,29.8
cafe pastries near me,0,1,0,19
cake 8th birthday,0,1,0,1
cake and cookies near me,0,1,0,9
cake and smash cake,0,1,0,14
cake annandale,0,1,0,64
cake around me,0,1,0,31
cake auburn,0,1,0,52
cake bakeries near me,0,3,0,11.7
cake bakers near me,0,4,0,7.5
cake bakery,0,2,0,17.5
cake bakery near me,0,11,0,5
cake bakery sydney,0,3,0,66.7
cake birthday,0,2,0,11.5
cake box how long does it last,0,1,0,11
cake buy near me,0,1,0,4
cake calories,0,10,0,7.8
cake campbelltown,0,3,0,70
cake chatswood,0,1,0,77
cake collingwood,0,1,0,82
cake cost,0,2,0,3.5
cake cutting ceremony,0,2,0,5.5
cake cutting ceremony for birthday,0,1,0,7
cake darlinghurst,0,1,0,68
cake delivered,0,1,0,13
cake delivered campbelltown,0,4,0,69.5
cake delivered matraville,0,2,0,66
cake delivered pennant hills,0,2,0,5
cake delivery,0,4,0,20.2
cake delivery campbelltown,0,29,0,72.7
cake delivery castle hill,0,5,0,60.4
cake delivery matraville,0,1,0,72
cake delivery near me,0,3,0,6.3
cake delivery north sydney,0,14,0,42.6
cake delivery now,0,1,0,1
cake delivery point piper,0,3,0,82.7
cake delivery sunday,0,2,0,4
cake delivery sydney,0,1,0,6
cake design near me,0,1,0,35
cake discovery,0,1,0,2
cake edible printing near me,0,1,0,1
cake eggless near me,0,10,0,6.5
cake eggless shop near me,0,3,0,4
cake elsa,0,1,0,10
cake first birthday,0,23,0,17.1
cake for,0,1,0,1
cake for 100 people,0,1,0,2
cake for 12 people size,0,2,0,6
cake for 50 people price,0,2,0,25
cake for birthday,0,2,0,10.5
cake for my birthday,0,1,0,6
cake for pregnant women,0,1,0,7
cake halal near me,0,2,0,57
cake hurstville,0,1,0,66
cake image printing near me,0,2,0,8.5
cake in a can,0,2,0,3
cake in a cup,0,1,0,7
cake in city,0,1,0,10
cake in parramatta,0,6,0,14.3
cake in sydney,0,2,0,42
cake in the city,0,4,0,10.2
cake inches,0,1,0,6
cake ingredients shop near me,0,2,0,10.5
cake is veg or non veg,0,1,0,8
cake kcal,0,1,0,10
cake kings cross,0,1,0,71
cake leichhardt,0,4,0,59.8
cake less sugar,0,2,0,9
cake lidcombe,0,3,0,16.3
cake makers near me,0,1,0,40
cake makers western sydney,0,38,0,11.2
cake milton,0,4,0,43.5
cake near,0,2,0,8
cake near by me,0,1,0,12
cake near me eggless,0,6,0,8.2
cake near me now,0,2,0,15.5
cake near me open now,0,4,0,5
cake near me tres leches,0,1,0,2
cake near me.,0,2,0,7.5
cake near ne,0,1,0,9
cake near parramatta,0,1,0,22
cake near.me,0,2,0,24.5
cake nearby,0,1,0,2
cake nearby me,0,1,0,4
cake north sydney,0,11,0,63.2
cake online,0,1,0,2
cake open now,0,1,0,9
cake order,0,1,0,8
cake order online,0,4,0,4.2
cake order sydney,0,3,0,43.7
cake patisserie near me,0,1,0,23
cake patties,0,1,0,6
cake photo cake,0,3,0,10.3
cake photo cake photo,0,1,0,19
cake photo printing,0,22,0,8.3
cake picture printing,0,7,0,6.7
cake place,0,2,0,20.5
cake place near me,0,7,0,7.7
cake place open near me,0,2,0,13
cake places in sydney,0,1,0,58
cake places near me,0,12,0,11.3
cake pops sydney,0,1,0,69
cake price,0,3,0,9
cake prices list,0,1,0,9
cake print near me,0,2,0,3.5
cake print photo,0,6,0,6.5
cake print shop,0,3,0,8
cake printed picture,0,1,0,6
cake printing,0,4,0,14.5
cake recommendation,0,1,0,13
cake serving guide,0,5,0,7.6
cake serving guide australia,0,2,0,6.5
cake serving size,0,7,0,5
cake serving size chart,0,3,0,7
cake serving size guide,0,1,0,8
cake serving sizes,0,7,0,8.6
cake servings,0,2,0,12.5
cake shop armidale,0,2,0,63.5
cake shop around me,0,3,0,12.7
cake shop auburn,0,1,0,40
cake shop barangaroo,0,1,0,63
cake shop bear me,0,1,0,5
cake shop bexley,0,2,0,68
cake shop brighton le sands,0,3,0,64
cake shop broadway,0,2,0,57.5
cake shop broadway shopping centre,0,2,0,47
cake shop campbelltown,0,3,0,63
cake shop chadstone,0,5,0,49.2
cake shop chatswood,0,1,0,77
cake shop cheap,0,1,0,3
cake shop cherrybrook,0,2,0,10
cake shop chinatown,0,1,0,20
cake shop chipping norton,0,4,0,62.5
cake shop delivery near me,0,1,0,9
cake shop drummoyne,0,5,0,51.8
cake shop eggless,0,3,0,24
cake shop eggless near me,0,7,0,4.9
cake shop frenchs forest,0,1,0,72
cake shop halal,0,1,0,45
cake shop halal near me,0,1,0,35
cake shop in auburn,0,3,0,12.3
cake shop in chadstone,0,2,0,64.5
cake shop in granville,0,1,0,9
cake shop in merrylands,0,1,0,27
cake shop in near me,0,1,0,11
cake shop in rockdale,0,2,0,41.5
cake shop in town hall,0,1,0,37
cake shop in wentworthville,0,5,0,8.8
cake shop in westfield parramatta,0,2,0,24
cake shop ingleburn,0,1,0,46
cake shop inner west,0,2,0,54
cake shop kellyville,0,3,0,57
cake shop kings langley,0,1,0,10
cake shop knox,0,1,0,54
cake shop lalor,0,1,0,23
cake shop liverpool,0,2,0,69
cake shop macquarie centre,0,3,0,52.3
cake shop macquarie park,0,1,0,48
cake shop manchester,0,1,0,64
cake shop marsden park,0,28,0,9.2
cake shop mcgraths hill,0,3,0,4.3
cake shop mear me,0,1,0,1
cake shop merrylands,0,3,0,29.7
cake shop minto,0,3,0,52.3
cake shop mona vale,0,3,0,59.3
cake shop mosman,0,4,0,56.2
cake shop name,0,1,0,8
cake shop near,0,1,0,6
cake shop near by me,0,1,0,5
cake shop near m3,0,1,0,2
cake shop near marsden park,0,2,0,6
cake shop near me customised,0,1,0,18
cake shop near me eggless,0,2,0,4
cake shop near me halal,0,2,0,27
cake shop near me home delivery,0,1,0,4
cake shop near me now,0,1,0,1
cake shop near me open,0,2,0,4
cake shop near me within 1.6 km,0,1,0,3
cake shop near me within 400m,0,3,0,1.3
cake shop near me within 8.1 km,0,1,0,4
cake shop near me within 800m,0,2,0,4
cake shop near ne,0,1,0,5
cake shop near parramatta,0,18,0,8.8
cake shop near town hall,0,1,0,6
cake shop near wynyard station,0,1,0,8
cake shop near.me,0,3,0,3.3
cake shop nearby,0,10,0,6
cake shop newtown,0,1,0,68
cake shop north lakes,0,2,0,59.5
cake shop north parramatta,0,2,0,29
cake shop north ryde,0,2,0,52.5
cake shop north sydney,0,6,0,54.5
cake shop northmead,0,6,0,8
cake shop norwood,0,1,0,63
cake shop now open,0,2,0,5
cake shop oatley,0,1,0,46
cake shop open near me,0,5,0,9.8
cake shop open near me now,0,1,0,5
cake shop open now,0,1,0,3
cake shop opening hours,0,1,0,1
cake shop parramatta westfield,0,2,0,24
cake shop penrith,0,1,0,39
cake shop pitt street,0,4,0,54.2
cake shop pyrmont,0,1,0,48
cake shop quakers hill,0,7,0,13.1
cake shop ryde,0,3,0,61.7
cake shop schofields,0,17,0,10.8
cake shop sydney,0,72,0,57.5
cake shop tallawong,0,8,0,8
cake shop wentworthville,0,10,0,14.2
cake shop west ryde,0,1,0,11
cake shop westfield parramatta,0,2,0,24
cake shop williamstown,0,2,0,50.5
cake shop windsor,0,1,0,20
cake shop winston hills,0,9,0,10.3
cake shop within 8.1 km,0,1,0,5
cake shop woolloomooloo,0,2,0,57.5
cake shop.,0,3,0,15
cake shop.near me,0,13,0,7.7
cake shop.near.me,0,1,0,10
cake shops,0,20,0,18.2
cake shops campbelltown,0,2,0,66
cake shops cbd,0,1,0,16
cake shops chadstone,0,3,0,61.7
cake shops in parramatta westfield,0,2,0,9.5
cake shops in sydney,0,1,0,56
cake shops in sydney australia,0,3,0,64.7
cake shops in the city,0,1,0,38
cake shops inner west sydney,0,3,0,57.7
cake shops near by,0,1,0,8
cake shops near here,0,1,0,4
cake shops near me.,0,1,0,6
cake shops nearby,0,2,0,4
cake shops north sydney,0,2,0,44.5
cake shops open,0,2,0,13
cake shops open near me open now,0,1,0,6
cake shops open now,0,2,0,8.5
cake shops parramatta,0,9,0,18.2
cake shops parramatta westfield,0,1,0,20
cake shops rouse hill,0,1,0,10
cake shops sydney,0,7,0,57.1
cake size,0,1,0,25
cake size chart,0,1,0,8
cake size for 10 people,0,2,0,5.5
cake size for 12 people,0,1,0,7
cake size for 20,0,1,0,5
cake size for 6 people,0,1,0,4
cake size guide,0,2,0,9
cake sizes,0,2,0,30
cake sizes and servings,0,2,0,7.5
cake sizes australia,0,1,0,45
cake sizes round,0,4,0,6
cake sjop near me,0,1,0,1
cake slice,0,1,0,60
cake slice size,0,1,0,6
cake slice sizes,0,1,0,7
cake slices,0,1,0,8
cake smash,0,5,0,18.4
cake smash australia,0,2,0,9.5
cake smash cakes,0,11,0,10.5
cake smash cakes sydney,0,6,0,8.7
cake smash sydney,0,1,0,19
cake smashing,0,1,0,15
cake stall,0,2,0,14
cake stand bakery,0,1,0,8
cake store,0,3,0,15
cake store open now,0,1,0,8
cake store parramatta,0,1,0,1
cake store sydney,0,1,0,69
cake stores sydney,0,7,0,56
cake supplier near me,0,1,0,84
cake supplier sydney,0,5,0,83
cake suppliers sydney,0,24,0,78.4
cake surry hills,0,1,0,81
cake sydney,0,21,0,68.3
cake tasting box sydney,0,1,0,19
cake that designer cakes,0,1,0,65
cake to buy near me,0,1,0,9
cake to go price list 2026,0,1,0,8
cake topper sydney,0,5,0,5.6
cake toppers sydney,0,37,0,8.6
cake trends 2026,0,1,0,6
cake vegetarian near me,0,1,0,9
cake vs tart,0,1,0,1
cake wholesale shop near me,0,1,0,7
cake wholesale sydney,0,6,0,32.2
cake with a photo,0,2,0,7
cake with a photo on it,0,3,0,7
cake with a picture,0,2,0,5.5
cake with a picture on it,0,2,0,5
cake with custom image,0,7,0,5.7
cake with custom image near me,0,1,0,5
cake with custom photo,0,3,0,4.7
cake with custom picture,0,1,0,3
cake with custom writing,0,1,0,9
cake with edible image near me,0,1,0,9
cake with face,0,3,0,6
cake with face on it,0,9,0,6.2
cake with face on it near me,0,1,0,8
cake with face printed on it,0,4,0,7
cake with image,0,5,0,9.4
cake with image on it,0,2,0,6
cake with image on top,0,5,0,9.8
cake with image printed on it,0,2,0,4
cake with personalised photo,0,2,0,7.5
cake with photo near me,0,1,0,11
cake with photo on,0,2,0,8
cake with photo on it,0,5,0,7.6
cake with photo on it near me,0,1,0,7
cake with photo on top,0,80,0,8.8
cake with photo on top near me,0,13,0,10.2
cake with photo print,0,1,0,8
cake with photo printed,0,2,0,7.5
cake with photo printed on it,0,1,0,6
cake with photograph,0,2,0,7.5
cake with photographs,0,1,0,13
cake with photos,0,7,0,9.1
cake with photos on it,0,1,0,10
cake with photos on top,0,1,0,9
cake with picture,0,6,0,5.3
cake with picture on,0,1,0,3
cake with picture on it,0,2,0,8.5
cake with picture on it near me,0,2,0,6.5
cake with picture on top,0,9,0,6.8
cake with picture on top near me,0,1,0,9
cake with picture printed,0,2,0,12
cake with picture printed on it,0,4,0,4.2
cake with pictures on top,0,3,0,5.7
cake with print,0,1,0,4
cake with printed photo,0,1,0,6
cake with printed picture near me,0,7,0,9.4
cake with writing on top,0,2,0,10.5
cake without eggs near me,0,8,0,5.1
cake wynyard,0,2,0,73
cake.,0,1,0,8
cake.shop near me,0,2,0,5
cakes,0,38,0,12
cakes artarmon,0,2,0,47
cakes auburn,0,1,0,9
cakes bankstown,0,2,0,59.5
cakes barangaroo,0,2,0,71
cakes best,0,1,0,16
cakes by jacob's mum,0,6,0,65.5
cakes campbelltown,0,1,0,71
cakes carlingford,0,2,0,26
cakes chadstone,0,2,0,43
cakes chatswood,0,1,0,76
cakes eastwood,0,1,0,15
cakes eggless,0,10,0,12.1
cakes eggless near me,0,1,0,5
cakes epping,0,1,0,10
cakes erina,0,1,0,57
cakes erina fair,0,1,0,69
cakes for 1st birthday,0,1,0,10
cakes for 20 people,0,1,0,5
cakes for babys,0,1,0,7
cakes for elderly,0,13,0,9.2
cakes for kids sydney,0,5,0,42.8
cakes for men sydney,0,7,0,6
cakes for sale near me,0,1,0,16
cakes in parramatta,0,7,0,15.9
cakes in sydney,0,15,0,70.8
cakes in the city,0,1,0,13
cakes milton,0,1,0,37
cakes mona vale,0,1,0,28
cakes mosman,0,64,0,62.1
cakes near,0,1,0,14
cakes near me bakery,0,1,0,8
cakes near me eggless,0,9,0,6.8
cakes near me open now,0,6,0,5.8
cakes near me within 400m,0,1,0,5
cakes near parramatta,0,1,0,16
cakes nearby,0,2,0,8.5
cakes neutral bay,0,1,0,54
cakes north lakes,0,1,0,68
cakes north shore,0,2,0,60.5
cakes north sydney,0,8,0,44
cakes northmead,0,1,0,7
cakes online delivery near me,0,2,0,5.5
cakes open now,0,1,0,7
cakes parramatta westfield,0,2,0,17.5
cakes photo,0,1,0,6
cakes premium,0,1,0,4
cakes rouse hill,0,1,0,51
cakes same day delivery,0,1,0,6
cakes shop around me,0,1,0,26
cakes shop near me,0,7,0,9.1
cakes silverwater,0,2,0,36.5
cakes sizes,0,1,0,12
cakes store near me,0,1,0,1
cakes surry hills,0,1,0,83
cakes sydney australia,0,9,0,67.2
cakes sydney west,0,40,0,8.9
cakes tiramisu,0,1,0,5
cakes to order near me,0,1,0,5
cakes western sydney,0,20,0,8.9
cakes wholesale sydney,0,1,0,75
cakes williamstown,0,3,0,47.3
cakes with a picture on it,0,1,0,3
cakes with custom image,0,1,0,9
cakes with custom pictures,0,2,0,2
cakes with images on them,0,2,0,8.5
cakes with less cream,0,1,0,6
cakes with photo,0,2,0,9
cakes with photo images on them,0,9,0,8.1
cakes with photo on top,0,2,0,9
cakes with photos,0,4,0,8.8
cakes with photos on them,0,7,0,7
cakes with photos printed on them,0,2,0,8.5
cakes with pictures,0,1,0,6
cakes with pictures on them,0,3,0,8.7
cakes with pictures on top,0,1,0,7
cakes with printed images,0,1,0,10
cakes without eggs near me,0,1,0,6
cakes.near me,0,1,0,6
cakeshop,0,2,0,32.5
cakesin,0,2,0,10
cakesnear me,0,1,0,8
cale,0,1,0,6
calories for cake,0,1,0,7
calories in a cake,0,2,0,8
calories in cake,0,4,0,8.5
calories in cakes,0,1,0,7
calories in small slice of cake,0,1,0,8
calories of cake,0,1,0,8
can vegetarians eat cake,0,1,0,9
can vegetarians eat cake with eggs,0,6,0,8
cannoli cake sydney,0,1,0,80
cannoli platter near me,0,1,0,16
car detailing newington,0,4,0,19
carlingford bakery,0,1,0,74
carlingford cake shop,0,1,0,13
carrot cake birthday cake,0,10,0,9.2
carrot cake near me,0,5,0,11.6
carrot cake order,0,1,0,10
castle hill deliver cake,0,1,0,10
castle hill mango festival,0,1,0,20
ceremonial cake cutting,0,1,0,6
chadstone bakery,0,4,0,53.2
chadstone cake,0,1,0,54
chadstone cake shop,0,6,0,54.7
chadstone cakes,0,2,0,43
chadstone dessert,0,1,0,63
chadstone desserts,0,1,0,60
cham cham sweet near me,0,1,0,5
cheap cake bakery,0,1,0,82
cheap cake near me,0,2,0,1
cheap cake shop,0,2,0,18
cheap cake shops,0,1,0,9
cheap cakes,0,1,0,55
cheap cakes for birthdays near me,0,1,0,27
cheap cakes near me,0,2,0,31
cheap cakes online delivery,0,2,0,75.5
cheap cakes sydney,0,3,0,47.3
cheap eggless cake near me,0,6,0,4.8
cheap wedding cake,0,2,0,27.5
cheap wedding cake sydney,0,4,0,20.8
cheap wedding cakes,0,1,0,29
cheap wedding cakes online,0,1,0,14
cheese cake has egg,0,2,0,8
cheese cake have egg,0,2,0,7.5
cheese cake shop eggless cake,0,1,0,4
cheesecake contains egg,0,1,0,7
cheesecake contains egg or not,0,2,0,7.5
cheesecake does it have eggs,0,2,0,7.5
cheesecake eggless,0,2,0,11.5
cheesecake eggless cake,0,3,0,9
cheesecake has egg or not,0,1,0,10
cheesecake near me,0,8,0,11.2
cheesecake near me open now,0,1,0,8
cheesecake near me within 800m,0,1,0,7
cheesecake nearby,0,1,0,15
cheesecake parramatta,0,1,0,30
cheesecake shop near me,0,2,0,21
chewy cookie near me,0,3,0,1.7
chicken puff pastry,0,2,0,12
chicken shop near me,0,1,0,40
chiffon cakes,0,1,0,4
chiffon vs sponge cake,0,1,0,24
chinese bakery sydney,0,1,0,79
chinese cakes near me,0,1,0,10
chocochip cupcake,0,1,0,7
chocolate birthday cake,0,1,0,7
chocolate brownie near me,0,3,0,5.7
chocolate cake,0,12,0,12.6
chocolate cake delivered,0,1,0,3
chocolate cake delivery,0,1,0,31
chocolate cake near me,0,12,0,5.8
chocolate cake shop near me,0,1,0,49
chocolate cake slice near me,0,1,0,9
chocolate cake sydney,0,1,0,3
chocolate cakes sydney,0,1,0,10
chocolate chip cookie cake,0,1,0,3
chocolate croissant,0,1,0,12
chocolate cupcakes,0,1,0,6
chocolate flourless cake near me,0,1,0,84
chocolate fudge cake,0,1,0,10
chocolate hazelnut birthday cake,0,1,0,16
chocolate mousse cake,0,1,0,10
chocolate mousse cake near me,0,1,0,22
chocolate mud cake,0,4,0,34.2
chocolate mud cake near me,0,2,0,11.5
chocolate mud cake sydney,0,1,0,4
chocolate pastry,0,1,0,59
chocolate rice cakes,0,1,0,8
chocolate smash cake,0,1,0,8
chocolate sponge cake,0,1,0,28
churma ladoo near me,0,1,0,11
cinnabon cake,0,1,0,8
cinnamon donuts,0,1,0,9
cinnamon donuts near me,0,1,0,3
cinnamon roll,0,1,0,15
cinnamon roll near me,0,4,0,11.5
cinnamon rolls,0,4,0,9.8
cinnamon rolls near me,0,8,0,7.9
cinnamon scroll near me,0,1,0,4
cinnamon scrolls,0,1,0,4
cinnamon scrolls near me,0,5,0,10.2
city cake,0,2,0,9.5
clayton cake shop,0,2,0,42
clemton park bakery,0,3,0,24.7
clemton park cake shop,0,4,0,33.5
clemton park cake shop menu,0,1,0,33
closest bakery,0,3,0,31
closest bakery to me,0,2,0,49.5
closest cake shop,0,1,0,19
closest dessert,0,1,0,11
closest dessert near me,0,8,0,8
closest dessert place,0,2,0,13.5
closest dessert place near me,0,1,0,9
coconut cream cake,0,1,0,9
coconut lavender cake,0,1,0,2
coffee birthday cake,0,1,0,13
coffee cake,0,1,0,8
coffee cake buy,0,1,0,10
coffee near me open now,0,2,0,2.5
coffee riverstone,0,1,0,7
coffee shop near me,0,1,0,1
coles eggless cake,0,1,0,6
common cake sizes,0,1,0,9
communion cakes sydney,0,12,0,10.8
condensed milk cake,0,1,0,8
constitution hill bakery,0,8,0,9.8
continental cakes near me,0,4,0,6
convenience store parramatta,0,1,0,57
cooked,0,1,0,3
cookie places near me,0,1,0,2
cookie stores near me,0,1,0,8
cookies,0,1,0,5
cookies and cream cake,0,1,0,9
cookies and cream cakes near me,0,1,0,1
cookies and cupcakes near me,0,1,0,7
cookies and treats near me,0,1,0,14
cookies from bakery,0,1,0,7
cookies parramatta,0,3,0,30
corporake cake sydney,0,1,0,12
corporate cake delivery sydney,0,3,0,17.7
cost of a cake,0,1,0,6
cream buns,0,1,0,6
cream buns near me,0,2,0,19.5
cream cakes near me,0,1,0,115
cream roll,0,1,0,6
cream rolls,0,1,0,10
create your own birthday cake,0,1,0,10
creme pan,0,1,0,4
crepe cake near me,0,1,0,1
crepe cake sydney,0,3,0,69.7
crepe cakes sydney,0,1,0,63
croissant bakery near me,0,1,0,19
croissant near me,0,4,0,8.2
cronut,0,3,0,11.7
cronut sydney,0,1,0,28
cronuts,0,2,0,9
cronuts near me,0,2,0,5
crumb cakes,0,1,0,1
crunch cake,0,1,0,10
crunch cake near me,0,5,0,10.6
crunch cakes near me,0,2,0,10
cultural traditions,0,1,0,1
cup cake near me,0,2,0,4
cup cake shop near me,0,3,0,3
cup cake shop near me open now,0,1,0,2
cup cakes,0,4,0,4
cup cakes near me,0,1,0,1
cupcake,0,7,0,4.3
cupcake central sydney,0,2,0,10.5
cupcake chadstone,0,11,0,60.8
cupcake chatswood,0,1,0,61
cupcake near me,0,10,0,11.4
cupcake no,0,1,0,3
cupcake noggins,0,1,0,53
cupcake north sydney,0,5,0,21.6
cupcake number cakes,0,1,0,14
cupcake order near me,0,1,0,10
cupcake pyrmont,0,1,0,50
cupcake shop,0,1,0,12
cupcake shop near me,0,4,0,3.5
cupcake shops,0,2,0,9
cupcake shops near me,0,2,0,8.5
cupcake store near me,0,1,0,3
cupcake stores,0,1,0,36
cupcakes around me,0,2,0,8
cupcakes cute,0,1,0,5
cupcakes delivery,0,1,0,17
cupcakes drummoyne,0,1,0,52
cupcakes marrickville,0,2,0,65.5
cupcakes north sydney,0,13,0,34
cupcakes parramatta westfield,0,1,0,1
cupcakes place near me,0,1,0,1
cupcakes shop near me,0,2,0,14.5
custard pudding near me,0,1,0,24
custom bakery near me,0,1,0,14
custom birthday cake prices,0,1,0,1
custom birthday cake with picture,0,1,0,4
custom cake cheesecake shop,0,1,0,3
custom cake consultation,0,24,0,40.9
custom cake consultations,0,31,0,1.9
custom cake image,0,2,0,21.5
custom cake near me,0,1,0,34
custom cake order,0,1,0,16
custom cake photo,0,12,0,6.2
custom cake photo printing,0,2,0,5
custom cake picture,0,3,0,5.3
custom cake picture printing,0,1,0,3
custom cake pictures,0,1,0,6
custom cake print,0,3,0,6
custom cake printed image,0,1,0,9
custom cake printing,0,3,0,7.3
custom cake printing near me,0,1,0,7
custom cake toppers in sydney,0,12,0,12.9
custom cake with edible image,0,1,0,6
custom cake with face on it,0,1,0,4
custom cake with image,0,1,0,4
custom cake with photo near me,0,2,0,2
custom cake with picture,0,2,0,10.5
custom cake writing,0,2,0,9
custom cakes near me,0,5,0,20.8
custom cakes photo,0,1,0,6
custom cakes sydney,0,2,0,22.5
custom cakes western sydney,0,2,0,28.5
custom cakes with photo,0,2,0,6
custom cakes with pictures,0,1,0,4
custom cupcakes near me,0,2,0,7
custom edible images for cakes near me,0,1,0,8
custom edible photo cake,0,1,0,6
custom eggless cakes,0,3,0,5
custom eggless cakes near me,0,4,0,4
custom face cake,0,2,0,6
custom image cake,0,38,0,5.2
custom image cake near me,0,1,0,5
custom image cakes,0,5,0,6.2
custom image cakes near me,0,1,0,7
custom image on cake,0,2,0,7
custom kids cake,0,1,0,30
custom made cake,0,1,0,63
custom made wedding harris park,0,1,0,17
custom photo birthday cake,0,4,0,5.5
custom photo cakes,0,3,0,5
custom photo cakes near me,0,1,0,6
custom photo cale,0,1,0,8
custom picture birthday cake,0,1,0,5
custom picture cake,0,9,0,6.2
custom picture cakes,0,3,0,6.7
custom picture on cake,0,1,0,8
custom print cake near me,0,1,0,6
custom printed cakes near me,0,2,0,5
custom sheet cake,0,1,0,7
custom sheet cakes,0,1,0,5
custom.photo cake,0,1,0,5
customise photo cake,0,1,0,7
customised cake near me,0,1,0,3
customised cakes near me,0,2,0,10
customize cake for boys,0,1,0,2
customize cake near me,0,1,0,4
cute cake near me,0,1,0,37
daily num num,0,1,0,8
dairy free bakery near me,0,1,0,80
dairy free cake,0,4,0,14
dairy free cake delivery sydney,0,89,0,45.9
dairy free cake near me,0,2,0,17
dairy free cake sydney,0,22,0,19.3
dairy free cakes castle hill,0,2,0,80
dairy free cakes cherrybrook,0,5,0,55.2
dairy free cakes delivered sydney,0,129,0,43.2
dairy free cakes delivery sydney,0,56,0,28.3
dairy free cakes mount druitt,0,3,0,14
dairy free cakes near me,0,2,0,70
dairy free cakes parramatta,0,1,0,41
dairy free cakes sydney,0,128,0,19.8
dairy free cupcakes,0,1,0,17
dairy free cupcakes near me,0,13,0,48.7
danish pastry near me,0,3,0,17.3
dar khane din 2026,0,11,0,8.3
dark chocolate cake,0,1,0,25
dark chocolate sponge cake,0,1,0,8
dean park postcode,0,1,0,9
dean park shopping centre,0,3,0,10.7
decorate your own birthday cake,0,1,0,9
deliver cake liverpool,0,6,0,69.3
desert near me,0,4,0,11.2
desert places near me,0,1,0,11
desert shop,0,1,0,11
desert shop.near me,0,1,0,9
desert shops,0,1,0,11
desert shops near me,0,6,0,8
desert stores near me,0,5,0,8.4
deserts near me,0,2,0,15.5
deserts shop near me,0,3,0,7.7
desi bakery near me,0,2,0,5.5
design cakes near me,0,1,0,9
design your birthday cake,0,1,0,6
desrt shop,0,1,0,8
dessert,0,5,0,28.2
dessert around me,0,4,0,13
dessert bakery,0,3,0,10
dessert bexley,0,1,0,78
dessert cafe near me,0,2,0,16.5
dessert cake near me,0,3,0,10.7
dessert chadstone,0,3,0,59.7
dessert chadstone shopping centre,0,2,0,49.5
dessert for birthday party,0,1,0,53
dessert in parramatta,0,7,0,29
dessert in the area,0,1,0,8
dessert inner west,0,1,0,14
dessert marsden,0,7,0,9
dessert marsden park,0,24,0,8.7
dessert near,0,1,0,8
dessert near .me,0,1,0,10
dessert near by,0,1,0,13
dessert near m,0,1,0,12
dessert near me,0,324,0,17.6
dessert near me open now,0,7,0,10.4
dessert near me within 800m,0,2,0,7.5
dessert near me.,0,3,0,8.7
dessert near ne,0,1,0,18
dessert near parramatta,0,4,0,30
dessert near.me,0,1,0,17
dessert nearby,0,1,0,11
dessert north sydney,0,7,0,31
dessert only,0,3,0,10.7
dessert open now,0,1,0,10
dessert pastries,0,1,0,15
dessert pastries near me,0,1,0,56
dessert pick up,0,1,0,11
dessert pick up near me,0,2,0,11
dessert place near me,0,5,0,28
dessert places near me,0,20,0,15.2
dessert places western sydney,0,38,0,8.8
dessert shooters near me,0,1,0,11
dessert shop,0,28,0,9.8
dessert shop near m,0,1,0,10
dessert shop near me,0,10,0,12.2
dessert shop parramatta,0,2,0,11
dessert shop sydney,0,16,0,10.4
dessert shop.near me,0,2,0,8.5
dessert shops,0,2,0,8
dessert shops around me,0,2,0,11.5
dessert shops near me,0,51,0,10.0
dessert shops near me open now,0,1,0,6
dessert shops near me.,0,1,0,9
dessert shops nesr me,0,1,0,9
dessert shops sydney,0,5,0,12.6
dessert store near me,0,2,0,9.5
dessert stores,0,2,0,11.5
dessert stores near me,0,12,0,8.9
dessert western suburbs,0,1,0,6
dessert within 400m,0,1,0,4
dessert+whatsapp,0,1,0,1
dessert.near me,0,1,0,9
desserts,0,4,0,8
desserts bakery,0,1,0,6
desserts bear me,0,1,0,12
desserts chadstone,0,1,0,54
desserts delivery near me,0,1,0,17
desserts in the area,0,3,0,10.7
desserts near me,0,64,0,17.1
desserts near me within 800m,0,1,0,10
desserts near.me,0,1,0,65
desserts only,0,2,0,11.5
desserts open near me,0,2,0,14
desserts shop near me,0,8,0,9.9
desserts shop near me open now,0,2,0,7
desserts shop open near me,0,1,0,10
desserts shops near me,0,2,0,9.5
desserts store near me,0,2,0,9.5
desserts sydney,0,1,0,30
desserts to order,0,1,0,10
desserts to order near me,0,2,0,9.5
desserts western sydney,0,16,0,8.1
dessertshop,0,1,0,11
devom eggless cakes,0,14,0,40.3
dhoda barfi near me,0,1,0,11
diabetic cakes near me,0,1,0,21
difference between cake and tart,0,1,0,11
difference between egg and eggless cake,0,1,0,1
difference between mud cake and sponge cake,0,2,0,7.5
different cakes,0,2,0,26.5
dinosaur cake near me,0,1,0,7
do all cakes have eggs,0,5,0,7.8
do any supermarkets do photo cakes?,0,1,0,1
do cheesecake have eggs,0,1,0,11
do cheesecakes have eggs,0,2,0,8.5
do eggless cakes taste different,0,15,0,5.8
do vegan cakes have eggs,0,2,0,6
doda barfi near me,0,4,0,11
does baked cheesecake have eggs,0,1,0,6
does cake contain egg,0,4,0,11
does cake have calories,0,1,0,10
does cheese cake contain egg,0,1,0,5
does cheese cake contains egg,0,10,0,7.6
does cheese cake have egg,0,3,0,10.7
does cheese cake have eggs,0,2,0,7.5
does cheesecake contain egg,0,5,0,4.2
does cheesecake contain eggs,0,9,0,8.6
does cheesecake has egg,0,5,0,10.6
does cheesecake have egg,0,27,0,8.1
does cheesecake have egg in it,0,5,0,9.4
does cheesecake have eggs,0,26,0,8.3
does cheesecake have eggs in it,0,1,0,8
does cheesecake have eggs in them,0,2,0,3.5
does cool cake contain egg,0,1,0,8
does eggless cake contains egg,0,5,0,6.4
does eggless cake taste different,0,11,0,6.5
does ice cake contain egg,0,16,0,6.1
does ice cream cake contain egg,0,1,0,8
does ice cream cake have eggs,0,1,0,4
does it contain nuts,0,1,0,4
dog birthday cake near me,0,1,0,71
dog cake near me,0,1,0,24
dog friendly bakery near me,0,1,0,51
domino cake,0,1,0,38
don't drop the cake,0,4,0,21
donut near me,0,16,0,5.1
donuts in parramatta,0,1,0,9
donuts near me open now,0,1,0,3
donuts parramatta,0,8,0,15.1
donuts rouse hill,0,1,0,6
doonside bakery,0,11,0,11
doughnut near me,0,3,0,5
doughnuts near me,0,7,0,5.7
drip cake surry hills,0,20,0,6.4
drip cake sydney,0,8,0,5.2
drip cakes sydney,0,13,0,6.5
dubai chocolate chewy cookie near me,0,1,0,3
dundas bakery,0,5,0,8.6
durga puja 2026 sydney,0,15,0,8.1
durga puja in sydney,0,2,0,3
durga puja sydney,0,1,0,10
durian cake near me,0,1,0,8
edible cake images near me,0,5,0,21.8
edible cake images sydney,0,6,0,8
edible cake pictures near me,0,1,0,10
edible cake prints near me,0,2,0,11.5
edible image cake near me,0,8,0,8.4
edible image cakes,0,3,0,6.3
edible image cupcakes near me,0,1,0,9
edible image printing near me,0,7,0,8.9
edible image printing sydney,0,60,0,13.5
edible images for cakes near me,0,11,0,16.4
edible images near me,0,1,0,29
edible images printed near me,0,1,0,8
edible images printing near me,0,1,0,9
edible imaging near me,0,1,0,16
edible photo cake,0,7,0,17.1
edible photo cakes,0,1,0,6
edible photo cakes near me,0,1,0,1
edible photo for cake near me,0,1,0,6
edible photo print near me,0,1,0,8
edible photo print shop near me,0,1,0,10
edible photo printing near me,0,1,0,10
edible photos for cakes near me,0,3,0,6.7
edible picture near me,0,1,0,10
edible pictures for cakes near me,0,2,0,23
edible pictures near,0,4,0,23.5
edible print near me,0,1,0,4
edible printed cakes,0,1,0,23
edible printing near me,0,3,0,9.7
edible prints for cakes near me,0,2,0,7
egess,0,1,0,9
egg alternative cake,0,1,0,24
egg and nut free cake,0,2,0,5.5
egg and nut free cakes,0,1,0,7
egg cake box,0,1,0,3
egg cake near me,0,1,0,12
egg cake substitute,0,1,0,26
egg free bakery,0,14,0,5.8
egg free bakery near me,0,1,0,9
egg free birthday cakes,0,5,0,10.2
egg free cake bake studio,0,2,0,11.5
egg free cake box,0,1,0,4
egg free cake buy,0,1,0,6
egg free cake delivery,0,4,0,8.5
egg free cake shop,0,4,0,12.5
egg free cake shop near me,0,1,0,18
egg free cake sydney,0,41,0,8.5
egg free cakes castle hill,0,53,0,7.2
egg free cakes cherrybrook,0,60,0,21.8
egg free cakes liverpool,0,6,0,7.3
egg free cakes mount druitt,0,53,0,13.6
egg free cakes near me,0,8,0,7.1
egg free cakes parramatta,0,234,0,15.3
egg free cakes penrith,0,11,0,11.5
egg free cakes to buy,0,2,0,6.5
egg free cupcakes near me,0,3,0,10.7
egg free desserts,0,1,0,16
egg free desserts near me,0,2,0,12
egg free nut free cake,0,1,0,15
egg free nut free cake near me,0,3,0,5.7
egg free sponge cake,0,1,0,6
egg free wedding cake,0,1,0,4
egg less,0,1,0,3
egg less bakery,0,1,0,4
egg less cake price,0,1,0,7
egg less cakes,0,5,0,6
egg less cakes near me,0,1,0,5
egg puffs,0,1,0,7
egg substitute for cake,0,1,0,31
egg substitute for cheesecake,0,2,0,30
egg substitute in cake,0,1,0,20
egg vs eggless cake,0,1,0,2
eggfree cake,0,1,0,1
eggfree cakes,0,1,0,4
eggles cake,0,1,0,14
eggless,0,27,0,6.2
eggless almond cake,0,1,0,8
eggless and nut free cake,0,2,0,5.5
eggless and sugar free cake near me,0,2,0,10
eggless bakeries,0,1,0,5
eggless bakeries near me,0,2,0,9
eggless bakers,0,1,0,12
eggless bakery,0,25,0,7.4
eggless bakery near me,0,22,0,4.8
eggless baking,0,2,0,6
eggless bento cake near me,0,3,0,3.7
eggless birthday cake,0,1,0,7
eggless birthday cakes,0,5,0,17.4
eggless birthday cakes near me,0,3,0,2
eggless biscoff cake,0,1,0,19
eggless black forest cake,0,1,0,7
eggless black forest cake near me,0,1,0,7
eggless bread near me,0,1,0,11
eggless brownie near me,0,5,0,4.6
eggless brownies near me,0,9,0,8.3
eggless buns near me,0,3,0,4.3
eggless cafe,0,3,0,13.7
eggless cake 1 kg price,0,1,0,1
eggless cake adelaide,0,1,0,3
eggless cake around me,0,2,0,7
eggless cake available near me,0,1,0,6
eggless cake bakery,0,6,0,4.7
eggless cake bakery near me,0,10,0,9.3
eggless cake birthday,0,2,0,6
eggless cake buy online,0,2,0,7.5
eggless cake cheesecake shop,0,2,0,14
eggless cake company,0,1,0,3
eggless cake delivery,0,10,0,5.9
eggless cake delivery near me,0,3,0,8.3
eggless cake delivery sydney,0,33,0,8.5
eggless cake flavours,0,1,0,1
eggless cake for birthday,0,3,0,10.7
eggless cake harris park,0,1,0,3
eggless cake home delivery,0,3,0,18.3
eggless cake indian,0,1,0,7
eggless cake meaning,0,16,0,11.5
eggless cake means,0,19,0,10.9
eggless cake melbourne cbd,0,1,0,10
eggless cake names,0,1,0,10
eggless cake near by me,0,2,0,5.5
eggless cake near me delivery,0,3,0,6.7
eggless cake near me home delivery,0,2,0,7.5
eggless cake near me indian,0,1,0,3
eggless cake near me open now,0,12,0,3.4
eggless cake near me within 800m,0,1,0,2
eggless cake nearby,0,5,0,7
eggless cake online,0,4,0,8
eggless cake online delivery,0,1,0,7
eggless cake online delivery near me,0,1,0,16
eggless cake options,0,3,0,8.7
eggless cake options near me,0,5,0,7.6
eggless cake or egg cake which is better,0,2,0,11
eggless cake order,0,12,0,9.3
eggless cake order online near me,0,3,0,5.7
eggless cake price,0,1,0,8
eggless cake recipe,0,1,0,4
eggless cake same day delivery,0,2,0,8
eggless cake shelf life,0,1,0,3
eggless cake shops,0,6,0,7.3
eggless cake slice,0,1,0,3
eggless cake store,0,1,0,7
eggless cake store near me,0,4,0,6.8
eggless cake studio,0,2,0,16
eggless cake supermarket,0,2,0,6
eggless cake wentworthville,0,30,0,6.5
eggless cake woolworths,0,1,0,4
eggless cake.near me,0,1,0,6
eggless cakes bakery,0,1,0,5
eggless cakes brisbane,0,1,0,6
eggless cakes delivery,0,1,0,5
eggless cakes for birthday,0,1,0,10
eggless cakes near me for birthday,0,9,0,7
eggless cakes near me open now,0,2,0,5.5
eggless cakes nearby,0,4,0,3
eggless cakes online,0,2,0,8.5
eggless cale near me,0,6,0,4.3
eggless cales,0,2,0,7
eggless cheese cake near me,0,1,0,4
eggless cheesecake,0,1,0,2
eggless cookies near me,0,5,0,7.2
eggless croissant near me,0,2,0,4.5
eggless cupcake,0,2,0,1.5
eggless cupcakes,0,6,0,9
eggless custom cake,0,2,0,5.5
eggless dessert,0,6,0,5.3
eggless dessert cafe,0,1,0,19
eggless dessert near me,0,1,0,1
eggless dessert places near me,0,1,0,1
eggless desserts,0,3,0,6
eggless desserts near me,0,7,0,7.7
eggless dinner rolls,0,2,0,5
eggless donuts,0,1,0,6
eggless doughnut,0,2,0,4.5
eggless indian cake near me,0,1,0,3
eggless ladyfingers for tiramisu,0,1,0,2
eggless macarons near me,0,1,0,11
eggless mango cake,0,1,0,6
eggless mango cake near me,0,1,0,4
eggless mawa cake recipe,0,1,0,2
eggless meaning in punjabi,0,2,0,4
eggless means,0,2,0,6
eggless menu,0,6,0,24.8
eggless moist cake,0,1,0,1
eggless mousse cake,0,1,0,15
eggless muffin near me,0,2,0,4.5
eggless muffins near me,0,7,0,4.9
eggless near me,0,4,0,6
eggless nut free cake,0,2,0,4
eggless oats cake recipe,0,1,0,6
eggless pastries,0,1,0,8
eggless pastries near me,0,6,0,2.8
eggless pastry,0,1,0,3
eggless pav near me,0,6,0,10.2
eggless red velvet cake near me,0,1,0,6
eggless sponge cake near me,0,1,0,5
eggless tiramisu cake near me,0,1,0,3
eggless tiramisu near me,0,5,0,5.4
eggless vanilla cake calories per 100g,0,4,0,3
eggless vanilla cake calories per 100g nutrition,0,8,0,4.2
eggless vanilla sponge cake calories per 100g,0,1,0,2
eggless vanilla sponge cake calories per 100g nutrition,0,14,0,3.3
eggless vegetarian cake,0,2,0,9
eggless version,0,1,0,2
eggless.cake near me,0,1,0,5
egglesscake,0,1,0,13
egless cake,0,1,0,13
egless cake near me,0,2,0,5
egless cake shop,0,2,0,3.5
egless cakes,0,1,0,8
eid milad un nabi 2026 cake,0,5,0,7.8
elmo birthday cake,0,1,0,6
elmo cake near me,0,1,0,3
emerton bakery,0,2,0,11
endless eggless reviews,0,2,0,18
engagement cake sydney,0,2,0,12.5
engagement cakes sydney,0,2,0,16.5
epping bakery,0,2,0,11
ever bakery,0,1,0,10
expensive cakes near me,0,1,0,9
face on cake,0,5,0,6.6
famous cake near me,0,1,0,4
famous cake shop near me,0,1,0,5
famous cake shop sydney,0,1,0,19
famous mango cake,0,1,0,7
fancy cakes sydney,0,1,0,23
farewell cakes,0,3,0,4.3
farewell message on cake for colleague,0,1,0,11
fast day,0,1,0,2
fathers day cake,0,2,0,5
fathers day cakes delivered sydney,0,115,0,12.7
fathers day cakes sydney,0,158,0,11.1
fatto a mano bakery,0,1,0,63
ferrero rocher cake near me,0,1,0,17
filter coffee near me,0,2,0,17.5
finish bakery,0,1,0,8
first birthday cake,0,4,0,19.2
first birthday cales,0,1,0,6
flavour in cake,0,1,0,11
flavours bakery,0,1,0,10
flour and stone cakes,0,1,0,48
flour and stone woolloomooloo,0,1,0,63
flourless bakery,0,6,0,50.7
flourless cake near me,0,9,0,60.2
flourless chocolate cake near me,0,2,0,59
flower shop near,0,1,0,16
flower shop near me,0,4,0,19.2
focaccia near me bakery,0,1,0,28
fondant vs buttercream,0,1,0,12
fondant vs cream cake,0,1,0,13
food cake,0,1,0,19
food harris park,0,3,0,50
food in riverstone,0,6,0,16.8
food places near me,0,1,0,22
food riverstone,0,13,0,24.8
food.near me,0,1,0,62
football cake,0,2,0,8
for cakes,0,1,0,16
founder,0,1,0,1
franchise cake shop,0,1,0,19
fresh baked cookies,0,1,0,2
fresh bread near me,0,1,0,1
fresh cake shop near me,0,1,0,1
fresh cakes near me,0,2,0,11.5
fresh cookies near me,0,1,0,1
fresh cookies near me open now,0,1,0,1
fresh cream cake how long does it last,0,2,0,10
fresh cream cakes near me,0,1,0,20
fresh cupcake,0,2,0,12
fresh donuts near me,0,1,0,11
fresh donuts near me open now,0,1,0,8
fresh fruit cake near me,0,1,0,10
fresh fruit cake sydney,0,1,0,11
fresh kulcha near me,0,2,0,1.5
fresh made,0,1,0,6
fresh pie near me,0,1,0,5
fresh rasmalai near me,0,1,0,6
fresh rolls near me,0,1,0,6
fresh sponge cake near me,0,1,0,3
fresh strawberry cake,0,1,0,53
freshly baked pretzels,0,1,0,28
fried desserts near me,0,1,0,3
fruit cake,0,1,0,9
fruit cake delivery sydney,0,4,0,15.2
fruit cake sydney,0,2,0,7.5
fruit cakes design,0,1,0,18
fruit cakes sydney,0,10,0,10.4
fruit desserts near me,0,1,0,8
fruit flan cake,0,1,0,9
fruit flan near me,0,1,0,16
fruity cakes near me,0,1,0,19
gajar ka halwa near me,0,1,0,17
galston bakery,0,5,0,10
gender reveal cake,0,3,0,9.7
gender reveal cake near me,0,2,0,13.5
gender reveal cakes near me,0,2,0,16
gender reveal cupcakes near me,0,1,0,76
german chocolate cake near me,0,1,0,27
get together cake messages,0,2,0,5
gingerbread cookies near me,0,1,0,15
give more,0,1,0,10
glenhaven bakery,0,1,0,7
gluten free and dairy free desserts near me,0,1,0,1
gluten free bakery near my location,0,1,0,1
gluten free bakery north sydney,0,5,0,75.6
gluten free birthday cake near me,0,1,0,1
gluten free brownies bakery,0,1,0,6
gluten free cake,0,4,0,9.5
gluten free cake near me,0,2,0,12
gluten free cakes parramatta,0,2,0,77.5
gluten free cheesecake near me,0,1,0,3
gluten free croissant,0,1,0,10
gluten free cupcakes,0,1,0,23
gluten free cupcakes near me,0,3,0,39.7
gluten free desserts near me,0,1,0,14
gluten free eggless cake,0,2,0,7
gluten free roti near me,0,1,0,4
gold sweets menu,0,2,0,38.5
good bakery,0,1,0,35
good bakery near me,0,4,0,18.2
good cake,0,3,0,9.3
good cake shop near me,0,2,0,9
good cake shops near me,0,1,0,10
good cakes,0,5,0,12.4
good cakes in sydney,0,2,0,15
good cakes sydney,0,4,0,9.2
good coffee near me now,0,1,0,6
good cookies near me,0,1,0,1
good desserts near me,0,1,0,18
good food near me,0,1,0,19
goodbye cake,0,2,0,3
goodbye cakes,0,1,0,8
google bakery,0,1,0,3
graduation cake,0,2,0,2
grand cake,0,1,0,7
grandma moses bakery,0,3,0,54.3
grandma moses bakery & cafe kensington,0,3,0,65.3
granville cake shop,0,1,0,28
great cakes,0,4,0,9.5
gujarati bakery near me,0,1,0,12
gulab jaman near me,0,2,0,26.5
gulab jamun cheesecake near me,0,1,0,39
gulab jamun near me,0,2,0,19
guru sweets near me,0,1,0,19
halal bakery,0,7,0,11
halal bakery near me,0,7,0,11.1
halal bakery near me open now,0,1,0,8
halal bakery sydney,0,149,0,39.0
halal baking,0,1,0,17
halal birthday cake,0,1,0,4
halal birthday cake near me,0,1,0,9
halal cake,0,17,0,24.4
halal cake meaning,0,3,0,7.3
halal cake near me,0,7,0,18.1
halal cake shop,0,27,0,38.9
halal cake shop near me,0,26,0,14.8
halal cake shop sydney,0,85,0,39.0
halal cake shops,0,3,0,13.3
halal cake shops near me,0,2,0,20.5
halal cake sydney,0,1,0,4
halal cakes,0,17,0,24.4
halal cakes shop near me,0,1,0,2
halal cakes sydney,0,56,0,36.1
halal chocolate cake near me,0,1,0,5
halal cupcakes,0,6,0,19.7
halal cupcakes near me,0,2,0,42.5
halal dessert near me,0,2,0,21.5
halal desserts near me,0,1,0,28
halal eggless cake,0,1,0,10
halal food near me,0,3,0,41.7
halal pick n mix,0,1,0,2
halal pies near me,0,5,0,5.2
halal tiramisu cake,0,1,0,7
halal tiramisu sydney,0,1,0,6
halal wedding cakes sydney,0,2,0,41
halwa puri near me,0,1,0,43
happy birthday cookies near me,0,1,0,10
happy birthday donuts,0,2,0,16
happy work anniversary cake,0,1,0,9
harris cake,0,2,0,3.5
harris park bakery,0,123,0,5.9
harris park food,0,13,0,51.8
harris park indian restaurant,0,8,0,73.5
harris park pani puri,0,1,0,2
harris park restaurant,0,3,0,60.3
harris park shops,0,7,0,20.1
harris park sweet shop,0,17,0,8.2
harris park sweets,0,3,0,9
hassall grove bakery,0,1,0,12
hassall grove cake shop,0,2,0,10.5
healthy cake near me,0,1,0,12
healthy cake shop,0,1,0,81
healthy cakes sydney,0,1,0,60
heart shape cake near me,0,2,0,3
heart shaped birthday cake near me,0,1,0,2
heart shaped cake near me,0,1,0,2
hello kitty cake near me,0,2,0,1
hello naomi,0,8,0,45.2
high tea near me,0,1,0,67
hindu bakery,0,1,0,10
hobnob bakery near me,0,1,0,30
home made cakes near me,0,1,0,3
homebush cakes photos,0,1,0,9
homemade cake near me,0,3,0,13
homemade cupcakes near me,0,1,0,20
homemade eggless cake,0,1,0,3
homm dessert chadstone,0,2,0,63
honey cake near me,0,2,0,5.5
hot brownie near me,0,3,0,6.7
hot cakes,0,1,0,9
hot cakes near me,0,1,0,11
hot chips near me,0,1,0,92
hot chocolate,0,1,0,23
hot chocolate near me,0,6,0,12.5
hot chocolate near me within 400m,0,2,0,5.5
hot chocolate place,0,1,0,23
how about in nsw,0,1,0,6
how big is a 7 inch cake,0,1,0,11
how big is a standard cake,0,1,0,6
how far away is westfield from me,0,1,0,1
how long do cake box cakes last,0,5,0,16.8
how long do cake box cakes last in the fridge,0,2,0,19
how long do cream cakes last,0,1,0,8
how long do fresh cream cakes last,0,8,0,11.1
how long do fresh cream cakes last in the fridge,0,2,0,10
how long do these last in the fridge,0,1,0,6
how long does a cake box cake last,0,2,0,15.5
how long does a fresh cream cake last in the fridge,0,1,0,8
how long does cake box cake last in the fridge,0,1,0,13
how long does cake box cakes last,0,2,0,21.5
how long does fresh cream cake last,0,21,0,10
how long does vegan cake last in the fridge,0,1,0,10
how many calories does a slice of cake have,0,1,0,11
how many calories in a cake,0,2,0,8.5
how many calories in a small piece of cake,0,1,0,2
how many calories in a small slice of cake,0,1,0,10
how many calories in cake,0,3,0,9.3
how many calories is in cake,0,1,0,7
how many people can eat 6 inch cake,0,1,0,5
how many people does a 12 inch cake feed,0,1,0,6
how many people does a 7 inch cake serve,0,1,0,10
how many people does a 7inch cake feed,0,1,0,7
how many people does a 9 inch round cake serve,0,1,0,7
how many people does an 8 inch 2 layer cake feed,0,1,0,4
how many people does an 8 inch cake feed,0,4,0,5
how many people for 8 inch cake,0,1,0,5
how many people will an 8 inch round cake feed,0,1,0,5
how many servings for 8 inch cake,0,1,0,6
how many servings in a 7 inch round cake,0,1,0,6
how many servings per cake,0,1,0,5
how much are the wedding cakes,0,1,0,21
how much are wedding cakes,0,1,0,22
how much cake for 15 people,0,1,0,8
how much cake for 35 people,0,1,0,3
how much cost wedding cake,0,1,0,31
how much do cakes usually cost,0,1,0,4
how much do wedding cakes cost,0,1,0,30
how much does a 12 inch cake feed,0,1,0,7
how much does a 4 layer 8 inch cake serve,0,1,0,8
how much does a 7 inch cake feed,0,1,0,5
how much does a cake cost,0,1,0,1
how much does a wedding cake cost,0,2,0,31.5
how much does wedding cake cost,0,1,0,32
how much for a custom cake,0,1,0,5
how much is a wedding cake,0,2,0,27.5
how much is it,0,1,0,2
how much is this cake?,0,1,0,30
how much is wedding cake,0,1,0,26
how much wedding cake,0,1,0,29
how much wedding cake cost,0,1,0,47
how much wedding cakes,0,1,0,28
how much wedding cakes cost,0,1,0,37
how much would a 10 cake cost?,0,1,0,4
how much would a cake like this cost,0,5,0,6
how much would a wedding cake cost,0,2,0,30.5
how to design a birthday cake,0,1,0,6
how to get a cake with a picture on it,0,1,0,11
how to get a photo on a cake,0,4,0,7.2
how to get cake with picture on it,0,1,0,1
how to identify eggless cake,0,1,0,11
how to know if cake has egg or not,0,7,0,11.7
how to know if cake is eggless or not,0,3,0,11
how to order a cake,0,1,0,30
how to order a cake online,0,2,0,63
how to order a cake with a picture on it,0,1,0,5
how to order birthday cake,0,1,0,25
how to order birthday cake online,0,1,0,67
how to order cake online,0,1,0,56
how to order cake with picture on it,0,2,0,8
how to print photo on cake,0,3,0,8
hurlstone park bakery,0,2,0,31
hyderabadi bakery,0,1,0,2
ice cake is egg or eggless,0,1,0,9
ice cream,0,1,0,24
ice cream cake,0,2,0,25.5
ice cream cake contains egg or not,0,4,0,6
ice cream cake egg or eggless,0,1,0,2
ice cream cake is egg or eggless,0,6,0,8.7
ice cream cake near me,0,3,0,15
ice cream cake roll where to buy,0,1,0,17
ice cream near me,0,1,0,23
ice cream rolls near me,0,1,0,14
icing printing near me,0,1,0,11
image cakes,0,15,0,4.7
image cakes sydney,0,2,0,3.5
image on cake near me,0,1,0,7
image print cake,0,1,0,7
image printed on cake,0,1,0,5
imagine cake,0,1,0,11
imarti sweet near me,0,1,0,26
in australia,0,2,0,5.5
in nsw,0,1,0,4
in sydney,0,5,0,6.4
india bakery near me,0,8,0,11.2
india cakes near me,0,1,0,56
indian baker,0,4,0,6
indian bakery,0,211,0,10.4
indian birthday cake,0,2,0,5.5
indian cake bakery near me,0,7,0,5.9
indian cake flavours,0,3,0,13.7
indian cake near me,0,12,0,9.8
indian cake shop,0,16,0,11.6
indian cake shops,0,4,0,9.2
indian cake shops near me,0,4,0,7
indian cakes,0,4,0,9.8
indian cakes and nuts,0,1,0,5
indian dessert near me,0,5,0,28.6
indian dessert shop near me,0,3,0,35.3
indian desserts near me,0,4,0,32.8
indian eggless cake near me,0,3,0,8.3
indian food harris park,0,3,0,67.7
indian food parcel cabramatta,0,1,0,86
indian ice cream near me,0,4,0,46.2
indian milk cake near me,0,1,0,9
indian mithai near me,0,4,0,24.2
indian pastries,0,4,0,1
indian pastries near me,0,2,0,24
indian pastry,0,7,0,1
indian restaurant harris park,0,6,0,73
indian style cake near me,0,5,0,3.8
indian style cakes near me,0,1,0,6
indian sweet shop,0,1,0,42
indian sweet shop near me,0,5,0,28
indian sweet shop sydney,0,19,0,26.5
indian sweets delivery,0,2,0,34.5
indian sweets in liverpool,0,1,0,41
indian sweets in sydney,0,6,0,19.5
indian sweets liverpool,0,1,0,32
indian sweets near me,0,6,0,28.3
indian sweets near me open now,0,2,0,30
indian sweets nearby,0,1,0,42
indian sweets online,0,4,0,13
indian sweets order online,0,2,0,12
indian sweets parramatta,0,1,0,4
indian sweets price list,0,2,0,17.5
indian sweets shop,0,1,0,22
indian sweets shop near me,0,4,0,31.8
indian sweets shops,0,1,0,35
indian sweets sydney,0,36,0,23.0
inexpensive wedding cakes near me,0,1,0,13
infinity bakery harris farm,0,2,0,54.5
is a pavlova a cake,0,1,0,11
is any bakery open near me,0,1,0,3
is cake halal,0,1,0,1
is cake vegetarian,0,1,0,9
is cheesecake egg free,0,1,0,9
is cheesecake eggless,0,1,0,6
is eggless cake more expensive,0,2,0,9
is eggless cake vegan,0,4,0,7.8
is pavlova a cake,0,1,0,12
is there egg in cheese cake,0,1,0,7
is vegan eggless,0,1,0,9
islamic bakery,0,1,0,4
islamic cakes,0,1,0,7
island rum cake,0,1,0,6
it didn't rise,0,1,0,3
ivory bakery,0,1,0,34
jain bakery,0,1,0,1
jain cake,0,1,0,1
jain sweets,0,1,0,5
jalebi near me,0,3,0,16.3
jamun near me,0,1,0,8
japanese cake sydney,0,2,0,76
juices near me,0,1,0,43
kabhi b bakery near me,0,1,0,1
kabhi bhi bakery near me,0,1,0,1
kachori,0,1,0,19
kadhai doodh near me,0,1,0,11
kaju barfi near me,0,2,0,2
kaju katli,0,1,0,20
kaju katli near me,0,10,0,14.1
kaju roll price,0,1,0,14
kaju shake near me,0,1,0,9
kaju special,0,1,0,3
kalakand near me,0,2,0,14
kalakand sweet near me,0,1,0,11
kalymnos bakery,0,3,0,52.3
kalymnos pastries,0,1,0,56
kalymnos pastries menu,0,2,0,50.5
kalymnos pastry,0,1,0,60
kandi pedha near me,0,1,0,7
karwa chauth 2026 sydney,0,1,0,4
kataifi pastry near me,0,2,0,4
kellyville cakes,0,1,0,44
keto baker,0,1,0,8
keto bakery,0,3,0,8.3
keto bakery sydney,0,1,0,9
keto cake sydney,0,1,0,11
keto cakes sydney,0,1,0,7
khaja mithai near me,0,1,0,13
khanom house,0,6,0,63.3
khanom house by the baking lists,0,2,0,46
khanom house by the baking lists menu,0,1,0,43
khanom house chippendale,0,1,0,64
khanom house sydney,0,1,0,50
khoya kulfi near me,0,1,0,61
kids bakery,0,1,0,11
kids birthday cake,0,3,0,7
kids birthday cake near me,0,3,0,16
kids birthday cake sydney,0,7,0,22.4
kids birthday cakes near me,0,2,0,28.5
kids birthday cakes sydney,0,4,0,17.8
kids cake sydney,0,31,0,33.1
kids cakes near me,0,1,0,47
kids cakes sydney,0,5,0,39
"kids cakes sydney,",0,1,0,8
kids photo cake,0,1,0,5
kincumber bakery,0,1,0,52
kitchen cake wedding,0,1,0,13
kitchens pemulwuy,0,2,0,30.5
korean bakery near me,0,3,0,15
korean cake shop near me,0,1,0,10
kosher cakes sydney,0,2,0,14
kpop cake near me,0,1,0,16
kulcha bakery near me,0,1,0,7
kulcha bread,0,1,0,6
kulcha near me,0,3,0,37
kulcha shop near me,0,1,0,28
kulfi falooda near me,0,1,0,39
kulfi near me,0,2,0,68.5
lactose free desserts,0,1,0,1
laddoos near me,0,1,0,6
laddu near me,0,9,0,9.8
lalor park post code,0,2,0,11.5
large sheet cakes,0,1,0,7
large wedding cakes,0,1,0,7
last minute wedding cake,0,1,0,16
last minute wedding cakes,0,1,0,18
last saturday,0,1,0,2
lava cake near me,0,1,0,10
lebanese bakery near me,0,3,0,5
lemon bakery,0,6,0,53.3
lemon cake bakery,0,7,0,85.7
lemon cake near me,0,3,0,38.3
lemon cake sydney,0,8,0,82.2
lemon drizzle cake near me,0,3,0,64
lemon drizzle cake sydney,0,1,0,88
lemon meringue cake sydney,0,2,0,74.5
leopard print cake near me,0,1,0,8
like on the street,0,1,0,4
live cakes,0,1,0,10
liverpool deliver cake,0,7,0,69.9
loaded cookies near me,0,1,0,30
local bakery near me,0,2,0,7.5
local cake shops near me,0,2,0,8
local cakes,0,1,0,75
local pastry shops,0,1,0,6
local pickup,0,1,0,2
low calorie desserts near me,0,1,0,24
low fodmap cake,0,5,0,18.4
low fodmap cakes,0,1,0,24
low sugar cake near me,0,2,0,9
low sugar cakes near me,0,1,0,9
lugarno bakery,0,1,0,36
lumos bakery mckinnon,0,2,0,51.5
lumos cafe north sydney,0,1,0,68
lumos north sydney,0,3,0,75.7
lunch spots near me,0,1,0,38
lunchbox cakes sydney,0,1,0,59
lychee cake,0,1,0,7
m and m bakery,0,1,0,57
macquarie cake,0,1,0,73
magnolia bakery,0,4,0,47.5
magnolia bakery australia,0,1,0,48
magnolia bakery locations,0,1,0,36
magnolia bakery near me,0,3,0,33
magnolia cakes and cupcakes,0,1,0,43
magnolia patisserie bankstown,0,1,0,59
magnolia's bakery,0,3,0,43
magnolias bakery,0,1,0,40
make your own cake,0,1,0,10
malai kulfi,0,1,0,43
malai kulfi near me,0,1,0,51
mango cake,0,6,0,9.3
mango cake bakery,0,1,0,11
mango cake near me,0,4,0,2
mango cake slice,0,1,0,9
mango cake slices,0,1,0,14
mango cakw,0,1,0,1
mango cream cake,0,2,0,7.5
mango desserts near me,0,1,0,4
mango tres leches cake near me,0,1,0,7
mangos,0,1,0,5
manjots baking,0,2,0,38.5
manning bakery,0,2,0,23.5
mannino's bakery menu and prices,0,1,0,3
mannum bakery,0,9,0,29.7
mannum bakery opening hours,0,1,0,47
manu bakery,0,1,0,35
maraylya postcode,0,1,0,11
marayong bakery,0,2,0,10
maridale park bakery,0,1,0,36
marsden park bakery,0,21,0,9.7
marsfield chinese kitchen menu,0,1,0,22
matcha birthday cake near me,0,1,0,47
mathura peda near me,0,1,0,3
matilda cake near me,0,1,0,8
matka kulfi near me,0,2,0,57
mawa kulfi near me,0,1,0,73
mawson bakery,0,1,0,8
mckinnon bakery,0,2,0,56
mckinnon village bakery,0,3,0,50
meadowbank cake,0,1,0,11
meat near me,0,1,0,41
meat pie near me,0,1,0,17
meat pie shop near me,0,1,0,20
meat pies near me,0,3,0,13.3
melonba,0,1,0,1
melrose bakery,0,1,0,8
men's birthday cakes,0,1,0,11
mermaid cake,0,1,0,4
mermaid cake near me,0,1,0,64
merrylands bakery,0,1,0,26
merrylands cake,0,1,0,30
merrylands cake shop,0,8,0,30.9
merrylands cakes,0,1,0,27
milad bakery,0,1,0,9
milk cake,0,4,0,17.5
milk cake indian near me,0,2,0,8.5
milk cake indian sweet near me,0,1,0,12
milk cake near me,0,6,0,17.8
milk cake sydney,0,1,0,14
mille feuille cake sydney,0,4,0,78.8
millstone bakery,0,2,0,24
millstone cakes,0,1,0,36
millstone patisserie,0,3,0,32.3
milton bakery,0,5,0,47
milton bakery nsw,0,3,0,46
milton cake shop,0,2,0,33.5
milton patisserie,0,1,0,61
mimo desserts,0,2,0,34.5
min bakery,0,12,0,9.3
min's bakery,0,1,0,11
mince and cheese pie near me,0,1,0,10
mince and double cheese pie near me,0,1,0,4
minchinbury bakery,0,4,0,13
minchinbury postcode,0,1,0,5
mini birthday cakes sydney,0,1,0,55
mini cake,0,6,0,13.2
mini cake near me,0,1,0,18
mini cake shop near me,0,2,0,2
mini cake sydney,0,8,0,50.8
mini cakes,0,3,0,12.3
mini cakes near me,0,1,0,5
mini cakes sydney,0,2,0,4
mini carrot cake near me,0,2,0,3
mini cup cake,0,1,0,5
mini cup cakes,0,2,0,2
mini cupcakes,0,12,0,5.1
mini desserts near me,0,1,0,25
mini desserts to buy near me,0,1,0,21
mini donuts near me,0,1,0,11
mini eggless cake,0,1,0,1
minion cake,0,1,0,2
minto bakery,0,1,0,55
minute bakery,0,1,0,4
mio nonno pasticceria,0,2,0,51.5
mishti sweets near me,0,1,0,22
miss cake sydney,0,3,0,11
mithai bakery,0,1,0,7
mithai cake shop,0,1,0,10
mithai cakes,0,1,0,9
mithai near me,0,4,0,23
mithai online,0,1,0,17
mithai pasal near me,0,3,0,10
mithai price,0,3,0,9.3
mithai price per kg,0,5,0,8.6
mithai prices,0,1,0,9
mithai shop near me,0,1,0,26
mithais,0,2,0,27.5
mixed fruits cake,0,1,0,4
mmm num nums,0,1,0,8
mn bakery,0,1,0,3
mnm bakery,0,3,0,11.7
mohit?,0,1,0,7
mon cakes,0,1,0,6
mona lisa cakes,0,1,0,41
mona vale bakery,0,6,0,51.5
mona's bakehouse,0,1,0,46
monas bakehouse,0,2,0,44.5
mongolia bakery,0,1,0,43
more,0,1,0,7
morning pastries,0,1,0,1
mothers day cakes sydney,0,20,0,77.4
motichoor ladoo near me,0,5,0,8.8
mount druitt cake shop,0,3,0,10.7
mousse cake near me,0,2,0,71
mousse cakes near me,0,1,0,63
moxons bakery,0,1,0,36
moxons bakery armidale,0,2,0,49
mud cake near me,0,5,0,8.8
mud cake vs normal cake,0,2,0,9.5
mud cake vs sponge cake,0,9,0,4.2
mud chocolate cake,0,1,0,7
mudcake near me,0,1,0,7
muffin near me,0,2,0,3
muffins near me,0,2,0,22.5
muffins near ne,0,1,0,18
multilayer cake,0,1,0,2
mum bakery,0,1,0,14
mum's,0,1,0,12
mum's bakery,0,2,0,25.5
mums bakehouse,0,1,0,46
mums baking,0,2,0,30.5
mums buns,0,3,0,57.3
mums cakes,0,1,0,14
mumunest cake shop,0,1,0,11
munja bakehouse,0,1,0,54
murukku,0,1,0,4
n & n the cake shop,0,1,0,22
n and n cakes,0,2,0,7
n&n cakes,0,4,0,38
naan bakery near me,0,1,0,72
naan bread near me,0,2,0,17.5
nahoum's bakery,0,1,0,2
nahoums,0,1,0,2
naked cake sydney,0,1,0,7
nam nam cake,0,1,0,3
naman bakery,0,1,0,1
nams bakery,0,1,0,6
nams cake,0,2,0,25
nan butter,0,1,0,7
nanna bakery,0,2,0,31
nannos bakery,0,1,0,3
nano bakery,0,1,0,5
nano's bakery,0,1,0,6
naomi cakes,0,1,0,31
narooma bakery,0,4,0,57.8
natural bakery,0,1,0,1
near birthday cake shop,0,1,0,4
near cake shop,0,3,0,8.3
near cake shop near me,0,3,0,4.7
near me cake shop,0,1,0,10
near to me,0,1,0,8
near train station,0,1,0,12
nearby bakeries,0,2,0,1
nearby bakery,0,1,0,7
nearby birthday cake shop,0,1,0,8
nearby cake shop,0,1,0,2
nearby sweet shop,0,1,0,7
nearest bakery,0,4,0,12.8
nearest cake shop,0,2,0,1
neelam's eggless bakery menu,0,1,0,8
nemo's cake,0,4,0,57.8
nemo's cake where to buy,0,1,0,26
nemos cake,0,2,0,36.5
nemos cake near me,0,1,0,13
nepali cake shop near me,0,2,0,1
new bakery near me,0,2,0,10
newborn cakes,0,1,0,16
next day birthday cake,0,1,0,4
nice cake,0,1,0,22
nice cake near me,0,1,0,15
nice cakes,0,1,0,23
nice dinner spots near me,0,1,0,188
nice place to eat near me,0,1,0,49
niche deserts,0,6,0,1
niche dessert,0,1,0,1
niche desserts,0,2,0,1
nikos cakes prices,0,1,0,8
nim num,0,6,0,4.2
nim nums,0,1,0,2
nimitabel bakery,0,1,0,61
nimmitabel bakery,0,5,0,43.8
nimmitabel bakery jindabyne,0,2,0,46
nisa bakery,0,1,0,9
no bakery,0,5,0,14.6
no cream cake,0,1,0,8
no egg,0,3,0,1
no egg bakery,0,1,0,6
no egg bakery near me,0,2,0,2
no egg cake shop,0,1,0,3
no egg cakes near me,0,2,0,9
no egg funnel cake recipe,0,1,0,3
no egg?,0,1,0,2
no name bakery,0,1,0,30
no sugar cake,0,1,0,10
no sugar desserts near me,0,1,0,12
noah bakery,0,2,0,31
noah's bakery,0,1,0,42
noams,0,3,0,49
noble park bakery,0,1,0,43
nogas cakes,0,4,0,35
nom bakery,0,3,0,2.3
nom bakes,0,1,0,2
nom nom,0,1,0,2
nom nom bakery hamilton,0,9,0,8
nom nom bubble tea and dessert cafe,0,1,0,51
nom nom cake,0,3,0,4.7
nom nom cupcakes,0,2,0,4.5
nom nom dessert,0,2,0,42.5
nom noms,0,12,0,1.2
noma bakery,0,1,0,3
nommi blackberry rolls,0,1,0,5
nomnom,0,7,0,3.6
nomnom bakery,0,16,0,6.3
nomnom cookies,0,1,0,1
nomnom dessert,0,8,0,8
nomnom shop,0,1,0,13
noms bakery,0,1,0,1
noms near me,0,2,0,50
non bakery,0,1,0,6
non nums,0,1,0,7
nong cake,0,4,0,3.5
nonna bakery,0,1,0,38
nonna's bakery,0,3,0,42
nonnas bakery,0,3,0,45.3
nonos bakery,0,1,0,2
nonos menu,0,2,0,50.5
noon bakery,0,7,0,5.7
noon cakes,0,1,0,3
noon khamei near me,0,2,0,11
noon pies,0,1,0,87
noras cakes and sweets,0,2,0,2.5
normal size cake,0,1,0,11
normal size of cake,0,1,0,8
norman cakes,0,1,0,6
north melbourne cake,0,3,0,65.3
north parramatta bakery,0,6,0,25.7
north richmond bakery,0,2,0,10
north sydney bakery,0,5,0,55.2
north sydney cake,0,2,0,60
north sydney cakes,0,15,0,39.1
north sydney dessert,0,1,0,16
north turramurra bakery,0,3,0,58
north west cake,0,1,0,11
northern bakery,0,1,0,42
northmead bakery,0,1,0,9
northmead cake shop,0,8,0,7.1
northmead cakes,0,1,0,7
northwest bakery,0,3,0,5.7
nos bakehouse,0,1,0,78
nos bakery,0,3,0,41
nosh cake,0,1,0,22
not an option bakery,0,7,0,10.3
not bakery,0,2,0,11
not just cakes kanwal,0,1,0,40
not just cakes wamberal,0,1,0,43
nova cake,0,1,0,26
novelty cake meaning,0,1,0,8
novelty cakes sydney,0,2,0,27
np carousel cake shop,0,2,0,41
nrl birthday cakes,0,1,0,3
nt bakery,0,1,0,45
nu m,0,1,0,15
nug,0,1,0,1
num,0,168,0,6.2
num bakery,0,9,0,14.2
num gourmet desserts,0,1,0,48
num moms,0,1,0,11
num mums,0,3,0,5.7
num nam,0,1,0,4
num nim,0,2,0,6.5
num no.s,0,12,0,6
num nom,0,1,0,11
num nom cake,0,3,0,19.7
num noms cake,0,68,0,24.3
num nu,0,1,0,10
num num cake,0,53,0,9.8
num num cake wentworthville,0,54,0,4.1
num num dessert studio,0,3,0,37
num num hunger bees,0,16,0,9.3
num num menu,0,1,0,3
num num num num num,0,1,0,10
num num num num num num num,0,1,0,10
num num nums,0,1,0,9
num num s,0,1,0,17
num num street,0,1,0,24
num num wentworthville,0,69,0,10.2
num numbs,0,1,0,6
num numd,0,1,0,3
num nums barry,0,1,0,26
num nums food,0,5,0,13.6
num nums hunger bees,0,50,0,12.5
num nums hunger bees menu,0,14,0,8.4
num nums kik,0,2,0,4
num nums near me,0,1,0,3
num nums sweet shop,0,1,0,8
num yum,0,1,0,3
num yums,0,3,0,11.7
num-num,0,3,0,5.7
num-nums-bakery-test.netlify.app,0,2,0,1
num.noms,0,1,0,6
num.num,0,1,0,3
num.nums,0,3,0,6.7
number 3 cakes,0,1,0,4
number birthday cakes,0,1,0,12
number cake,0,1,0,17
number cake near me,0,1,0,27
number cake price,0,1,0,15
number cake sydney,0,89,0,64.0
number cakes,0,1,0,27
number cakes near me,0,2,0,72.5
number cakes prices,0,1,0,70
number cakes to order,0,1,0,44
number cupcakes near me,0,1,0,34
number one cakes,0,1,0,7
numlocation,0,1,0,2
numm,0,1,0,12
numm numm,0,3,0,6.7
nummies,0,1,0,2
nummus,0,2,0,9
numnum,0,24,0,3.2
nums,0,72,0,6.9
nums nums,0,48,0,8.6
numu,0,3,0,2.3
numus,0,4,0,44.8
nun nums,0,2,0,7
nun nun bakery,0,1,0,3
nunu cakes,0,1,0,8
nut bakery,0,1,0,6
nut free bakery,0,1,0,5
nut free birthday cake,0,1,0,7
nut free birthday cakes near me,0,2,0,38
nut free cake near me,0,1,0,86
nut free cakes,0,25,0,19.6
nut free cakes castle hill,0,11,0,37.2
nut free cakes cherrybrook,0,22,0,55.5
nut free cakes mount druitt,0,1,0,12
nut free cakes near me,0,2,0,1
nut free cakes parramatta,0,23,0,57.2
nut free cakes sydney,0,126,0,21.1
nut free cupcakes,0,1,0,14
nut free cupcakes near me,0,1,0,59
nut free dessert near me,0,1,0,8
nut free ice cream cake near me,0,1,0,61
nutjob bakery,0,1,0,26
nuts bakery,0,1,0,19
nuts free cake,0,2,0,5.5
nyc cookies near me,0,1,0,9
oatley cake shop,0,2,0,49
office cake delivery sydney,0,14,0,27.6
office cakes,0,4,0,7
office cakes sydney,0,49,0,17.3
olive oil cake near me,0,1,0,56
olympic park postcode,0,1,0,44
om nom bakery,0,11,0,3.8
om sweets near me,0,2,0,33
one year anniversary cake,0,1,0,10
online bakery sydney,0,2,0,66.5
online cake company,0,1,0,60
online cake shops,0,1,0,10
online eggless cake delivery near me,0,1,0,11
online food delivery near me,0,1,0,45
online mithai delivery,0,2,0,36
online mithai shop,0,1,0,35
open,0,1,0,3
opera cake near me,0,3,0,7
orange and almond cake,0,1,0,8
orange cake near me,0,1,0,7
orange slice cake,0,1,0,8
order a birthday cake near me,0,1,0,8
order a cake with a picture on it,0,1,0,4
order a custom cake near me,0,1,0,1
order birthday cake near me,0,1,0,48
order cake in sydney,0,1,0,49
order cake online with photo,0,2,0,9.5
order cake with photo on it,0,3,0,8.3
order cakes,0,1,0,5
order desert,0,1,0,8
order desserts,0,1,0,11
order eggless cake,0,6,0,6.7
order eggless cake near me,0,2,0,5.5
order eggless cake online near me,0,2,0,17.5
order mithai online,0,1,0,23
order photo cake,0,1,0,4
order photo cake online,0,1,0,5
order strawberry cake,0,1,0,1
oreo cake near me,0,1,0,8
organic birthday cakes,0,1,0,62
organic cake shop,0,1,0,69
organic cake shop near me,0,3,0,48
organic cakes,0,1,0,67
organic neem cake in sydney,0,189,0,58.2
pac man donuts,0,1,0,2
pain au chocolat near me,0,1,0,10
pakistani sweets sydney,0,7,0,28.9
pan cake near me,0,1,0,7
pan near me,0,2,0,7.5
pandan chiffon cake,0,1,0,7
pandan coconut cake near me,0,1,0,30
parramatta bakeries,0,5,0,19.2
parramatta bakery,0,17,0,21
parramatta cake,0,2,0,43.5
parramatta cake shop,0,51,0,14.8
parramatta cake shops,0,2,0,12
parramatta cakes,0,9,0,20.1
parramatta dessert shop,0,3,0,11
parramatta pastry,0,2,0,23.5
parramatta westfield cake shop,0,1,0,26
pasties near me,0,1,0,11
pastisseria near me,0,2,0,7
pastries,0,1,0,7
pastries near me,0,27,0,9.4
pastries parramatta,0,1,0,57
pastry,0,2,0,15.5
pastry bakery near me,0,2,0,22
pastry cake near me,0,1,0,7
pastry catering,0,1,0,7
pastry near by me,0,1,0,9
pastry near me,0,19,0,9.4
pastry near me open now,0,1,0,5
pastry open now,0,1,0,8
pastry parramatta,0,2,0,33.5
pastry shop,0,2,0,6
pastry shop open near me,0,1,0,6
pastry shops,0,2,0,25.5
pastry shops near me,0,1,0,7
pasty,0,1,0,7
patisserie milton,0,3,0,60.7
patisserie near me,0,16,0,9.2
patisserie nearby,0,1,0,29
patisserie north sydney,0,3,0,69.7
peak bakery,0,1,0,12
peanuts bakery series,0,1,0,10
peda near me,0,4,0,6.8
peda sweet near me,0,1,0,4
pedha near me,0,1,0,1
pennant hills cake delivery,0,1,0,11
per piece,0,1,0,7
personalised photo cake,0,2,0,11.5
personalised picture cake,0,1,0,4
personalized photo cake,0,1,0,8
phone shops near me,0,1,0,58
photo birthday cake,0,10,0,8.4
photo birthday cakes,0,4,0,6.8
photo cake birthday,0,2,0,8.5
photo cake delivery,0,3,0,5.3
photo cake images,0,9,0,7.3
photo cake near me,0,10,0,9.8
photo cake next day delivery,0,1,0,9
photo cake online order,0,1,0,6
photo cake order online,0,1,0,4
photo cake price,0,1,0,8
photo cake printer near me,0,1,0,10
photo cake printing,0,2,0,8
photo cake same day delivery,0,2,0,8
photo cakes,0,20,0,6.0
photo cakes for birthday,0,1,0,10
photo cakes near me,0,13,0,9
photo cale,0,2,0,8.5
photo cales,0,1,0,3
photo came,0,2,0,4.5
photo custom cake,0,3,0,4.7
photo on a cake,0,3,0,8
photo on cake,0,14,0,9.9
photo on cake near me,0,4,0,8
photo print cake,0,163,0,11.8
photo print cakes,0,4,0,10.8
photo print on cake,0,2,0,10
photo print on cake near me,0,1,0,5
photo printed cake,0,3,0,9.3
photo printed cake online,0,1,0,9
photo printed cakes,0,1,0,9
photo printed on cake,0,5,0,8.6
photo printing on cake,0,5,0,7.6
photo sheet cake near me,0,4,0,7.2
photo sheet cakes,0,1,0,6
photocake,0,1,0,3
photocake near me,0,3,0,7.3
photograph cake,0,1,0,9
photos for cakes,0,3,0,10
photos on cakes,0,8,0,8.1
photos on cakes near me,0,2,0,5
pick a cake,0,1,0,6
picture birthday cake,0,3,0,5.7
picture birthday cakes,0,1,0,7
picture cake,0,35,0,6.3
picture cake birthday,0,1,0,11
picture cake for birthday,0,3,0,7.7
picture cake happy birthday,0,2,0,11
picture cakes,0,8,0,7
picture cakes near me,0,1,0,11
picture cale,0,1,0,4
picture on a cake,0,2,0,4
picture on a cake near me,0,2,0,10
picture on birthday cake,0,1,0,11
picture on cake,0,2,0,8
picture on cake near me,0,1,0,7
picture on top of cake,0,1,0,9
picture print cake,0,1,0,5
picture printed on cake,0,3,0,5.3
pictures on cake,0,2,0,10
pictures on cakes,0,2,0,12.5
pictures on cakes near me,0,1,0,7
pie australia,0,1,0,22
pie bakery near me,0,4,0,12.5
pie near me,0,6,0,7
pie open near me,0,1,0,10
pie shop,0,2,0,12
pie shop near me,0,8,0,6.5
pie shop parramatta,0,3,0,15.7
pie shops,0,1,0,4
pie shops near me,0,2,0,4
piece cake near me,0,1,0,11
pies in sydney,0,1,0,13
pies near me,0,21,0,9.5
pies shop near me,0,2,0,24
pineapple,0,1,0,4
pineapple cake,0,7,0,4.9
pineapple cake near me,0,3,0,1
pineapple donuts,0,1,0,7
pineapple donuts near me,0,2,0,6
pink cake near me,0,2,0,7.5
pista barfi,0,2,0,2
pistachio cakes near me,0,1,0,12
pistachio croissant,0,1,0,1
pistachio croissant near me,0,1,0,6
pitt town bakery,0,7,0,10.1
places that print pictures on cakes,0,1,0,5
plain cake donuts near me,0,1,0,8
plain cake recipe,0,2,0,3
plain cakes,0,1,0,8
plain donuts near me,0,1,0,9
plain iced cakes,0,1,0,3
plain mini cupcakes,0,1,0,2
plain white cake,0,3,0,21
plum cake,0,1,0,4
pooja cakes,0,1,0,3
popular cake shops,0,1,0,20
popular cake toppers,0,1,0,8
popular cakes,0,1,0,31
popular cakes sydney,0,2,0,9
pregnancy cake,0,1,0,8
pregnancy cakes,0,1,0,8
pregnancy safe cake,0,1,0,1
premium bakery near me,0,2,0,43
premium bakery silverwater,0,54,0,10.2
premium cakes near me,0,1,0,57
premium cookies near me,0,3,0,7.3
price of a cake,0,1,0,3
princess cake swedish near me,0,1,0,9
print a cake,0,2,0,15
print birthday cake,0,1,0,4
print cake,0,160,0,14.1
print cakes,0,2,0,8
print face on cake,0,1,0,3
print image on cake,0,4,0,5.2
print on a cake,0,2,0,7.5
print out cake,0,1,0,8
print photo cake,0,2,0,4
print photo for cake,0,1,0,9
print photo on a cake,0,1,0,3
print picture on a cake,0,1,0,4
print picture on cake,0,7,0,6.4
print picture on cake near me,0,1,0,8
printable cakes,0,3,0,3
printed cake,0,41,0,10.7
printed cakes,0,18,0,5.5
printed cakes near me,0,1,0,8
printed image cake,0,1,0,5
printed photo on cake,0,1,0,9
printing on cake,0,3,0,7.7
printing on cakes,0,1,0,6
profiterole cake where to buy,0,2,0,10
promotion cake,0,1,0,5
promotion cakes,0,3,0,8
prospect bakery,0,2,0,7
puff near me,0,2,0,6
punjab bakery near me,0,1,0,1
punjabi bakery,0,3,0,27.3
punjabi bakery near me,0,2,0,18.5
punjabi eggless cake,0,8,0,19.8
pure veg cake shop,0,1,0,6
pure vegetarian bakery near me,0,1,0,10
purim cake,0,1,0,10
purple yam cake,0,1,0,4
put a photo on a cake,0,1,0,4
putting a photo on a cake,0,1,0,9
quakers bakery shop,0,2,0,11.5
quakers hill bakery,0,23,0,10
queena niuniu cake,0,1,0,5
quinceanera cakes,0,1,0,5
rabdi cake near me,0,1,0,11
ragda pattice,0,1,0,10
ragda pattice near me,0,1,0,15
rainbow cake,0,3,0,4.7
rainbow cake near me,0,3,0,10.3
ram bakery,0,1,0,10
ram cake,0,1,0,7
ras malai cake,0,7,0,5.1
rasagulla near me,0,1,0,2
rasamalai cake,0,2,0,1
rasgulla cake near me,0,5,0,5.6
rasgulla near me,0,3,0,17
rasmalai,0,2,0,7.5
rasmalai cake blacktown,0,6,0,5.8
rasmalai cake cost,0,1,0,10
rasmalai cake recipe,0,1,0,8
rasmalai cake shop near me,0,1,0,4
rasmalai cakes,0,1,0,11
rasmalai near me,0,4,0,19.2
rasmalai pastry near me,0,3,0,1.7
rasmalai tres leches cake near me,0,4,0,7
rasmalai.cake,0,1,0,7
rasmalak,0,1,0,8
rasmalay,0,1,0,16
rasmali cake,0,1,0,1
ready made cakes near me,0,1,0,7
realistic fruit dessert,0,1,0,8
recipe for plain cake,0,1,0,2
red velvet cake,0,8,0,7.9
red velvet cake near me,0,4,0,11.8
red velvet cake order,0,1,0,11
red velvet cake sydney,0,7,0,10.6
red velvet cakes sydney,0,2,0,6.5
red velvet sydney,0,1,0,12
replacement for eggs in cake,0,1,0,29
restaurant harris park,0,4,0,55.2
restaurant in riverstone,0,1,0,37
retirement cake delivery,0,1,0,4
retirement cakes,0,1,0,13
reviews,0,1,0,1
rice cakes near me,0,2,0,43.5
rice flower cake,0,1,0,5
richmond bakery cakes,0,1,0,13
riverstone bakery official website,0,2,0,7
riverstone cafes,0,1,0,18
riverstone coffee,0,3,0,7
riverstone coffee shop,0,5,0,8
riverstone food,0,25,0,24.4
riverstone shop,0,1,0,16
riverstone shops,0,14,0,8.2
riverstone takeaway,0,1,0,20
riverstonebakery.com,0,6,0,7
riverstones bakery,0,1,0,38
roma cakes,0,1,0,3
rooty hill bakery,0,1,0,10
rosanna cakes,0,1,0,3
rouse hill bakery,0,1,0,8
rouse hill cakes,0,2,0,11.5
rouse hill village bakery,0,1,0,8
ruf cinnamon rolls,0,1,0,5
rumi birthday cake,0,1,0,3
rumi cake near me,0,2,0,1.5
rumo rumo cake,0,1,0,38
ruse bakery,0,8,0,11.1
salt bread near me,0,2,0,5.5
salted caramel birthday cake,0,1,0,19
salted caramel cake,0,1,0,9
sambar near me,0,1,0,30
same day edible image printing,0,3,0,9
same day pick up cakes,0,1,0,2
samosa near me,0,1,0,38
samosa pastry sheets,0,1,0,4
samosa pizza,0,1,0,9
samosa pizza near me,0,2,0,3.5
sandwiches near me,0,1,0,14
sans rival cake sydney,0,3,0,61
santinas cakes,0,1,0,43
saraswati puja 2026 date,0,1,0,2
savoury pastries,0,1,0,7
scones near me,0,3,0,9.7
screen printed cake,0,2,0,3.5
sculpted cake,0,1,0,7
sculptural cakes,0,1,0,10
see you soon cake,0,2,0,4
sefton bakery,0,8,0,10.5
semi naked cake alexandria,0,8,0,7.1
semi naked cake chatswood,0,22,0,15.6
semi naked cake darlinghurst,0,38,0,12.7
senioras bakery,0,1,0,10
seoul public holiday 2026,0,1,0,4
shalvey bakery,0,4,0,9
sheet cake,0,1,0,6
sheet cake buy,0,1,0,5
sheet cake for 200 people,0,1,0,11
sheet cake near me,0,1,0,9
sheet cake order,0,1,0,8
sheet cake printed image,0,2,0,6.5
sheet cake serving size,0,1,0,5
sheet cake sydney,0,3,0,9.3
sheet cake with custom picture,0,1,0,3
sheet cake with image,0,1,0,6
shop cake,0,1,0,18
shops near me,0,2,0,17.5
shops that open at 6,0,1,0,20
show picture,0,1,0,1
singh bakery,0,1,0,6
size of cakes,0,1,0,3
sizes of cakes,0,1,0,7
slab cake,0,1,0,10
slab cake near me,0,1,0,20
slab cakes near me,0,1,0,10
slice cake,0,1,0,5
slice cake calories,0,1,0,9
slice of cake,0,1,0,2
slice of cake calories,0,3,0,8.7
small 4 inch cake,0,1,0,9
small birthday cake,0,1,0,10
small birthday cake near me,0,1,0,8
small cake,0,3,0,12.3
small cake near me,0,2,0,5.5
small cake price,0,1,0,8
small cake shop,0,1,0,1
small cakes near me,0,4,0,2.8
small cakes sydney,0,13,0,29.2
small eggless cake,0,1,0,1
small eggless cake near me,0,2,0,4
small mini cupcakes,0,1,0,2
small photo cake,0,3,0,7.3
small rasmalai cake,0,1,0,7
small slice of cake calories,0,1,0,10
small wedding cakes prices,0,1,0,37
smash cake,0,4,0,4.5
smash cake near me,0,1,0,59
smash cake sydney,0,10,0,7.1
smash cakes near me,0,1,0,11
smoothies near me,0,1,0,28
snack near me,0,1,0,8
snacks near me,0,2,0,19
snoopy birthday cake,0,1,0,7
so safe to eat?,0,1,0,3
soccer ball cake,0,2,0,4
soccer ball cakes,0,1,0,4
soccer birthday cake,0,1,0,34
soccer cake,0,1,0,15
soccer cakes,0,1,0,6
soccer cupcakes,0,1,0,15
soft cakes near me,0,1,0,8
south western sydney,0,1,0,4
speciality cakes near me,0,1,0,1
specialty cakes near me,0,1,0,25
spider man cake near me,0,1,0,2
spiderman cake,0,8,0,9.4
spiderman cupcakes,0,1,0,30
spidey cake near me,0,1,0,5
spinach and ricotta rolls near me,0,1,0,28
sponge cake near me,0,1,0,12
sponge vs cake,0,1,0,24
square cake serving size,0,1,0,9
sri lankan cake near me,0,1,0,3
standard cake size,0,3,0,12
standard cake sizes,0,1,0,23
standard cake sizes round,0,1,0,5
star shaped cake,0,2,0,7
stones bakery,0,3,0,32
stonewood bakery,0,1,0,40
strathfield cakes,0,1,0,11
strawberry birthday cake,0,1,0,14
strawberry cake birthday,0,1,0,9
strawberry cake slice,0,1,0,19
strawberry lemon cake,0,1,0,7
sugar free bakery,0,1,0,99
sugar free birthday cakes,0,1,0,77
sugar free cake,0,2,0,6.5
sugar free cake sydney,0,3,0,32.7
sugar free cake to buy,0,1,0,9
sugar free cakes sydney,0,4,0,48
sugar free dessert near me,0,1,0,20
sugar free desserts near me,0,2,0,25.5
sugar free eggless cake near me,0,1,0,5
sugarless bakery near me,0,2,0,27
sweet boondi near me,0,1,0,5
sweet bun near me,0,1,0,15
sweet food near me,0,1,0,9
sweet kg price,0,1,0,13
sweet land harris park,0,1,0,20
sweet near me,0,2,0,15.5
sweet pastry dough,0,1,0,8
sweet shop harris park,0,1,0,10
sweet shop in harris park,0,22,0,6.6
sweet shop near me,0,13,0,15.4
sweet shop near me indian,0,1,0,36
sweet street,0,1,0,20
sweet stuff near me,0,1,0,32
sweet tooth,0,1,0,4
sweet treat,0,1,0,10
sweet treat near me,0,2,0,11
sweet treats,0,1,0,23
sweet treats near me,0,3,0,12
sweets,0,1,0,16
sweets harris park,0,3,0,10.3
sweets near me,0,20,0,14.6
sweets near me indian,0,2,0,36
sweets near me open now,0,1,0,14
sweets per kg price,0,1,0,1
sweets rate,0,1,0,11
swiss roll,0,1,0,8
sydney,0,1,0,12
sydney best birthday cake,0,78,0,24.3
sydney best birthday cakes,0,18,0,23.7
sydney best cake,0,26,0,12.7
sydney best cake shop,0,1,0,14
sydney best chocolate cake,0,1,0,21
sydney best wedding cake,0,5,0,16.6
sydney best wedding cakes,0,16,0,14.9
sydney cake,0,1,0,75
sydney cake shop,0,14,0,64.1
sydney cake shops,0,1,0,66
sydney cake stores,0,1,0,60
sydney cake toppers online,0,1,0,8
sydney cakes,0,3,0,69.3
sydney corporate cake,0,1,0,10
sydney dairy free cake delivery,0,21,0,46.2
sydney dairy free cakes delivered,0,12,0,26
sydney dairy free cakes delivery,0,17,0,27.3
sydney durga puja 2026,0,1,0,4
sydney fruit cake,0,3,0,8
sydney fruit cakes,0,12,0,9.4
sydney office cake delivery,0,25,0,34.0
sydney office cakes,0,61,0,10.6
sydney wedding cake,0,16,0,18.8
sydney wedding cakes,0,21,0,22.3
take away food near me open now,0,1,0,1
takeaway riverstone,0,5,0,21.2
talawong,0,1,0,50
tannum bakehouse,0,2,0,33.5
tannum bakery,0,2,0,43
tannum sands bakery,0,1,0,46
taro cake,0,4,0,11.8
taro cake near me,0,1,0,10
tart shop sydney,0,1,0,88
tarts,0,1,0,12
tarts near me,0,1,0,8
tarun bakery,0,1,0,4
tcm cake,0,1,0,9
tea and cake,0,1,0,49
tea near me,0,1,0,6
teej 2026 date in nepal,0,1,0,1
teej cake,0,4,0,7.2
teej dar khane din 2026,0,3,0,9.3
teej date 2026 nepal,0,1,0,1
teej ko dar khane din 2026,0,2,0,9
thank you cookies near me,0,1,0,7
that dessert shop,0,1,0,9
that dessert shop sydney,0,3,0,11.3
the bakery place,0,1,0,8
the best cake,0,1,0,11
the best cake in sydney,0,7,0,9
the best cake shop in sydney,0,1,0,12
the best cakes,0,1,0,8
the dessert shop,0,11,0,9.4
the dessert shop near me,0,2,0,8.5
the eggless baker,0,1,0,7
the eggless cake shop,0,2,0,5
the magnolia bakery,0,1,0,57
the sum of sweets eggless cake,0,30,0,17
these,0,1,0,1
they sold out,0,1,0,1
thick cookies near me,0,1,0,7
thin slice of cake calories,0,1,0,1
thomas bakery,0,2,0,58.5
thornton bakery,0,1,0,38
three milk cake near me,0,1,0,1
tilla kulfi near me,0,1,0,42
tiramisu,0,14,0,7
tiramisu buy near me,0,1,0,5
tiramisu cake,0,13,0,8.2
tiramisu cake buy,0,1,0,7
tiramisu cake near me bakery,0,1,0,5
tiramisu cake slice,0,1,0,1
tiramisu cake sydney,0,1,0,3
tiramisu cakes,0,1,0,7
tiramisu magnum,0,1,0,4
tiramisu near me,0,18,0,8
tiramisu near me open now,0,2,0,12
tiramisu nearby,0,1,0,9
tiramisu parramatta,0,3,0,21
tiramisu shop near me,0,1,0,4
tiramisu stand,0,1,0,9
tiếng anh,0,1,0,1
to. cruise coconut cake,0,1,0,7
toddler cake restaurant,0,2,0,7
tom cakes,0,10,0,35.3
tom thumb bakery,0,1,0,27
tom's bakery,0,3,0,28
toongabbie bakery,0,1,0,11
top impression bakery north sydney,0,2,0,43.5
top impression north sydney,0,1,0,49
top rated bakery,0,3,0,8
top rated bakery near me,0,2,0,13
top rated birthday cake,0,2,0,5
top rated cake,0,3,0,13.3
top rated cake near me,0,1,0,4
top rated cake shop near me,0,13,0,4.4
top rated cake shops near me,0,2,0,12.5
top rated cakes,0,1,0,7
top rated cakes near me,0,2,0,6.5
top rated coffee near me,0,1,0,5
top rated dessert,0,1,0,10
top rated dessert near me,0,1,0,19
top rated desserts near me,0,1,0,1
top rated eggless cake near me,0,3,0,1
top rated food near me,0,1,0,26
top rated patisserie near me,0,2,0,10
toppers bakery,0,3,0,5
tree nut free bakery near me,0,1,0,62
treliche cake near me,0,1,0,10
tres leches cake near me,0,4,0,11
tres leches near me,0,2,0,3
tres leches where to buy,0,1,0,28
tumut bakery,0,4,0,40.2
two hearts bakery,0,1,0,11
two tarts tumut,0,2,0,55.5
types of modern cakes,0,1,0,1
ube cake near me,0,5,0,14.6
ube flan near me,0,1,0,8
uber bakery,0,1,0,4
uber cake delivery,0,1,0,5
uber eats bakery,0,1,0,3
umina bakery,0,10,0,50.2
unfilled sponge cake,0,1,0,1
unfinished cakes sydney,0,17,0,15.6
unique bday cake,0,1,0,6
unique birthday cake for 60 year old man near me,0,1,0,1
unique birthday cakes,0,2,0,9
unique cakes,0,4,0,8.8
unique cakes for birthday,0,1,0,9
unique desserts near me,0,1,0,16
uno bakery,0,1,0,22
v cakes,0,1,0,5
vanilla buttercream cake near me,0,1,0,1
vanilla cake calories per 100g,0,1,0,11
vanilla cake halal,0,1,0,12
vanilla cake near me,0,3,0,4
vanilla cake sydney,0,1,0,3
vanilla cakes near me,0,1,0,2
vanilla pastry,0,1,0,6
vanilla slice near me,0,1,0,3
vanilla sponge cake near me,0,1,0,3
vanilla sponge fruit cake,0,1,0,45
variety cake,0,1,0,4
veg brownies,0,1,0,12
veg cake,0,1,0,5
veg cake near me,0,9,0,7.8
veg cake shop,0,1,0,1
veg cake shop near me,0,5,0,8.8
veg cakes near me,0,3,0,6
veg puff,0,2,0,3
veg puff near me,0,4,0,2.8
veg puffs,0,1,0,10
vegan almond croissant near me,0,1,0,10
vegan bakeries near me,0,1,0,12
vegan bakeries sydney,0,1,0,16
vegan bakery,0,1,0,10
vegan bakery near me,0,1,0,5
vegan bakery sydney,0,1,0,9
vegan cake,0,10,0,9.6
vegan cake meaning,0,1,0,1
vegan cake same day delivery,0,1,0,9
vegan cake shop near me,0,1,0,1
vegan cake shop sydney,0,1,0,47
vegan cake vs regular cake,0,16,0,16
vegan cake windsor,0,1,0,8
vegan cakes cherrybrook,0,18,0,50
vegan cakes near me,0,2,0,5
vegan cakes parramatta,0,6,0,48.8
vegan cakes sydney,0,1,0,28
vegan carrot cake,0,1,0,9
vegan chocolate mousse cake,0,1,0,14
vegan cookies near me,0,1,0,2
vegan cupcake near me,0,1,0,1
vegan cupcakes,0,1,0,23
vegan dark chocolate cake,0,1,0,4
vegan dessert near me open now,0,1,0,10
vegan desserts near me,0,1,0,30
vegan muffins near me,0,1,0,1
vegan pastries near me,0,1,0,21
vegan pasty near me,0,1,0,8
vegan tiramisu near me,0,1,0,14
vegetarian bakery near me,0,1,0,4
vegetarian cake near me,0,3,0,4.7
vegetarian cake shop,0,1,0,1
vegetarian cake shop near me,0,1,0,4
vegetarian pie near me,0,1,0,9
veggie pies,0,1,0,5
victoria sponge cake near me,0,1,0,4
villawood bakery,0,1,0,9
walk in cake shop near me,0,1,0,12
walnut cake,0,1,0,7
warm desserts near me,0,1,0,45
watermelon cake,0,3,0,16.7
watermelon cake near me,0,2,0,4.5
watermelon cake parramatta,0,2,0,10
weather stanhope gardens,0,1,0,3
wedding cake average cost,0,1,0,39
wedding cake cost,0,1,0,30
wedding cake cost sydney,0,30,0,13.6
wedding cake for 100 people,0,1,0,12
wedding cake how much,0,1,0,23
wedding cake order,0,3,0,16
wedding cake prices sydney,0,28,0,22.6
wedding cake sydney,0,23,0,19.7
wedding cake tasting cost,0,1,0,10
wedding cake with fruit,0,1,0,20
wedding cakes & desserts sydney,0,103,0,13.3
wedding cakes barangaroo,0,7,0,82
wedding cakes inner west,0,13,0,19.5
wedding cakes near me,0,1,0,33
wedding cakes prices,0,1,0,38
wedding cakes sydney,0,42,0,24.1
wedding cakes sydney australia,0,4,0,14.2
"wedding cakes sydney,",0,1,0,28
wentworthville bakery,0,1,0,9
wentworthville cake shop,0,2,0,16.5
west end dessert,0,1,0,11
west ryde bakery,0,3,0,11.3
west ryde cake,0,1,0,12
western bakery,0,19,0,9.7
western sydney,0,1,0,3
westmead,0,1,0,4
what does vegan cake mean,0,1,0,10
what is a smash cake,0,1,0,17
what is a standard cake size,0,2,0,7.5
what is a standard round cake size,0,1,0,5
what is a topper on a cake,0,1,0,2
what is an eggless cake,0,1,0,1
what is butter scotch,0,1,0,4
what is eggless,0,1,0,11
what is eggless cake,0,4,0,2.2
what is the best tasting cake,0,1,0,10
what is the standard cake size,0,1,0,7
what makes a cake halal,0,4,0,7.8
what size cake feeds 100 people,0,1,0,6
what size cake feeds 15 people,0,1,0,5
what size cake for 35 people,0,1,0,4
what to use to replace eggs,0,1,0,27
whats a cake topper,0,5,0,4.2
whatsapp+dessert,0,1,0,9
when,0,1,0,1
when is teej 2026 in nepal,0,1,0,1
when is teej in nepali date 2026,0,1,0,1
where can i buy a cake,0,1,0,74
where can i buy a gluten free cake,0,2,0,6
where can i buy an eggless cake,0,2,0,6
where can i buy eggless cake,0,7,0,7
where can i buy eggless cake near me,0,2,0,3
where can i buy focaccia,0,1,0,12
where can i buy focaccia bread near me,0,1,0,18
where can i buy pastries near me,0,1,0,7
where can i buy them,0,1,0,5
where can i find eggless cakes near me,0,1,0,3
where can i get a cake with a picture on it,0,1,0,8
where can i get a photo put on a cake?,0,1,0,9
where can i get edible images printed near me,0,1,0,6
where can i get eggless cake near me,0,4,0,5.5
where can i get kulcha bread near me,0,1,0,2
where can i get num noms,0,1,0,2
where can i order a cake with a photo on it,0,1,0,6
where can i print edible images near me,0,2,0,7
where to buy birthday cake near me,0,1,0,2
where to buy brazo de mercedes,0,2,0,6.5
where to buy cake near me,0,1,0,5
where to buy cake smash cakes,0,1,0,12
where to buy cakes near me,0,3,0,6.7
where to buy cookies near me,0,1,0,7
where to buy desserts near me,0,1,0,11
where to buy egg free cake,0,1,0,11
where to buy eggless cupcakes near me,0,1,0,5
where to buy fruit cake,0,1,0,2
where to buy fruit shaped pastries,0,1,0,24
where to buy ghee,0,3,0,1
where to buy jungle juice,0,1,0,5
where to buy mini cakes for afternoon tea,0,1,0,5
where to buy mochi donuts,0,1,0,18
where to buy nut free desserts,0,1,0,7
where to buy red velvet cake near me,0,1,0,1
where to buy sweet puff,0,1,0,74
where to buy tiramisu,0,1,0,34
where to buy tres leches cake near me,0,1,0,1
where to buy undecorated cakes near me,0,1,0,57
where to get a birthday cake near me,0,1,0,18
where to get a cake with a picture printed on it,0,1,0,9
where to get a picture printed on a cake,0,1,0,7
where to get cake near me,0,1,0,3
where to get edible images printed near me,0,1,0,8
where to get eggless cake near me,0,1,0,4
where to get good donuts near me,0,1,0,6
where to get smash cake,0,1,0,11
where to go at night near me,0,1,0,53
where to order cupcakes,0,1,0,10
where to order smash cake for baby,0,1,0,13
where to print edible images for cakes near me,0,119,0,26.5
which better,0,1,0,1
which cake is best,0,3,0,9.7
which cake is better egg or eggless,0,1,0,9
which cake tastes better egg or eggless,0,1,0,9
which eggless cake is best?,0,2,0,10.5
which is the best,0,1,0,4
which lasts longer,0,1,0,2
white flower pattern,0,1,0,9
white forest cake,0,6,0,8.2
white forest cake near me,0,4,0,8.5
white kulcha bread,0,1,0,3
who makes photo cakes near me,0,1,0,4
whole cake calories,0,1,0,7
wholesale cakes for cafes,0,3,0,23
wholesale cakes for restaurants,0,3,0,31.3
wholesale cakes sydney,0,5,0,65.2
wholesale celebration custom cake,0,3,0,12.7
why eggless cake is costly,0,2,0,10
whynum,0,1,0,12
wikidata,0,1,0,3
winston bakery,0,1,0,11
woodville bakery,0,1,0,11
would it be safe?,0,1,0,4
www.nums,0,1,0,8
wynnum bakery,0,3,0,41.3
wynnum plaza bakery,0,1,0,97
wynnum west bakery,0,1,0,45
y&m patisserie,0,1,0,51
yema cake,0,1,0,4
yema cake near me,0,1,0,8
yes,0,3,0,5.3
yes bakery,0,4,0,8.8
yes eggless,0,1,0,7
yes please,0,3,0,2.3
yoona baking,0,28,0,39.5
yum num,0,1,0,1
yuzu cake sydney,0,1,0,45
zhong qiu jie 2026,0,1,0,12
zomato cake order,0,1,0,1
zumbo patisserie sydney stores,0,1,0,84
여긴 호주야,0,1,0,9
